{"swagger":"2.0","info":{"version":"v1-REST","title":"SuperOffice REST API v1","description":"SuperOffice REST API - Role","termsOfService":"You must be an authorized user to access this API.","contact":{"name":"SuperOffice DevNet","url":"https://docs.superoffice.com/en/api/index.html","email":"sdk@superoffice.com"}},"host":"localhost:52427","schemes":["http","https"],"paths":{"/api/v1/Role/default":{"get":{"tags":["Role"],"summary":"Set default values into a new RoleEntity.","description":"NetServer calculates default values on the entity, which is required when creating/storing a new instance\r\n<para />## Online Restricted: ## The User agent is not available in Online by default. User management is not allowed for partner apps. Calls the User agent service CreateDefaultRoleEntity.\r\nNsApiSlow threshold: 2000 ms.","operationId":"v1RoleEntity_DefaultRoleEntity","consumes":[],"produces":["application/json","text/json","application/xml","text/xml","application/json-patch+json","application/merge-patch+json"],"parameters":[{"name":"Accept-Language","in":"header","description":"Convert string references and multi-language values into a specified language (iso2) code.","required":false,"type":"string"},{"name":"SO-Language","in":"header","description":"Convert string references and multi-language values into a specified language (iso2) code. Overrides Accept-Language value.","required":false,"type":"string"},{"name":"SO-Culture","in":"header","description":"Number, date formatting in a specified culture (iso2 language) code. Partially overrides SO-Language/Accept-Language value. Ignored if no Language set.","required":false,"type":"string"},{"name":"SO-TimeZone","in":"header","description":"Specify the timezone code that you would like date/time responses converted to.","required":false,"type":"string"},{"name":"SO-AppToken","in":"header","description":"The application token that identifies the partner app. Used when calling Online WebAPI from a server.","required":false,"type":"string"}],"responses":{"200":{"description":"OK","schema":{"$ref":"#/definitions/SuperOffice.CRM.Services.RoleEntity"}}},"security":[{"SuperOffice Password":[],"SuperId Authentication":[]}]}},"/api/v1/Role":{"get":{"tags":["Role"],"summary":"OData list of all RoleEntity.","description":"Can be sorted and further filtered using OData conventions:\r\n\r\n* Role?$select=col1,col2,abc/col3\r\n* Role?$filter=col1 eq 'foo' and startswith(col2, 'baz')\r\n* Role?$orderby=abc/col3,col1\r\n* Role?$top=1000\r\n* Role?$mode=full\r\n\r\n\r\nOData returns XML or JSON carriers depending on the Accept headers.\r\n\r\n\r\nCalls the Archive service using the \"Role\" archive.\r\n\r\n\r\n## Filter Operators: ##\r\n\r\nints: eq =, ne, le, lt, gt, ge, set, equals, greater, less, unequals, between\r\n\r\nstrings: contains, is, notBegins, notContains, isNot\r\n\r\nassociate: associateIsOneOf, associateIsNotOneOf,  \r\n\r\nlist ids: oneOf, NotOneOf, \r\n\r\ndates: before, date, after, dateBetween, beforeToday\r\n\r\nUnary ops: currentAssociate, beforeToday, today, afterToday, lastWeek, thisWeek, nextWeek, lastMonth, thisMonth, nextMonth, lastQuarter, thisQuarter, nextQuarter, thisHalf, thisYear\r\n\r\nFuncs: substringof(a,b), startswith(a,b), endswith(a,b), this(f,period), next(f,n,period), previous(f,n,period), thisAndNext(f,n,period), thisAndPrevious(f,n,period), thisAndPreviousAndNext(f,period)\r\n","operationId":"v1RoleEntity_GetAll","consumes":[],"produces":["application/json","text/json","application/xml","text/xml","application/json-patch+json","application/merge-patch+json"],"parameters":[{"name":"$select","in":"query","description":"Comma separated list of column names to return. \"nameDepartment,fullname,category\". Can also use aggregation functions and modifiers: \"Count(category):Footer\"","required":false,"type":"string"},{"name":"$filter","in":"query","description":"Expression to restrict the results. e.g.: \"name begins 'foo' and category gt 1\"","required":false,"type":"string"},{"name":"$orderBy","in":"query","description":"Comma separated list of column names to sort by, with optional direction. \"name asc,fullname,category desc\"","required":false,"type":"string"},{"name":"$entities","in":"query","description":"Comma separated list of entity names to use. Default = \"\". \"contact, person\"","required":false,"type":"string"},{"name":"$top","in":"query","description":"Number of rows to return in results","required":false,"type":"integer","format":"int32"},{"name":"$skip","in":"query","description":"Number of rows from database to skip before returning results","required":false,"type":"integer","format":"int32"},{"name":"$mode","in":"query","description":"FULL (with raw values and hints for each value) or SLIM (just the display values)","required":false,"type":"string","enum":["Slim","Wide","Full"]},{"name":"$options","in":"query","description":"Provider specific options. e.g: \"GrandTotal=true\"","required":false,"type":"string"},{"name":"$context","in":"query","description":"Provider specific context parameter.","required":false,"type":"string"},{"name":"$format","in":"query","description":"Set XML or JSON output format; override the format determined from Accept header.","required":false,"type":"string"},{"name":"$jsonSafe","in":"query","description":"Make output names into JSON safe property names. Replace all unsafe characters with _ underscore.","required":false,"type":"boolean"},{"name":"$output","in":"query","description":"Return Logical or Display values in SLIM mode. Logical returns true/false for booleans, Display returns icon hints. Dates are always returned as ISO strings.","required":false,"type":"string","enum":["Logical","Display"]},{"name":"Accept-Language","in":"header","description":"Convert string references and multi-language values into a specified language (iso2) code.","required":false,"type":"string"},{"name":"SO-Language","in":"header","description":"Convert string references and multi-language values into a specified language (iso2) code. Overrides Accept-Language value.","required":false,"type":"string"},{"name":"SO-Culture","in":"header","description":"Number, date formatting in a specified culture (iso2 language) code. Partially overrides SO-Language/Accept-Language value. Ignored if no Language set.","required":false,"type":"string"},{"name":"SO-TimeZone","in":"header","description":"Specify the timezone code that you would like date/time responses converted to.","required":false,"type":"string"},{"name":"SO-AppToken","in":"header","description":"The application token that identifies the partner app. Used when calling Online WebAPI from a server.","required":false,"type":"string"}],"responses":{"200":{"description":"OK","schema":{"$ref":"#/definitions/SuperOffice.Services.WebApi.OData.ODataSlimResponse"}}},"security":[{"SuperOffice Password":[],"SuperId Authentication":[]}]},"post":{"tags":["Role"],"summary":"Creates a new RoleEntity","description":"Calls the User agent service SaveRoleEntity.\r\nNsApiSlow threshold: 2000 ms.\r\n<para />## Online Restricted: ## The User agent is not available in Online by default. User management is not allowed for partner apps.","operationId":"v1RoleEntity_PostRoleEntity","consumes":["application/json","text/json","application/xml","text/xml","application/x-www-form-urlencoded","application/json-patch+json","application/merge-patch+json"],"produces":["application/json","text/json","application/xml","text/xml","application/json-patch+json","application/merge-patch+json"],"parameters":[{"name":"newEntity","in":"body","description":"The RoleEntity to be saved.","required":true,"schema":{"$ref":"#/definitions/SuperOffice.CRM.Services.RoleEntity"}},{"name":"$select","in":"query","description":"Optional comma separated list of properties to include in the result. Other fields are then nulled out to reduce payload size: \"Name,department,category\" Default = show all fields.","required":false,"type":"string"},{"name":"Accept-Language","in":"header","description":"Convert string references and multi-language values into a specified language (iso2) code.","required":false,"type":"string"},{"name":"SO-Language","in":"header","description":"Convert string references and multi-language values into a specified language (iso2) code. Overrides Accept-Language value.","required":false,"type":"string"},{"name":"SO-Culture","in":"header","description":"Number, date formatting in a specified culture (iso2 language) code. Partially overrides SO-Language/Accept-Language value. Ignored if no Language set.","required":false,"type":"string"},{"name":"SO-TimeZone","in":"header","description":"Specify the timezone code that you would like date/time responses converted to.","required":false,"type":"string"},{"name":"SO-AppToken","in":"header","description":"The application token that identifies the partner app. Used when calling Online WebAPI from a server.","required":false,"type":"string"}],"responses":{"200":{"description":"OK","schema":{"$ref":"#/definitions/SuperOffice.WebApi.v1.Carriers.UserCarriers.RoleEntityWithLinks"}}},"security":[{"SuperOffice Password":[],"SuperId Authentication":[]}]}},"/api/v1/Role/{id}":{"get":{"tags":["Role"],"summary":"Gets a RoleEntity object.","description":"Calls the User agent service GetRoleEntity.\r\nNsApiSlow threshold: 2000 ms.\r\n<para />## Online Restricted: ## The User agent is not available in Online by default. User management is not allowed for partner apps.","operationId":"v1RoleEntity_GetRoleEntity","consumes":[],"produces":["application/json","text/json","application/xml","text/xml","application/json-patch+json","application/merge-patch+json"],"parameters":[{"name":"id","in":"path","description":"The id of the RoleEntity to return.","required":true,"type":"integer","format":"int32"},{"name":"$select","in":"query","description":"Optional comma separated list of properties to include in the result. Other fields are then nulled out to reduce payload size: \"Name,department,category\" Default = show all fields.","required":false,"type":"string"},{"name":"Accept-Language","in":"header","description":"Convert string references and multi-language values into a specified language (iso2) code.","required":false,"type":"string"},{"name":"SO-Language","in":"header","description":"Convert string references and multi-language values into a specified language (iso2) code. Overrides Accept-Language value.","required":false,"type":"string"},{"name":"SO-Culture","in":"header","description":"Number, date formatting in a specified culture (iso2 language) code. Partially overrides SO-Language/Accept-Language value. Ignored if no Language set.","required":false,"type":"string"},{"name":"SO-TimeZone","in":"header","description":"Specify the timezone code that you would like date/time responses converted to.","required":false,"type":"string"},{"name":"SO-AppToken","in":"header","description":"The application token that identifies the partner app. Used when calling Online WebAPI from a server.","required":false,"type":"string"}],"responses":{"200":{"description":"RoleEntity found.","schema":{"$ref":"#/definitions/SuperOffice.WebApi.v1.Carriers.UserCarriers.RoleEntityWithLinks"}},"404":{"description":"Not Found."}},"security":[{"SuperOffice Password":[],"SuperId Authentication":[]}]},"put":{"tags":["Role"],"summary":"Updates the existing RoleEntity","description":"NsApiSlow threshold: 2000 ms.\r\n<para />## Online Restricted: ## The User agent is not available in Online by default. User management is not allowed for partner apps.","operationId":"v1RoleEntity_PutRoleEntity","consumes":["application/json","text/json","application/xml","text/xml","application/x-www-form-urlencoded","application/json-patch+json","application/merge-patch+json"],"produces":["application/json","text/json","application/xml","text/xml","application/json-patch+json","application/merge-patch+json"],"parameters":[{"name":"id","in":"path","description":"The RoleEntity id to update.","required":true,"type":"integer","format":"int32"},{"name":"entity","in":"body","description":"The RoleEntity to be saved.","required":true,"schema":{"$ref":"#/definitions/SuperOffice.CRM.Services.RoleEntity"}},{"name":"$select","in":"query","description":"Optional comma separated list of properties to include in the result. Other fields are then nulled out to reduce payload size: \"Name,department,category\" Default = show all fields.","required":false,"type":"string"},{"name":"Accept-Language","in":"header","description":"Convert string references and multi-language values into a specified language (iso2) code.","required":false,"type":"string"},{"name":"SO-Language","in":"header","description":"Convert string references and multi-language values into a specified language (iso2) code. Overrides Accept-Language value.","required":false,"type":"string"},{"name":"SO-Culture","in":"header","description":"Number, date formatting in a specified culture (iso2 language) code. Partially overrides SO-Language/Accept-Language value. Ignored if no Language set.","required":false,"type":"string"},{"name":"SO-TimeZone","in":"header","description":"Specify the timezone code that you would like date/time responses converted to.","required":false,"type":"string"},{"name":"SO-AppToken","in":"header","description":"The application token that identifies the partner app. Used when calling Online WebAPI from a server.","required":false,"type":"string"}],"responses":{"200":{"description":"RoleEntity updated.","schema":{"$ref":"#/definitions/SuperOffice.WebApi.v1.Carriers.UserCarriers.RoleEntityWithLinks"}},"400":{"description":"Bad request. Entity to save is not in request body."}},"security":[{"SuperOffice Password":[],"SuperId Authentication":[]}]}},"/api/v1/Role/{roleIdToDelete}":{"delete":{"tags":["Role"],"summary":"Delete the specified role and move all users associated with the role to the replacingRoleId","description":"<para />## Online Restricted: ## The User agent is not available in Online by default. User management is not allowed for partner apps.","operationId":"v1RoleEntity_DeleteRole","consumes":[],"produces":[],"parameters":[{"name":"roleIdToDelete","in":"path","description":"The roleId to delete","required":true,"type":"integer","format":"int32"},{"name":"replacingRoleId","in":"query","description":"The roleId which all associated users will be moved to.","required":false,"type":"integer","format":"int32"},{"name":"SO-AppToken","in":"header","description":"The application token that identifies the partner app. Used when calling Online WebAPI from a server.","required":false,"type":"string"}],"responses":{"204":{"description":"No Content"}},"security":[{"SuperOffice Password":[],"SuperId Authentication":[]}]}},"/api/v1/Role/{roleType}":{"get":{"tags":["Role"],"summary":"Get a list of all roles for the given type of role.","description":"MDO List name = 'Roles', extra='0' (roleType) \r\n<para />## Online Restricted: ## The User agent is not available in Online by default. User management is not allowed for partner apps.","operationId":"v1RoleEntity_GetAllRoles","consumes":[],"produces":["application/json","text/json","application/xml","text/xml","application/json-patch+json","application/merge-patch+json"],"parameters":[{"name":"roleType","in":"path","description":"Type of role (Employee/External/Anonymous/System)","required":true,"type":"string","enum":["Employee","ExternalUser","Anonymous","System"]},{"name":"Accept-Language","in":"header","description":"Convert string references and multi-language values into a specified language (iso2) code.","required":false,"type":"string"},{"name":"SO-Language","in":"header","description":"Convert string references and multi-language values into a specified language (iso2) code. Overrides Accept-Language value.","required":false,"type":"string"},{"name":"SO-Culture","in":"header","description":"Number, date formatting in a specified culture (iso2 language) code. Partially overrides SO-Language/Accept-Language value. Ignored if no Language set.","required":false,"type":"string"},{"name":"SO-TimeZone","in":"header","description":"Specify the timezone code that you would like date/time responses converted to.","required":false,"type":"string"},{"name":"SO-AppToken","in":"header","description":"The application token that identifies the partner app. Used when calling Online WebAPI from a server.","required":false,"type":"string"}],"responses":{"200":{"description":"OK","schema":{"type":"array","items":{"$ref":"#/definitions/SuperOffice.CRM.Services.SelectableMDOListItem"}}}},"security":[{"SuperOffice Password":[],"SuperId Authentication":[]}]}},"/api/v1/Role/{roleType}/FunctionRight":{"get":{"tags":["Role"],"summary":"Get a list of all functional rights for the given type of role.","description":"MDO List name = 'FunctionRights', extra='roleType=0' \r\n<para />## Online Restricted: ## The User agent is not available in Online by default. User management is not allowed for partner apps.","operationId":"v1RoleEntity_GetAllFunctionalRights","consumes":[],"produces":["application/json","text/json","application/xml","text/xml","application/json-patch+json","application/merge-patch+json"],"parameters":[{"name":"roleType","in":"path","description":"Type of role (Employee/External/Anonymous/System)","required":true,"type":"string","enum":["Employee","ExternalUser","Anonymous","System"]},{"name":"Accept-Language","in":"header","description":"Convert string references and multi-language values into a specified language (iso2) code.","required":false,"type":"string"},{"name":"SO-Language","in":"header","description":"Convert string references and multi-language values into a specified language (iso2) code. Overrides Accept-Language value.","required":false,"type":"string"},{"name":"SO-Culture","in":"header","description":"Number, date formatting in a specified culture (iso2 language) code. Partially overrides SO-Language/Accept-Language value. Ignored if no Language set.","required":false,"type":"string"},{"name":"SO-TimeZone","in":"header","description":"Specify the timezone code that you would like date/time responses converted to.","required":false,"type":"string"},{"name":"SO-AppToken","in":"header","description":"The application token that identifies the partner app. Used when calling Online WebAPI from a server.","required":false,"type":"string"}],"responses":{"200":{"description":"OK","schema":{"type":"array","items":{"$ref":"#/definitions/SuperOffice.CRM.Services.SelectableMDOListItem"}}}},"security":[{"SuperOffice Password":[],"SuperId Authentication":[]}]}},"/api/v1/Role/{roleId}/DataRight/{relationToOwner}":{"get":{"tags":["Role"],"summary":"Get a list of all data rights for the given role, filtered by relation to owner.","description":"MDO List name = 'DataRights', extra='roleType=0'.\r\n<para />## Online Restricted: ## The User agent is not available in Online by default. User management is not allowed for partner apps.","operationId":"v1RoleEntity_GetAllDataRights","consumes":[],"produces":["application/json","text/json","application/xml","text/xml","application/json-patch+json","application/merge-patch+json"],"parameters":[{"name":"roleId","in":"path","description":"The role id to set the functional rights for","required":true,"type":"integer","format":"int32"},{"name":"relationToOwner","in":"path","description":"The id of the relation to owner","required":true,"type":"string","enum":["MyOwn","PrimaryGroup","OtherAssociates","OtherGroups","ExternalUser","Anonymous","MyCompany","SameProject","CustomObjects"]},{"name":"Accept-Language","in":"header","description":"Convert string references and multi-language values into a specified language (iso2) code.","required":false,"type":"string"},{"name":"SO-Language","in":"header","description":"Convert string references and multi-language values into a specified language (iso2) code. Overrides Accept-Language value.","required":false,"type":"string"},{"name":"SO-Culture","in":"header","description":"Number, date formatting in a specified culture (iso2 language) code. Partially overrides SO-Language/Accept-Language value. Ignored if no Language set.","required":false,"type":"string"},{"name":"SO-TimeZone","in":"header","description":"Specify the timezone code that you would like date/time responses converted to.","required":false,"type":"string"},{"name":"SO-AppToken","in":"header","description":"The application token that identifies the partner app. Used when calling Online WebAPI from a server.","required":false,"type":"string"}],"responses":{"200":{"description":"OK","schema":{"type":"object","additionalProperties":{"type":"string"}}}},"security":[{"SuperOffice Password":[],"SuperId Authentication":[]}]}},"/api/v1/Role/{roleId}/FunctionRight":{"get":{"tags":["Role"],"summary":"Get all functional rights for the given role.","description":"Functional rights not set on the role are not included. MDO List name = 'FunctionRights', extra='role=123'\r\n<para />## Online Restricted: ## The User agent is not available in Online by default. User management is not allowed for partner apps.","operationId":"v1RoleEntity_GetFunctionalRights","consumes":[],"produces":["application/json","text/json","application/xml","text/xml","application/json-patch+json","application/merge-patch+json"],"parameters":[{"name":"roleId","in":"path","description":"The role id to get the functional rights for.","required":true,"type":"integer","format":"int32"},{"name":"Accept-Language","in":"header","description":"Convert string references and multi-language values into a specified language (iso2) code.","required":false,"type":"string"},{"name":"SO-Language","in":"header","description":"Convert string references and multi-language values into a specified language (iso2) code. Overrides Accept-Language value.","required":false,"type":"string"},{"name":"SO-Culture","in":"header","description":"Number, date formatting in a specified culture (iso2 language) code. Partially overrides SO-Language/Accept-Language value. Ignored if no Language set.","required":false,"type":"string"},{"name":"SO-TimeZone","in":"header","description":"Specify the timezone code that you would like date/time responses converted to.","required":false,"type":"string"},{"name":"SO-AppToken","in":"header","description":"The application token that identifies the partner app. Used when calling Online WebAPI from a server.","required":false,"type":"string"}],"responses":{"200":{"description":"OK","schema":{"type":"array","items":{"$ref":"#/definitions/SuperOffice.CRM.Services.SelectableMDOListItem"}}}},"security":[{"SuperOffice Password":[],"SuperId Authentication":[]}]},"put":{"tags":["Role"],"summary":"Set all functional rights for the given role.","description":"Functional rights not specified here will be removed from the role. \r\n<para />## Online Restricted: ## The User agent is not available in Online by default. User management is not allowed for partner apps.","operationId":"v1RoleEntity_SetFunctionalRights","consumes":["application/json","text/json","application/xml","text/xml","application/x-www-form-urlencoded","application/json-patch+json","application/merge-patch+json"],"produces":[],"parameters":[{"name":"roleId","in":"path","description":"The role id to set the functional rights for","required":true,"type":"integer","format":"int32"},{"name":"functionalRightIds","in":"body","description":"An array of functional rights ids to set for this role. Rights not included here are removed from the role.","required":true,"schema":{"type":"array","items":{"format":"int32","type":"integer"}}},{"name":"SO-AppToken","in":"header","description":"The application token that identifies the partner app. Used when calling Online WebAPI from a server.","required":false,"type":"string"}],"responses":{"204":{"description":"No Content"}},"security":[{"SuperOffice Password":[],"SuperId Authentication":[]}]}},"/api/v1/Role/{roleId}/DataRight/{tableName}/{relationToOwner}":{"get":{"tags":["Role"],"summary":"Read one specific data right at the given position.","description":"An exception will be thrown if non existing position is specified.\r\n<para />## Online Restricted: ## The User agent is not available in Online by default. User management is not allowed for partner apps.","operationId":"v1RoleEntity_GetDataRight","consumes":[],"produces":["application/json","text/json","application/xml","text/xml","application/json-patch+json","application/merge-patch+json"],"parameters":[{"name":"roleId","in":"path","description":"The role id to set the data right for","required":true,"type":"integer","format":"int32"},{"name":"tableName","in":"path","description":"The name of the entity/table","required":true,"type":"string"},{"name":"relationToOwner","in":"path","description":"The id of the relation to owner","required":true,"type":"string","enum":["MyOwn","PrimaryGroup","OtherAssociates","OtherGroups","ExternalUser","Anonymous","MyCompany","SameProject","CustomObjects"]},{"name":"Accept-Language","in":"header","description":"Convert string references and multi-language values into a specified language (iso2) code.","required":false,"type":"string"},{"name":"SO-Language","in":"header","description":"Convert string references and multi-language values into a specified language (iso2) code. Overrides Accept-Language value.","required":false,"type":"string"},{"name":"SO-Culture","in":"header","description":"Number, date formatting in a specified culture (iso2 language) code. Partially overrides SO-Language/Accept-Language value. Ignored if no Language set.","required":false,"type":"string"},{"name":"SO-TimeZone","in":"header","description":"Specify the timezone code that you would like date/time responses converted to.","required":false,"type":"string"},{"name":"SO-AppToken","in":"header","description":"The application token that identifies the partner app. Used when calling Online WebAPI from a server.","required":false,"type":"string"}],"responses":{"200":{"description":"OK","schema":{"type":"string"}}},"security":[{"SuperOffice Password":[],"SuperId Authentication":[]}]},"put":{"tags":["Role"],"summary":"Set one specific data right at the given position.","description":"An exception will be thrown if non existing position is specified.\r\n<para />## Online Restricted: ## The User agent is not available in Online by default. User management is not allowed for partner apps.","operationId":"v1RoleEntity_SetDataRight","consumes":[],"produces":[],"parameters":[{"name":"roleId","in":"path","description":"The role id to set the data right for","required":true,"type":"integer","format":"int32"},{"name":"tableName","in":"path","description":"The name of the entity/table","required":true,"type":"string"},{"name":"relationToOwner","in":"path","description":"The id of the relation to owner","required":true,"type":"string","enum":["MyOwn","PrimaryGroup","OtherAssociates","OtherGroups","ExternalUser","Anonymous","MyCompany","SameProject","CustomObjects"]},{"name":"dataRightValue","in":"query","description":"The data right value to set at the specified position (CRUD)","required":true,"type":"string"},{"name":"SO-AppToken","in":"header","description":"The application token that identifies the partner app. Used when calling Online WebAPI from a server.","required":false,"type":"string"}],"responses":{"204":{"description":"No Content"}},"security":[{"SuperOffice Password":[],"SuperId Authentication":[]}]}},"/api/v1/Role/{roleId}/DataRight/{tableName}":{"get":{"tags":["Role"],"summary":"Read specific a set of data rights at the given row in the rights matrix.","description":"An exception will be thrown if non existing position is specified.\r\n<para />## Online Restricted: ## The User agent is not available in Online by default. User management is not allowed for partner apps.","operationId":"v1RoleEntity_GetDataRights","consumes":[],"produces":["application/json","text/json","application/xml","text/xml","application/json-patch+json","application/merge-patch+json"],"parameters":[{"name":"roleId","in":"path","description":"The role id to set the data right for","required":true,"type":"integer","format":"int32"},{"name":"tableName","in":"path","description":"The name of the entity/table","required":true,"type":"string"},{"name":"Accept-Language","in":"header","description":"Convert string references and multi-language values into a specified language (iso2) code.","required":false,"type":"string"},{"name":"SO-Language","in":"header","description":"Convert string references and multi-language values into a specified language (iso2) code. Overrides Accept-Language value.","required":false,"type":"string"},{"name":"SO-Culture","in":"header","description":"Number, date formatting in a specified culture (iso2 language) code. Partially overrides SO-Language/Accept-Language value. Ignored if no Language set.","required":false,"type":"string"},{"name":"SO-TimeZone","in":"header","description":"Specify the timezone code that you would like date/time responses converted to.","required":false,"type":"string"},{"name":"SO-AppToken","in":"header","description":"The application token that identifies the partner app. Used when calling Online WebAPI from a server.","required":false,"type":"string"}],"responses":{"200":{"description":"OK","schema":{"type":"object","additionalProperties":{"type":"string"}}}},"security":[{"SuperOffice Password":[],"SuperId Authentication":[]}]}},"/api/v1/Role/{type}/Default":{"get":{"tags":["Role"],"summary":"Create a new role entity of the specified role type.","description":"The role type cannot be changed after the entity is created.\r\n<para />## Online Restricted: ## The User agent is not available in Online by default. User management is not allowed for partner apps.","operationId":"v1RoleEntity_CreateDefaultRoleEntityFromType","consumes":[],"produces":["application/json","text/json","application/xml","text/xml","application/json-patch+json","application/merge-patch+json"],"parameters":[{"name":"type","in":"path","description":"Type of role (Employee/External/Anonymous/System)","required":true,"type":"string","enum":["Employee","ExternalUser","Anonymous","System"]},{"name":"Accept-Language","in":"header","description":"Convert string references and multi-language values into a specified language (iso2) code.","required":false,"type":"string"},{"name":"SO-Language","in":"header","description":"Convert string references and multi-language values into a specified language (iso2) code. Overrides Accept-Language value.","required":false,"type":"string"},{"name":"SO-Culture","in":"header","description":"Number, date formatting in a specified culture (iso2 language) code. Partially overrides SO-Language/Accept-Language value. Ignored if no Language set.","required":false,"type":"string"},{"name":"SO-TimeZone","in":"header","description":"Specify the timezone code that you would like date/time responses converted to.","required":false,"type":"string"},{"name":"SO-AppToken","in":"header","description":"The application token that identifies the partner app. Used when calling Online WebAPI from a server.","required":false,"type":"string"}],"responses":{"200":{"description":"OK","schema":{"$ref":"#/definitions/SuperOffice.CRM.Services.RoleEntity"}}},"security":[{"SuperOffice Password":[],"SuperId Authentication":[]}]}},"/api/v1/Role/WithFunctionRight/{functionalRightName}":{"get":{"tags":["Role"],"summary":"Find all roles with a given functional right.","description":"The roles matched must contain the specified functional right. \r\n<para />## Online Restricted: ## The User agent is not available in Online by default. User management is not allowed for partner apps.","operationId":"v1RoleEntity_FindRolesWithFunctionalRight","consumes":[],"produces":["application/json","text/json","application/xml","text/xml","application/json-patch+json","application/merge-patch+json"],"parameters":[{"name":"functionalRightName","in":"path","description":"Functional right name to search for","required":true,"type":"string"},{"name":"Accept-Language","in":"header","description":"Convert string references and multi-language values into a specified language (iso2) code.","required":false,"type":"string"},{"name":"SO-Language","in":"header","description":"Convert string references and multi-language values into a specified language (iso2) code. Overrides Accept-Language value.","required":false,"type":"string"},{"name":"SO-Culture","in":"header","description":"Number, date formatting in a specified culture (iso2 language) code. Partially overrides SO-Language/Accept-Language value. Ignored if no Language set.","required":false,"type":"string"},{"name":"SO-TimeZone","in":"header","description":"Specify the timezone code that you would like date/time responses converted to.","required":false,"type":"string"},{"name":"SO-AppToken","in":"header","description":"The application token that identifies the partner app. Used when calling Online WebAPI from a server.","required":false,"type":"string"}],"responses":{"200":{"description":"OK","schema":{"type":"array","items":{"$ref":"#/definitions/SuperOffice.CRM.Services.MDOListItem"}}}},"security":[{"SuperOffice Password":[],"SuperId Authentication":[]}]}}},"definitions":{"SuperOffice.CRM.Services.RoleEntity":{"description":"Carrier object for RoleEntity.\r\nServices for the RoleEntity Carrier is available from the <see cref=\"T:SuperOffice.CRM.Services.IUserAgent\">User Agent</see>.","type":"object","properties":{"RoleId":{"format":"int32","description":"Primary key","type":"integer"},"Name":{"description":"Visible role name","type":"string"},"Tooltip":{"description":"Description of the role.","type":"string"},"RoleType":{"description":"The role type. Note that changing this field has no effect, so treat this as a read-only field.","enum":["Employee","ExternalUser","Anonymous","System"],"type":"string"},"Deleted":{"format":"int32","description":"1 if role has been deleted (we do not actually delete)","type":"integer"},"Rank":{"format":"int32","description":"Sorting rank of this role in lists","type":"integer"},"Created":{"format":"date-time","description":"Registered when  in UTC.","type":"string"},"UseCategories":{"format":"int32","description":"Apply role category membership to users","type":"integer"},"CreatedBy":{"$ref":"#/definitions/SuperOffice.CRM.Services.Associate","description":"Created by user"},"Updated":{"format":"date-time","description":"Last updated when  in UTC.","type":"string"},"UpdatedBy":{"$ref":"#/definitions/SuperOffice.CRM.Services.Associate","description":"Last updated by user"},"DataRights":{"$ref":"#/definitions/SuperOffice.CRM.Services.DataRights","description":"Data rights matrix - defines role's access to data owned by current user, users in same group, and other users."},"TableRight":{"$ref":"#/definitions/SuperOffice.CRM.Security.TableRight","description":"The carrier's table right"},"FieldProperties":{"description":"Field property dictionary mapping field names to field access rights.","type":"object","additionalProperties":{"$ref":"#/definitions/SuperOffice.CRM.Security.FieldProperty"}}}},"SuperOffice.CRM.Services.Associate":{"description":"Carrier object for Associate.\r\nServices for the Associate Carrier is available from the <see cref=\"T:SuperOffice.CRM.Services.IAssociateAgent\">Associate Agent</see>.","type":"object","properties":{"AssociateId":{"format":"int32","description":"Primary key","type":"integer"},"Name":{"description":"Initials, also login name, possibly database user name","type":"string"},"PersonId":{"format":"int32","description":"Owning person record \r\n<para>Use MDO List name \"person\" to get list items.</para>","type":"integer"},"Rank":{"format":"int32","description":"Rank order","type":"integer"},"Tooltip":{"description":"Tooltip or other description","type":"string"},"Type":{"description":"User type - 1 = internal user, 2 = resource, 3 = external user, 4 = anonymous, 5 = system","enum":["Unknown","InternalAssociate","ResourceAssociate","ExternalAssociate","AnonymousAssociate","SystemAssociate"],"type":"string"},"GroupIdx":{"format":"int32","description":"Primary group membership, see UserGroupLink for secondary memberships","type":"integer"},"FullName":{"description":"The associate's culture formatted fullname (firstname, middleName and lastname)","type":"string"},"FormalName":{"description":"The associate's culture formatted formalname (firstname, middleName and lastname, title, mrmrs)","type":"string"},"Deleted":{"description":"If true, the user is retired and should have no rights, not appear in lists, etc.","type":"boolean"},"EjUserId":{"format":"int32","description":"ID of the ej user record corresponding to this associate; 0 for associates that are not ej users","type":"integer"},"UserName":{"description":"User name","type":"string"},"ExtraFields":{"description":"Deprecated: Use {SuperOffice.CRM.Services.Associate.CustomFields} instead.\r\nExtra fields added to the carrier. This could be data from Plug-ins, the foreign key system, external applications, etc.","type":"object","additionalProperties":{"type":"string"}},"CustomFields":{"description":"Udef + Extra fields added to the carrier. Extra fields as defined by changes to database schema + user-defined fields as defined by admin.\r\nCustom fields combines user defined fields and extra fields into one bucket. \r\nThe individual {SuperOffice.CRM.Services.Associate.ExtraFields} and <see cref=\"!:UserDefinedFields\">UserDefinedFields</see> properties are deprecated in favor of this\r\ncombined collection.","type":"object","additionalProperties":{"type":"string"}},"TableRight":{"$ref":"#/definitions/SuperOffice.CRM.Security.TableRight","description":"The carrier's table right"},"FieldProperties":{"description":"Field property dictionary mapping field names to field access rights.","type":"object","additionalProperties":{"$ref":"#/definitions/SuperOffice.CRM.Security.FieldProperty"}}}},"SuperOffice.CRM.Security.TableRight":{"description":"Wraps a table right together with an explanatory reason.\r\nCode can indicate why access is restricted.","type":"object","properties":{"Mask":{"type":"string"},"Reason":{"type":"string"}}},"SuperOffice.CRM.Security.FieldProperty":{"description":"Class holding properties like field length, field type about a field in the carrier.","type":"object","properties":{"FieldRight":{"$ref":"#/definitions/SuperOffice.CRM.Security.FieldRight"},"FieldType":{"type":"string"},"FieldLength":{"format":"int32","description":"","type":"integer"}}},"SuperOffice.CRM.Security.FieldRight":{"description":"Wraps the field right together with an explanatory reason.\r\nAlso adds logical operators to the field rights so that they can be easily combined.","type":"object","properties":{"Mask":{"type":"string"},"Reason":{"type":"string"}}},"SuperOffice.CRM.Services.DataRights":{"description":"Carrier object for DataRights.\r\nServices for the DataRights Carrier is available from the <see cref=\"T:SuperOffice.CRM.Services.IUserAgent\">User Agent</see>.","type":"object","properties":{"ColumnsInfo":{"description":"","type":"array","items":{"$ref":"#/definitions/SuperOffice.CRM.Services.RelationToOwner"}},"RowsInfo":{"description":"","type":"array","items":{"$ref":"#/definitions/SuperOffice.CRM.Services.EntityName"}},"Rights":{"description":"","type":"array","items":{"type":"array","items":{"$ref":"#/definitions/SuperOffice.CRM.Services.DataRight"}}},"TableRight":{"$ref":"#/definitions/SuperOffice.CRM.Security.TableRight","description":"The carrier's table right"},"FieldProperties":{"description":"Field property dictionary mapping field names to field access rights.","type":"object","additionalProperties":{"$ref":"#/definitions/SuperOffice.CRM.Security.FieldProperty"}}}},"SuperOffice.CRM.Services.RelationToOwner":{"description":"Carrier object for RelationToOwner.\r\nServices for the RelationToOwner Carrier is available from the <see cref=\"T:SuperOffice.CRM.Services.IUserAgent\">User Agent</see>.","type":"object","properties":{"Id":{"format":"int32","description":"The List Item Id","type":"integer"},"Value":{"description":"The List Item Value","type":"string"},"Tooltip":{"description":"The List Item Tooltip","type":"string"},"TableRight":{"$ref":"#/definitions/SuperOffice.CRM.Security.TableRight","description":"The carrier's table right"},"FieldProperties":{"description":"Field property dictionary mapping field names to field access rights.","type":"object","additionalProperties":{"$ref":"#/definitions/SuperOffice.CRM.Security.FieldProperty"}}}},"SuperOffice.CRM.Services.EntityName":{"description":"Carrier object for EntityName.\r\nServices for the EntityName Carrier is available from the <see cref=\"T:SuperOffice.CRM.Services.IUserAgent\">User Agent</see>.","type":"object","properties":{"TableName":{"description":"The name of the table in the database","type":"string"},"TableDescription":{"description":"Name to be used in GUI, preferable a resource string","type":"string"},"TableRight":{"$ref":"#/definitions/SuperOffice.CRM.Security.TableRight","description":"The carrier's table right"},"FieldProperties":{"description":"Field property dictionary mapping field names to field access rights.","type":"object","additionalProperties":{"$ref":"#/definitions/SuperOffice.CRM.Security.FieldProperty"}}}},"SuperOffice.CRM.Services.DataRight":{"description":"Carrier object for DataRight.\r\nServices for the DataRight Carrier is available from the <see cref=\"T:SuperOffice.CRM.Services.IUserAgent\">User Agent</see>.","type":"object","properties":{"Value":{"description":"","type":"string"},"Description":{"description":"","type":"string"},"TableRight":{"$ref":"#/definitions/SuperOffice.CRM.Security.TableRight","description":"The carrier's table right"},"FieldProperties":{"description":"Field property dictionary mapping field names to field access rights.","type":"object","additionalProperties":{"$ref":"#/definitions/SuperOffice.CRM.Security.FieldProperty"}}}},"SuperOffice.Services.WebApi.OData.ODataSlimResponse":{"description":"Easy to use archive results - just a flat list of values.","type":"object","properties":{"odata.metadata":{"type":"string"},"odata.nextLink":{"type":"string"},"value":{"type":"array","items":{"type":"object","additionalProperties":{"type":"object"}}}}},"SuperOffice.WebApi.v1.Carriers.UserCarriers.RoleEntityWithLinks":{"description":"<para />\r\n            RoleEntity entity with API _Links added.","type":"object","properties":{"RoleId":{"format":"int32","description":"Primary key","type":"integer"},"Name":{"description":"Visible role name","type":"string"},"Tooltip":{"description":"Description of the role.","type":"string"},"RoleType":{"description":"The role type. Note that changing this field has no effect, so treat this as a read-only field.","enum":["Employee","ExternalUser","Anonymous","System"],"type":"string"},"Deleted":{"format":"int32","description":"1 if role has been deleted (we do not actually delete)","type":"integer"},"Rank":{"format":"int32","description":"Sorting rank of this role in lists","type":"integer"},"Created":{"format":"date-time","description":"Registered when  in UTC.","type":"string"},"UseCategories":{"format":"int32","description":"Apply role category membership to users","type":"integer"},"CreatedBy":{"$ref":"#/definitions/SuperOffice.CRM.Services.Associate","description":"Created by user"},"Updated":{"format":"date-time","description":"Last updated when  in UTC.","type":"string"},"UpdatedBy":{"$ref":"#/definitions/SuperOffice.CRM.Services.Associate","description":"Last updated by user"},"DataRights":{"$ref":"#/definitions/SuperOffice.CRM.Services.DataRights","description":"Data rights matrix - defines role's access to data owned by current user, users in same group, and other users."},"TableRight":{"$ref":"#/definitions/SuperOffice.CRM.Security.TableRight","description":"The carrier's table right"},"FieldProperties":{"description":"Field property dictionary mapping field names to field access rights.","type":"object","additionalProperties":{"$ref":"#/definitions/SuperOffice.CRM.Security.FieldProperty"}},"_Links":{"type":"object","additionalProperties":{"type":"string"}}}},"SuperOffice.CRM.Services.SelectableMDOListItem":{"description":"Carrier object for SelectableMDOListItem.\r\nServices for the SelectableMDOListItem Carrier is available from the <see cref=\"T:SuperOffice.CRM.Services.IMDOAgent\">MDO Agent</see>.","type":"object","properties":{"Id":{"format":"int32","description":"The Id of the ListItem","type":"integer"},"Name":{"description":"The name of the ListItem","type":"string"},"ToolTip":{"description":"The tooltip of the ListItem","type":"string"},"Deleted":{"description":"The deleted status of the ListItem","type":"boolean"},"Rank":{"format":"int32","description":"The rank of the ListItem","type":"integer"},"Type":{"description":"The type of the ListItem. Custom field.","type":"string"},"ColorBlock":{"format":"int32","description":"The color indicator of the ListItem color block","type":"integer"},"IconHint":{"description":"The Icon hint of the ListItem. Custom field.","type":"string"},"Selected":{"description":"True if the ListItem is selected","type":"boolean"},"LastChanged":{"format":"date-time","description":"Time of last change.","type":"string"},"ChildItems":{"description":"The child items of the SelectableMDOListItem","type":"array","items":{"$ref":"#/definitions/SuperOffice.CRM.Services.SelectableMDOListItem"}},"ExtraInfo":{"description":"Extra information added to the ListItem. Could be information such as sort order etc or other meta data. Custom field.","type":"string"},"StyleHint":{"description":"Style hint indicating, information such as background color etc. Custom field.","type":"string"},"Hidden":{"description":"True if the ListItem is hidden","type":"boolean"},"FullName":{"description":"The name of the ListItem in its context","type":"string"},"TableRight":{"$ref":"#/definitions/SuperOffice.CRM.Security.TableRight","description":"The carrier's table right"},"FieldProperties":{"description":"Field property dictionary mapping field names to field access rights.","type":"object","additionalProperties":{"$ref":"#/definitions/SuperOffice.CRM.Security.FieldProperty"}}}},"SuperOffice.CRM.Services.MDOListItem":{"description":"Carrier object for MDOListItem.\r\nServices for the MDOListItem Carrier is available from the <see cref=\"T:SuperOffice.CRM.Services.IMDOAgent\">MDO Agent</see>.","type":"object","properties":{"Id":{"format":"int32","description":"The Id of the ListItem","type":"integer"},"Name":{"description":"The name of the ListItem","type":"string"},"ToolTip":{"description":"The tooltip of the ListItem","type":"string"},"Deleted":{"description":"The deleted status of the ListItem","type":"boolean"},"Rank":{"format":"int32","description":"The rank of the ListItem","type":"integer"},"Type":{"description":"The type of the ListItem. Custom field.","type":"string"},"ChildItems":{"description":"The child items of the MDOListItem","type":"array","items":{"$ref":"#/definitions/SuperOffice.CRM.Services.MDOListItem"}},"IconHint":{"description":"The Icon hint of the ListItem. Custom field.","type":"string"},"ColorBlock":{"format":"int32","description":"The color indicator of the ListItem color block","type":"integer"},"ExtraInfo":{"description":"Extra information added to the ListItem. Could be information such as sort order etc or other meta data. Custom field.","type":"string"},"StyleHint":{"description":"Style hint indicating, information such as background color etc. Custom field.","type":"string"},"FullName":{"description":"The name of the ListItem in its context","type":"string"},"TableRight":{"$ref":"#/definitions/SuperOffice.CRM.Security.TableRight","description":"The carrier's table right"},"FieldProperties":{"description":"Field property dictionary mapping field names to field access rights.","type":"object","additionalProperties":{"$ref":"#/definitions/SuperOffice.CRM.Security.FieldProperty"}}}}},"securityDefinitions":{"Password":{"type":"basic","description":"SuperOffice username:password are passed in Base64-encoded. \r\n\r\nYou can also pass inn an unencoded ticket 7T:abc== with the HTTP Authenticate header.\r\n"},"SuperId":{"type":"oauth2","description":"SuperOffice SuperId OAuth implicit flow. \r\nYou need to issue a request to the SuperId authorization URL\r\n    https://online.superoffice.com/login/common/oauth/authorize?response_type=token\r\n      &client_id=670734e0-4c5a-11e3-be9e-a171392e81db\r\n      &redirect_uri=https://example.com/spa/\r\n\r\npassing in the application id and redirect URL.\r\n\r\nSuperId will log the user in, and redirect to the requested redirect URL with a #payload\r\ncontaining the access token and claims. (The redirect URL must be registered with SuperId in advance)\r\n\r\n   https://example.com/spa#access_token=8A%3aCust12227.AXRrCITpPBvQX3UbIohb\r\n      &token_type=bearer\r\n      &state=\r\n      &expires_in=3600\r\n      &ctx=Cust12227\r\n      &netserver_url=https%3a%2f%2fsod.superoffice.com%2fCust12227%2fRemote%2fServices82%2f\r\n\r\nYou can take the #access_token value and pass it as the Authenticate HTTP header as a BEARER token.\r\n","flow":"implicit","authorizationUrl":"https://online.superoffice.com/login/common/oauth/authorize","scopes":{}}},"tags":[],"externalDocs":{"description":"The SuperOffice DevNet Community has more documentation, examples, and discussion forums.","url":"https://community.superoffice.com/en/developer/"}}