{"swagger":"2.0","info":{"version":"v1-REST","title":"SuperOffice REST API v1","description":"SuperOffice REST API - TicketMessage","termsOfService":"You must be an authorized user to access this API.","contact":{"name":"SuperOffice DevNet","url":"https://docs.superoffice.com/en/api/index.html","email":"sdk@superoffice.com"}},"host":"localhost:54959","schemes":["http","https"],"paths":{"/api/v1/TicketMessage/default":{"get":{"tags":["TicketMessage"],"summary":"Set default values into a new TicketMessageEntity.","description":"NetServer calculates default values on the entity, which is required when creating/storing a new instance Calls the Ticket agent service CreateDefaultTicketMessageEntity.\r\nNsApiSlow threshold: 2000 ms.","operationId":"v1TicketMessageEntity_DefaultTicketMessageEntity","consumes":[],"produces":["application/json","text/json","application/xml","text/xml","application/json-patch+json","application/merge-patch+json"],"parameters":[{"name":"Accept-Language","in":"header","description":"Convert string references and multi-language values into a specified language (iso2) code.","required":false,"type":"string"},{"name":"SO-Language","in":"header","description":"Convert string references and multi-language values into a specified language (iso2) code. Overrides Accept-Language value.","required":false,"type":"string"},{"name":"SO-Culture","in":"header","description":"Number, date formatting in a specified culture (iso2 language) code. Partially overrides SO-Language/Accept-Language value. Ignored if no Language set.","required":false,"type":"string"},{"name":"SO-TimeZone","in":"header","description":"Specify the timezone code that you would like date/time responses converted to.","required":false,"type":"string"},{"name":"SO-AppToken","in":"header","description":"The application token that identifies the partner app. Used when calling Online WebAPI from a server.","required":false,"type":"string"}],"responses":{"200":{"description":"OK","schema":{"$ref":"#/definitions/SuperOffice.CRM.Services.TicketMessageEntity"}}},"security":[{"SuperOffice Password":[],"SuperId Authentication":[]}]}},"/api/v1/TicketMessage":{"get":{"tags":["TicketMessage"],"summary":"OData list of all TicketMessageEntity.","description":"Can be sorted and further filtered using OData conventions:\r\n\r\n* TicketMessage?$select=col1,col2,abc/col3\r\n* TicketMessage?$filter=col1 eq 'foo' and startswith(col2, 'baz')\r\n* TicketMessage?$orderby=abc/col3,col1\r\n* TicketMessage?$top=1000\r\n* TicketMessage?$mode=full\r\n\r\n\r\nOData returns XML or JSON carriers depending on the Accept headers.\r\n\r\n\r\nCalls the Archive service using the \"TicketMessage\" archive.\r\n\r\n\r\n## Filter Operators: ##\r\n\r\nints: eq =, ne, le, lt, gt, ge, set, equals, greater, less, unequals, between\r\n\r\nstrings: contains, is, notBegins, notContains, isNot\r\n\r\nassociate: associateIsOneOf, associateIsNotOneOf,  \r\n\r\nlist ids: oneOf, NotOneOf, \r\n\r\ndates: before, date, after, dateBetween, beforeToday\r\n\r\nUnary ops: currentAssociate, beforeToday, today, afterToday, lastWeek, thisWeek, nextWeek, lastMonth, thisMonth, nextMonth, lastQuarter, thisQuarter, nextQuarter, thisHalf, thisYear\r\n\r\nFuncs: substringof(a,b), startswith(a,b), endswith(a,b), this(f,period), next(f,n,period), previous(f,n,period), thisAndNext(f,n,period), thisAndPrevious(f,n,period), thisAndPreviousAndNext(f,period)\r\n","operationId":"v1TicketMessageEntity_GetAll","consumes":[],"produces":["application/json","text/json","application/xml","text/xml","application/json-patch+json","application/merge-patch+json"],"parameters":[{"name":"$select","in":"query","description":"Comma separated list of column names to return. \"nameDepartment,fullname,category\". Can also use aggregation functions and modifiers: \"Count(category):Footer\"","required":false,"type":"string"},{"name":"$filter","in":"query","description":"Expression to restrict the results. e.g.: \"name begins 'foo' and category gt 1\"","required":false,"type":"string"},{"name":"$orderBy","in":"query","description":"Comma separated list of column names to sort by, with optional direction. \"name asc,fullname,category desc\"","required":false,"type":"string"},{"name":"$entities","in":"query","description":"Comma separated list of entity names to use. Default = \"\". \"contact, person\"","required":false,"type":"string"},{"name":"$top","in":"query","description":"Number of rows to return in results","required":false,"type":"integer","format":"int32"},{"name":"$skip","in":"query","description":"Number of rows from database to skip before returning results","required":false,"type":"integer","format":"int32"},{"name":"$mode","in":"query","description":"FULL (with raw values and hints for each value) or SLIM (just the display values)","required":false,"type":"string","enum":["Slim","Wide","Full"]},{"name":"$options","in":"query","description":"Provider specific options. e.g: \"GrandTotal=true\"","required":false,"type":"string"},{"name":"$context","in":"query","description":"Provider specific context parameter.","required":false,"type":"string"},{"name":"$format","in":"query","description":"Set XML or JSON output format; override the format determined from Accept header.","required":false,"type":"string"},{"name":"$jsonSafe","in":"query","description":"Make output names into JSON safe property names. Replace all unsafe characters with _ underscore.","required":false,"type":"boolean"},{"name":"$output","in":"query","description":"Return Logical or Display values in SLIM mode. Logical returns true/false for booleans, Display returns icon hints. Dates are always returned as ISO strings.","required":false,"type":"string","enum":["Logical","Display"]},{"name":"Accept-Language","in":"header","description":"Convert string references and multi-language values into a specified language (iso2) code.","required":false,"type":"string"},{"name":"SO-Language","in":"header","description":"Convert string references and multi-language values into a specified language (iso2) code. Overrides Accept-Language value.","required":false,"type":"string"},{"name":"SO-Culture","in":"header","description":"Number, date formatting in a specified culture (iso2 language) code. Partially overrides SO-Language/Accept-Language value. Ignored if no Language set.","required":false,"type":"string"},{"name":"SO-TimeZone","in":"header","description":"Specify the timezone code that you would like date/time responses converted to.","required":false,"type":"string"},{"name":"SO-AppToken","in":"header","description":"The application token that identifies the partner app. Used when calling Online WebAPI from a server.","required":false,"type":"string"}],"responses":{"200":{"description":"OK","schema":{"$ref":"#/definitions/SuperOffice.Services.WebApi.OData.ODataSlimResponse"}}},"security":[{"SuperOffice Password":[],"SuperId Authentication":[]}]},"post":{"tags":["TicketMessage"],"summary":"Saves a ticket message and performs any user notifications","description":"","operationId":"v1TicketMessageEntity_HttpPostSaveTicketMessageEntityWithNotify","consumes":["application/json","text/json","application/xml","text/xml","application/x-www-form-urlencoded","application/json-patch+json","application/merge-patch+json"],"produces":["application/json","text/json","application/xml","text/xml","application/json-patch+json","application/merge-patch+json"],"parameters":[{"name":"newEntity","in":"body","description":"The ticket message to save","required":true,"schema":{"$ref":"#/definitions/SuperOffice.CRM.Services.TicketMessageEntity"}},{"name":"notify","in":"query","description":"If true, then the notification will be sent along with the save","required":false,"type":"boolean"},{"name":"Accept-Language","in":"header","description":"Convert string references and multi-language values into a specified language (iso2) code.","required":false,"type":"string"},{"name":"SO-Language","in":"header","description":"Convert string references and multi-language values into a specified language (iso2) code. Overrides Accept-Language value.","required":false,"type":"string"},{"name":"SO-Culture","in":"header","description":"Number, date formatting in a specified culture (iso2 language) code. Partially overrides SO-Language/Accept-Language value. Ignored if no Language set.","required":false,"type":"string"},{"name":"SO-TimeZone","in":"header","description":"Specify the timezone code that you would like date/time responses converted to.","required":false,"type":"string"},{"name":"SO-AppToken","in":"header","description":"The application token that identifies the partner app. Used when calling Online WebAPI from a server.","required":false,"type":"string"}],"responses":{"200":{"description":"OK","schema":{"$ref":"#/definitions/SuperOffice.CRM.Services.TicketMessageEntity"}}},"security":[{"SuperOffice Password":[],"SuperId Authentication":[]}]}},"/api/v1/TicketMessage/{id}":{"get":{"tags":["TicketMessage"],"summary":"Get a ticket message entity with posibillity to change embedded images to be represented with inline data within the HTML body.","description":"If using inline data, be sure not to save this back to the database.","operationId":"v1TicketMessageEntity_HttpGetGetTicketMessageWithEmbeddedData","consumes":[],"produces":["application/json","text/json","application/xml","text/xml","application/json-patch+json","application/merge-patch+json"],"parameters":[{"name":"id","in":"path","description":"The id of the ticket message entity","required":true,"type":"integer","format":"int32"},{"name":"embedImages","in":"query","description":"If set to Inline, then use inline base64 data to represent the images in the HTML body. Default: Link will use link to the image.","required":false,"type":"string","enum":["Link","Inline"]},{"name":"Accept-Language","in":"header","description":"Convert string references and multi-language values into a specified language (iso2) code.","required":false,"type":"string"},{"name":"SO-Language","in":"header","description":"Convert string references and multi-language values into a specified language (iso2) code. Overrides Accept-Language value.","required":false,"type":"string"},{"name":"SO-Culture","in":"header","description":"Number, date formatting in a specified culture (iso2 language) code. Partially overrides SO-Language/Accept-Language value. Ignored if no Language set.","required":false,"type":"string"},{"name":"SO-TimeZone","in":"header","description":"Specify the timezone code that you would like date/time responses converted to.","required":false,"type":"string"},{"name":"SO-AppToken","in":"header","description":"The application token that identifies the partner app. Used when calling Online WebAPI from a server.","required":false,"type":"string"}],"responses":{"200":{"description":"OK","schema":{"$ref":"#/definitions/SuperOffice.CRM.Services.TicketMessageEntity"}},"404":{"description":"Not Found."}},"security":[{"SuperOffice Password":[],"SuperId Authentication":[]}]},"put":{"tags":["TicketMessage"],"summary":"Saves a ticket message and performs any user notifications","description":"","operationId":"v1TicketMessageEntity_HttpPutSaveTicketMessageEntityWithNotify","consumes":["application/json","text/json","application/xml","text/xml","application/x-www-form-urlencoded","application/json-patch+json","application/merge-patch+json"],"produces":["application/json","text/json","application/xml","text/xml","application/json-patch+json","application/merge-patch+json"],"parameters":[{"name":"id","in":"path","description":"The TicketMessageEntity id to update","required":true,"type":"integer","format":"int32"},{"name":"entity","in":"body","description":"The ticket message to save","required":true,"schema":{"$ref":"#/definitions/SuperOffice.CRM.Services.TicketMessageEntity"}},{"name":"notify","in":"query","description":"If true, then the notification will be sent along with the save","required":false,"type":"boolean"},{"name":"Accept-Language","in":"header","description":"Convert string references and multi-language values into a specified language (iso2) code.","required":false,"type":"string"},{"name":"SO-Language","in":"header","description":"Convert string references and multi-language values into a specified language (iso2) code. Overrides Accept-Language value.","required":false,"type":"string"},{"name":"SO-Culture","in":"header","description":"Number, date formatting in a specified culture (iso2 language) code. Partially overrides SO-Language/Accept-Language value. Ignored if no Language set.","required":false,"type":"string"},{"name":"SO-TimeZone","in":"header","description":"Specify the timezone code that you would like date/time responses converted to.","required":false,"type":"string"},{"name":"SO-AppToken","in":"header","description":"The application token that identifies the partner app. Used when calling Online WebAPI from a server.","required":false,"type":"string"}],"responses":{"200":{"description":"OK","schema":{"$ref":"#/definitions/SuperOffice.CRM.Services.TicketMessageEntity"}},"400":{"description":"Bad request. Entity to save is not in request body."}},"security":[{"SuperOffice Password":[],"SuperId Authentication":[]}]},"delete":{"tags":["TicketMessage"],"summary":"Deletes the TicketMessageEntity","description":"Calls the Ticket agent service DeleteTicketMessageEntity.\r\nNsApiSlow threshold: 2000 ms.","operationId":"v1TicketMessageEntity_DeleteTicketMessageEntity","consumes":[],"produces":[],"parameters":[{"name":"id","in":"path","description":"The TicketMessageEntity to be deleted.","required":true,"type":"integer","format":"int32"},{"name":"SO-AppToken","in":"header","description":"The application token that identifies the partner app. Used when calling Online WebAPI from a server.","required":false,"type":"string"}],"responses":{"204":{"description":"TicketMessageEntity deleted."}},"security":[{"SuperOffice Password":[],"SuperId Authentication":[]}]}},"/api/v1/TicketMessage/{ticketMessageEntityId}/Attachment":{"get":{"tags":["TicketMessage"],"summary":"Get a list with meta data for all attached attachments","description":"","operationId":"v1TicketMessageEntity_GetAttachmentInfo","consumes":[],"produces":["application/json","text/json","application/xml","text/xml","application/json-patch+json","application/merge-patch+json"],"parameters":[{"name":"ticketMessageEntityId","in":"path","description":"The id of the ticket message to get attachment infos for","required":true,"type":"integer","format":"int32"},{"name":"Accept-Language","in":"header","description":"Convert string references and multi-language values into a specified language (iso2) code.","required":false,"type":"string"},{"name":"SO-Language","in":"header","description":"Convert string references and multi-language values into a specified language (iso2) code. Overrides Accept-Language value.","required":false,"type":"string"},{"name":"SO-Culture","in":"header","description":"Number, date formatting in a specified culture (iso2 language) code. Partially overrides SO-Language/Accept-Language value. Ignored if no Language set.","required":false,"type":"string"},{"name":"SO-TimeZone","in":"header","description":"Specify the timezone code that you would like date/time responses converted to.","required":false,"type":"string"},{"name":"SO-AppToken","in":"header","description":"The application token that identifies the partner app. Used when calling Online WebAPI from a server.","required":false,"type":"string"}],"responses":{"200":{"description":"OK","schema":{"type":"array","items":{"$ref":"#/definitions/SuperOffice.CRM.Services.AttachmentEntity"}}}},"security":[{"SuperOffice Password":[],"SuperId Authentication":[]}]},"post":{"tags":["TicketMessage"],"summary":"Connect existing attachments with this TicketMessage.","description":"Can connect multiple attachments","operationId":"v1TicketMessageEntity_AddAttachments","consumes":["application/json","text/json","application/xml","text/xml","application/x-www-form-urlencoded","application/json-patch+json","application/merge-patch+json"],"produces":[],"parameters":[{"name":"ticketMessageEntityId","in":"path","description":"The id of the ticket message to connect the attachments to","required":true,"type":"integer","format":"int32"},{"name":"attachmentIds","in":"body","description":"An array of attachments to connect to this TicketMessage","required":true,"schema":{"type":"array","items":{"format":"int32","type":"integer"}}},{"name":"SO-AppToken","in":"header","description":"The application token that identifies the partner app. Used when calling Online WebAPI from a server.","required":false,"type":"string"}],"responses":{"204":{"description":"No Content"}},"security":[{"SuperOffice Password":[],"SuperId Authentication":[]}]}},"/api/v1/TicketMessage/{ticketMessageEntityId}/Attachment/Noninline":{"get":{"tags":["TicketMessage"],"summary":"Get a list with meta data for all attached attachments, EXCEPT those marked as inline","description":"","operationId":"v1TicketMessageEntity_GetAttachmentInfoNonInline","consumes":[],"produces":["application/json","text/json","application/xml","text/xml","application/json-patch+json","application/merge-patch+json"],"parameters":[{"name":"ticketMessageEntityId","in":"path","description":"The id of the ticket message to get attachment infos for","required":true,"type":"integer","format":"int32"},{"name":"Accept-Language","in":"header","description":"Convert string references and multi-language values into a specified language (iso2) code.","required":false,"type":"string"},{"name":"SO-Language","in":"header","description":"Convert string references and multi-language values into a specified language (iso2) code. Overrides Accept-Language value.","required":false,"type":"string"},{"name":"SO-Culture","in":"header","description":"Number, date formatting in a specified culture (iso2 language) code. Partially overrides SO-Language/Accept-Language value. Ignored if no Language set.","required":false,"type":"string"},{"name":"SO-TimeZone","in":"header","description":"Specify the timezone code that you would like date/time responses converted to.","required":false,"type":"string"},{"name":"SO-AppToken","in":"header","description":"The application token that identifies the partner app. Used when calling Online WebAPI from a server.","required":false,"type":"string"}],"responses":{"200":{"description":"OK","schema":{"type":"array","items":{"$ref":"#/definitions/SuperOffice.CRM.Services.AttachmentEntity"}}}},"security":[{"SuperOffice Password":[],"SuperId Authentication":[]}]}},"/api/v1/TicketMessage/RfcAttachment/{attachmentId}/{position}":{"get":{"tags":["TicketMessage"],"summary":"Get the content of an attachment which is part of RFC822 email attachment","description":"","operationId":"v1TicketMessageEntity_GetRfcAttachmentStream","consumes":[],"produces":["application/json","text/json","application/xml","text/xml","image/jpeg","image/jpg","image/png","image/gif","image/bmp","image/tiff","application/octet-stream","application/msword","application/rtf","application/vnd.openxmlformats-officedocument.wordprocessingml.document","application/vnd.ms-excel","application/vnd.openxmlformats-officedocument.spreadsheetml.sheet","application/vnd.ms-powerpoint","application/vnd.openxmlformats-officedocument.presentationml.presentation","application/json-patch+json","application/merge-patch+json","application/pdf","text/html","text/plain","multipart/related"],"parameters":[{"name":"attachmentId","in":"path","description":"The id of the root attachment","required":true,"type":"integer","format":"int32"},{"name":"position","in":"path","description":"The position (index) of the attachment within the root attachment. Numbering starts from 0","required":true,"type":"integer","format":"int32"},{"name":"Accept-Language","in":"header","description":"Convert string references and multi-language values into a specified language (iso2) code.","required":false,"type":"string"},{"name":"SO-Language","in":"header","description":"Convert string references and multi-language values into a specified language (iso2) code. Overrides Accept-Language value.","required":false,"type":"string"},{"name":"SO-Culture","in":"header","description":"Number, date formatting in a specified culture (iso2 language) code. Partially overrides SO-Language/Accept-Language value. Ignored if no Language set.","required":false,"type":"string"},{"name":"SO-TimeZone","in":"header","description":"Specify the timezone code that you would like date/time responses converted to.","required":false,"type":"string"},{"name":"SO-AppToken","in":"header","description":"The application token that identifies the partner app. Used when calling Online WebAPI from a server.","required":false,"type":"string"}],"responses":{"200":{"description":"OK","schema":{"format":"byte","type":"string"}}},"security":[{"SuperOffice Password":[],"SuperId Authentication":[]}]}},"/api/v1/TicketMessage/{ticketMessageEntityId}/Send":{"post":{"tags":["TicketMessage"],"summary":"Send a message to recipients by email","description":"","operationId":"v1TicketMessageEntity_SendTicketMessage","consumes":[],"produces":[],"parameters":[{"name":"ticketMessageEntityId","in":"path","description":"The id of the ticket message to send","required":true,"type":"integer","format":"int32"},{"name":"to","in":"query","description":"The To-recipients. Each recipient must be in correct format","required":true,"type":"array","items":{"type":"string"},"collectionFormat":"multi"},{"name":"cc","in":"query","description":"The Cc-recipients. Each recipient must be in correct format","required":true,"type":"array","items":{"type":"string"},"collectionFormat":"multi"},{"name":"bcc","in":"query","description":"The Bcc-recipients. Each recipient must be in correct format","required":true,"type":"array","items":{"type":"string"},"collectionFormat":"multi"},{"name":"subject","in":"query","description":"The subject","required":false,"type":"string"},{"name":"replyTemplateId","in":"query","description":"Optional ID of reply template to merge message with. &lt;= 0 to skip.","required":false,"type":"integer","format":"int32"},{"name":"gdprSource","in":"query","description":"Obsolete","required":false,"type":"string"},{"name":"SO-AppToken","in":"header","description":"The application token that identifies the partner app. Used when calling Online WebAPI from a server.","required":false,"type":"string"}],"responses":{"204":{"description":"No Content"}},"security":[{"SuperOffice Password":[],"SuperId Authentication":[]}]}},"/api/v1/TicketMessage/{ticketMessageEntityId}/SendSms":{"post":{"tags":["TicketMessage"],"summary":"Send a message to recipients by sms","description":"","operationId":"v1TicketMessageEntity_SendTicketMessageSms","consumes":[],"produces":[],"parameters":[{"name":"ticketMessageEntityId","in":"path","description":"The id of the ticket message to send","required":true,"type":"integer","format":"int32"},{"name":"sms","in":"query","description":"The Sms-recipients. Each recipient must be in correct format","required":true,"type":"array","items":{"type":"string"},"collectionFormat":"multi"},{"name":"replyTemplateId","in":"query","description":"Optional ID of reply template to merge message with. &lt;= 0 to skip.","required":false,"type":"integer","format":"int32"},{"name":"SO-AppToken","in":"header","description":"The application token that identifies the partner app. Used when calling Online WebAPI from a server.","required":false,"type":"string"}],"responses":{"204":{"description":"No Content"}},"security":[{"SuperOffice Password":[],"SuperId Authentication":[]}]}},"/api/v1/TicketMessage/CustomField":{"get":{"tags":["TicketMessage"],"summary":"Custom fields meta-data (published user defined + extra fields) on TicketMessageEntity.","description":"Excludes standard fields.","operationId":"v1TicketMessageEntity_GetCustomFieldInfoList","consumes":[],"produces":["application/json","text/json","application/xml","text/xml","application/json-patch+json","application/merge-patch+json"],"parameters":[{"name":"Accept-Language","in":"header","description":"Convert string references and multi-language values into a specified language (iso2) code.","required":false,"type":"string"},{"name":"SO-Language","in":"header","description":"Convert string references and multi-language values into a specified language (iso2) code. Overrides Accept-Language value.","required":false,"type":"string"},{"name":"SO-Culture","in":"header","description":"Number, date formatting in a specified culture (iso2 language) code. Partially overrides SO-Language/Accept-Language value. Ignored if no Language set.","required":false,"type":"string"},{"name":"SO-TimeZone","in":"header","description":"Specify the timezone code that you would like date/time responses converted to.","required":false,"type":"string"},{"name":"SO-AppToken","in":"header","description":"The application token that identifies the partner app. Used when calling Online WebAPI from a server.","required":false,"type":"string"}],"responses":{"200":{"description":"OK","schema":{"type":"array","items":{"$ref":"#/definitions/SuperOffice.CRM.Services.FieldInfoBase"}}}},"security":[{"SuperOffice Password":[],"SuperId Authentication":[]}]}},"/api/v1/TicketMessage/CustomField/{fieldName}":{"get":{"tags":["TicketMessage"],"summary":"Custom field meta-data (published user defined + extra fields) on TicketMessageEntity.","description":"Excludes standard fields.","operationId":"v1TicketMessageEntity_GetCustomFieldInfo","consumes":[],"produces":["application/json","text/json","application/xml","text/xml","application/json-patch+json","application/merge-patch+json"],"parameters":[{"name":"fieldName","in":"path","description":"The name of the custom field to return: 'x_foo' or 'SuperOffice:3'","required":true,"type":"string"},{"name":"Accept-Language","in":"header","description":"Convert string references and multi-language values into a specified language (iso2) code.","required":false,"type":"string"},{"name":"SO-Language","in":"header","description":"Convert string references and multi-language values into a specified language (iso2) code. Overrides Accept-Language value.","required":false,"type":"string"},{"name":"SO-Culture","in":"header","description":"Number, date formatting in a specified culture (iso2 language) code. Partially overrides SO-Language/Accept-Language value. Ignored if no Language set.","required":false,"type":"string"},{"name":"SO-TimeZone","in":"header","description":"Specify the timezone code that you would like date/time responses converted to.","required":false,"type":"string"},{"name":"SO-AppToken","in":"header","description":"The application token that identifies the partner app. Used when calling Online WebAPI from a server.","required":false,"type":"string"}],"responses":{"200":{"description":"OK","schema":{"$ref":"#/definitions/SuperOffice.CRM.Services.FieldInfoBase"}}},"security":[{"SuperOffice Password":[],"SuperId Authentication":[]}]}},"/api/v1/TicketMessage/{id}/ForeignKey":{"get":{"tags":["TicketMessage"],"summary":"Foreign keys on the TicketMessageEntity.","description":"","operationId":"v1TicketMessageEntity_GetAllForeignKeysOnEntity","consumes":[],"produces":["application/json","text/json","application/xml","text/xml","application/json-patch+json","application/merge-patch+json"],"parameters":[{"name":"id","in":"path","description":"TicketMessageEntity id/primary key.","required":true,"type":"integer","format":"int32"},{"name":"Accept-Language","in":"header","description":"Convert string references and multi-language values into a specified language (iso2) code.","required":false,"type":"string"},{"name":"SO-Language","in":"header","description":"Convert string references and multi-language values into a specified language (iso2) code. Overrides Accept-Language value.","required":false,"type":"string"},{"name":"SO-Culture","in":"header","description":"Number, date formatting in a specified culture (iso2 language) code. Partially overrides SO-Language/Accept-Language value. Ignored if no Language set.","required":false,"type":"string"},{"name":"SO-TimeZone","in":"header","description":"Specify the timezone code that you would like date/time responses converted to.","required":false,"type":"string"},{"name":"SO-AppToken","in":"header","description":"The application token that identifies the partner app. Used when calling Online WebAPI from a server.","required":false,"type":"string"}],"responses":{"200":{"description":"OK","schema":{"type":"object","additionalProperties":{"type":"string"}}},"404":{"description":"Not Found."}},"security":[{"SuperOffice Password":[],"SuperId Authentication":[]}]}}},"definitions":{"SuperOffice.CRM.Services.TicketMessageEntity":{"description":"The ticket messages are e-mails, SMS or other messages attached to a ticket (aka request).\r\n<para />\r\nCarrier object for TicketMessageEntity.\r\nServices for the TicketMessageEntity Carrier is available from the <see cref=\"T:SuperOffice.CRM.Services.ITicketAgent\">Ticket Agent</see>.","type":"object","properties":{"EjMessageId":{"format":"int32","description":"The primary key (auto-incremented)","type":"integer"},"Ticket":{"$ref":"#/definitions/SuperOffice.CRM.Services.Ticket","description":"The connected ticket"},"CreatedAt":{"format":"date-time","description":"When the message was posted.","type":"string"},"CreatedBy":{"$ref":"#/definitions/SuperOffice.CRM.Services.Associate","description":"The associate who created this ticket message"},"Author":{"description":"A string representing the author of the message. Could be a user&amp;apos;s name, or a persons email address.","type":"string"},"Slevel":{"description":"The securitylevel of the message.","enum":["Unknown","Internal","External"],"type":"string"},"Type":{"description":"The type of the message (plaintext/html).","enum":["Unknown","Plain","Html"],"type":"string"},"MessageId":{"description":"The Message-Id header value from the email. Used for threading, i.e. connecting messages to existing tickets.","type":"string"},"TimeSpent":{"format":"int32","description":"The time spent (minutes) for this message.","type":"integer"},"Body":{"description":"The textbody for the message.","type":"string"},"HtmlBody":{"description":"The html body for the message (if any).","type":"string"},"EmailHeader":{"description":"The email header is saved in this field as raw text","type":"string"},"DebugInfo":{"description":"The debug info for the message.","type":"string"},"MailSorter":{"description":"The name of the mail sorter used when the email was imported. Note: We must use name instead of id since the id&amp;apos;s change every time one changes the mail sorter. :-0","type":"string"},"MessageCategory":{"description":"Defines what kind of message this is.","enum":["Message","Bounce","OutboxFailed"],"type":"string"},"Person":{"$ref":"#/definitions/SuperOffice.CRM.Services.Person","description":"If this is an incoming message, this will contain the person \r\n<para>Use MDO List name \"person_new\" to get list items.</para>"},"SearchTitle":{"description":"A copy of the title of the ticket, for search optimisation and simpler reporting.","type":"string"},"MessageHeaders":{"description":"Contains the message headers, like To, Cc, Bcc information, or custom headers","type":"array","items":{"$ref":"#/definitions/SuperOffice.CRM.Services.TicketMessageHeader"}},"Important":{"description":"If this message is important or not.","type":"boolean"},"Language":{"description":"The language this message is in, based on some kind of analysis","type":"string"},"Sentiment":{"format":"int32","description":"Sentiment index, 100 = completely happy; -100 = suicidally unhappy; 0 = no idea","type":"integer"},"SentimentConfidence":{"format":"int32","description":"Confidence of sentiment index, 0 = no idea, 100 = completely sure","type":"integer"},"Badge":{"description":"Badge to explicitly determine how a message was generated","enum":["Unknown","Reply","Forward","Comment","Incoming","Outgoing"],"type":"string"},"AttachmentsInfo":{"description":"Message attachments information","type":"array","items":{"$ref":"#/definitions/SuperOffice.CRM.Services.AttachmentEntity"}},"ExtraFields":{"description":"Deprecated: Use {SuperOffice.CRM.Services.TicketMessageEntity.CustomFields} instead.\r\nExtra fields added to the carrier. This could be data from Plug-ins, the foreign key system, external applications, etc.","type":"object","additionalProperties":{"type":"string"}},"CustomFields":{"description":"Udef + Extra fields added to the carrier. Extra fields as defined by changes to database schema + user-defined fields as defined by admin.\r\nCustom fields combines user defined fields and extra fields into one bucket. \r\nThe individual {SuperOffice.CRM.Services.TicketMessageEntity.ExtraFields} and <see cref=\"!:UserDefinedFields\">UserDefinedFields</see> properties are deprecated in favor of this\r\ncombined collection.","type":"object","additionalProperties":{"type":"string"}},"TableRight":{"$ref":"#/definitions/SuperOffice.CRM.Security.TableRight","description":"The carrier's table right"},"FieldProperties":{"description":"Field property dictionary mapping field names to field access rights.","type":"object","additionalProperties":{"$ref":"#/definitions/SuperOffice.CRM.Security.FieldProperty"}}}},"SuperOffice.CRM.Services.Ticket":{"description":"The ticket carrier is used for representing a service request.\r\n<para />\r\nCarrier object for Ticket.\r\nServices for the Ticket Carrier is available from the <see cref=\"T:SuperOffice.CRM.Services.ITicketAgent\">Ticket Agent</see>.","type":"object","properties":{"TicketId":{"format":"int32","description":"The primary key (auto-incremented)","type":"integer"},"Title":{"description":"The title of the ticket.","type":"string"},"CreatedAt":{"format":"date-time","description":"When the ticket was created.","type":"string"},"LastChanged":{"format":"date-time","description":"The last time the ticket was modified.","type":"string"},"ReadByOwner":{"format":"date-time","description":"The datetime for when the ticket last was read by the owner.","type":"string"},"ReadByCustomer":{"format":"date-time","description":"The datetime for when the ticket was read by the customer.","type":"string"},"FirstReadByUser":{"format":"date-time","description":"The datetime for when the ticket first was read by a user.","type":"string"},"Activate":{"format":"date-time","description":"When the ticket should be activated, if it is postponed.","type":"string"},"ClosedAt":{"format":"date-time","description":"When the ticket was closed.","type":"string"},"RepliedAt":{"format":"date-time","description":"The datetime for when the ticket was replied to. I.e. the first external message added to the ticket.","type":"string"},"AlertTimeout":{"format":"date-time","description":"The datetime for when the ticket should jump to the next alert_level.","type":"string"},"Deadline":{"format":"date-time","description":"Deadline for ticket.","type":"string"},"CreatedBy":{"format":"int32","description":"The id of the user who created the ticket. 1 (system user) if the ticket was created externally","type":"integer"},"CreatedByName":{"description":"Initials, also login name, possibly database user name","type":"string"},"Author":{"description":"A string representing the author of the ticket (same as author of first message).","type":"string"},"OwnedBy":{"format":"int32","description":"The id of the user who owns the ticket. 1 (system user) if the ticket is unassigned.","type":"integer"},"OwnedByName":{"description":"Initials, also login name, possibly database user name","type":"string"},"Category":{"format":"int32","description":"The id of the category a ticket is in.","type":"integer"},"CategoryName":{"description":"The (short) name of this category. E.g. &amp;apos;support&amp;apos;.","type":"string"},"CategoryFullname":{"description":"The fullname (compiled from parents&amp;apos; names) for this category. E.g. &amp;apos;norway/product A/support&amp;apos;.","type":"string"},"Slevel":{"description":"The securitylevel of the ticket.","enum":["Unknown","Internal","External"],"type":"string"},"Priority":{"format":"int32","description":"The reference to the ticket_priority table.","type":"integer"},"PriorityName":{"description":"The name of the priority.","type":"string"},"BaseStatus":{"description":"The status of the ticket. I.e. active/closed/postponed/deleted","enum":["Unknown","Active","Closed","Postponed","Deleted","Merged","PostponedSpecific","Postponed1Hour","Postponed2Hours","Postponed3Hours","Postponed4Hours","PostponedDay","PostponedWeek","PostponedMonth"],"type":"string"},"TicketStatus":{"format":"int32","description":"User defined ticket status","type":"integer"},"TicketStatusDisplayValue":{"description":"Get the display name of the ticket status.","type":"string"},"Origin":{"description":"What is the origin of this ticket","enum":["Unknown","Email","SMS","Fax","Phone","Facebook","Twitter","Internal","CustomerCentre","EMarketing","AutoGenerated","Chat","Form"],"type":"string"},"CustId":{"format":"int32","description":"The reference to the customer. NULL or -1 if ticket is not connected to customer.","type":"integer"},"PersonFirstname":{"description":"First name","type":"string"},"PersonMiddleName":{"description":"Middle name or 'van' etc.","type":"string"},"PersonLastname":{"description":"Last name","type":"string"},"PersonFullname":{"description":"Get the full name for the primary person (customer)","type":"string"},"AlertLevel":{"format":"int32","description":"The alert level for the ticket. Matches the level value of the ticket_alert table.","type":"integer"},"ConnectId":{"format":"int32","description":"If a ticket is connected to another ticket, this field is set to the id of the &amp;apos;master&amp;apos; ticket.","type":"integer"},"ReadStatus":{"description":"Whether the owner has read the ticket or not (red, yellow, green).","enum":["Unknown","Green","Yellow","Red"],"type":"string"},"TimeToReply":{"format":"int32","description":"The time (minutes) between when the ticket was created and when it was replied to. Calculated based on priority&amp;apos;s timeframe.","type":"integer"},"RealTimeToReply":{"format":"int32","description":"Same as time_to_reply, but not calculated based on priority.","type":"integer"},"TimeToClose":{"format":"int32","description":"The time (minutes) between when the ticket was created and when it was closed. Calculated based on priority&amp;apos;s timeframe.","type":"integer"},"RealTimeToClose":{"format":"int32","description":"Same as time_to_close, but not calculated based on priority.","type":"integer"},"TimeSpentInternally":{"format":"int32","description":"The total time (seconds) within the priority's office hours the ticket has been in an open status (configurable), not including current state","type":"integer"},"TimeSpentExternally":{"format":"int32","description":"The total time (seconds) within the priority's office hours the ticket has been in a external waiting status (configurable), not including current state","type":"integer"},"TimeSpentQueue":{"format":"int32","description":"The total time (seconds) within the priority's office hours the ticket has been in a queue status, not including current state","type":"integer"},"RealTimeSpentInternally":{"format":"int32","description":"The total time (seconds) within 24x7 the ticket has been in an open status (configurable), not including current state","type":"integer"},"RealTimeSpentExternally":{"format":"int32","description":"The total time (seconds) within 24x7 the ticket has been in a external waiting status (configurable), not including current state","type":"integer"},"RealTimeSpentQueue":{"format":"int32","description":"The total time (seconds) within 24x7 hours the ticket has been in a queue status, not including current state","type":"integer"},"TimeSpent":{"format":"int32","description":"The total time (minutes). Aggregated time spent from ticket&amp;apos;s messages. Read-only for external use.","type":"integer"},"HasAttachment":{"description":"Boolean indicating if this ticket has one or more attachments.","type":"boolean"},"NumReplies":{"format":"int32","description":"The number of replies (messages) to the customer for this request.","type":"integer"},"NumMessages":{"format":"int32","description":"The total number of messages for this request.","type":"integer"},"FromAddress":{"description":"The from-address used when this ticket got created, e.g. by email","type":"string"},"ContactId":{"format":"int32","description":"The company of the person in the cust_id field, if that person belongs to a company","type":"integer"},"ContactName":{"description":"The name of the connected contact","type":"string"},"OwnedByAssociateId":{"format":"int32","description":"The associate id of the owner of the ticket.","type":"integer"},"Language":{"description":"The language of the first external message","type":"string"},"Sentiment":{"format":"int32","description":"The sentiment index of the last external message","type":"integer"},"SentimentConfidence":{"format":"int32","description":"The sentiment confidence of the last external message","type":"integer"},"SaleId":{"format":"int32","description":"Reference to sale table","type":"integer"},"ProjectId":{"format":"int32","description":"Reference to project table","type":"integer"},"SaleHeading":{"description":"The heading of the connected sale","type":"string"},"ProjectName":{"description":"The name of the connected project","type":"string"},"FormSubmissionId":{"format":"int32","description":"If this ticket was created from a form submission, this field will point to that record","type":"integer"},"TicketTypeId":{"format":"int32","description":"The id of the Request Type","type":"integer"},"TicketTypeName":{"description":"The name of the Request Type","type":"string"},"TableRight":{"$ref":"#/definitions/SuperOffice.CRM.Security.TableRight","description":"The carrier's table right"},"FieldProperties":{"description":"Field property dictionary mapping field names to field access rights.","type":"object","additionalProperties":{"$ref":"#/definitions/SuperOffice.CRM.Security.FieldProperty"}}}},"SuperOffice.CRM.Security.TableRight":{"description":"Wraps a table right together with an explanatory reason.\r\nCode can indicate why access is restricted.","type":"object","properties":{"Mask":{"type":"string"},"Reason":{"type":"string"}}},"SuperOffice.CRM.Security.FieldProperty":{"description":"Class holding properties like field length, field type about a field in the carrier.","type":"object","properties":{"FieldRight":{"$ref":"#/definitions/SuperOffice.CRM.Security.FieldRight"},"FieldType":{"type":"string"},"FieldLength":{"format":"int32","description":"","type":"integer"}}},"SuperOffice.CRM.Security.FieldRight":{"description":"Wraps the field right together with an explanatory reason.\r\nAlso adds logical operators to the field rights so that they can be easily combined.","type":"object","properties":{"Mask":{"type":"string"},"Reason":{"type":"string"}}},"SuperOffice.CRM.Services.Associate":{"description":"Carrier object for Associate.\r\nServices for the Associate Carrier is available from the <see cref=\"T:SuperOffice.CRM.Services.IAssociateAgent\">Associate Agent</see>.","type":"object","properties":{"AssociateId":{"format":"int32","description":"Primary key","type":"integer"},"Name":{"description":"Initials, also login name, possibly database user name","type":"string"},"PersonId":{"format":"int32","description":"Owning person record \r\n<para>Use MDO List name \"person\" to get list items.</para>","type":"integer"},"Rank":{"format":"int32","description":"Rank order","type":"integer"},"Tooltip":{"description":"Tooltip or other description","type":"string"},"Type":{"description":"User type - 1 = internal user, 2 = resource, 3 = external user, 4 = anonymous, 5 = system","enum":["Unknown","InternalAssociate","ResourceAssociate","ExternalAssociate","AnonymousAssociate","SystemAssociate"],"type":"string"},"GroupIdx":{"format":"int32","description":"Primary group membership, see UserGroupLink for secondary memberships","type":"integer"},"FullName":{"description":"The associate's culture formatted fullname (firstname, middleName and lastname)","type":"string"},"FormalName":{"description":"The associate's culture formatted formalname (firstname, middleName and lastname, title, mrmrs)","type":"string"},"Deleted":{"description":"If true, the user is retired and should have no rights, not appear in lists, etc.","type":"boolean"},"EjUserId":{"format":"int32","description":"ID of the ej user record corresponding to this associate; 0 for associates that are not ej users","type":"integer"},"UserName":{"description":"User name","type":"string"},"ExtraFields":{"description":"Deprecated: Use {SuperOffice.CRM.Services.Associate.CustomFields} instead.\r\nExtra fields added to the carrier. This could be data from Plug-ins, the foreign key system, external applications, etc.","type":"object","additionalProperties":{"type":"string"}},"CustomFields":{"description":"Udef + Extra fields added to the carrier. Extra fields as defined by changes to database schema + user-defined fields as defined by admin.\r\nCustom fields combines user defined fields and extra fields into one bucket. \r\nThe individual {SuperOffice.CRM.Services.Associate.ExtraFields} and <see cref=\"!:UserDefinedFields\">UserDefinedFields</see> properties are deprecated in favor of this\r\ncombined collection.","type":"object","additionalProperties":{"type":"string"}},"TableRight":{"$ref":"#/definitions/SuperOffice.CRM.Security.TableRight","description":"The carrier's table right"},"FieldProperties":{"description":"Field property dictionary mapping field names to field access rights.","type":"object","additionalProperties":{"$ref":"#/definitions/SuperOffice.CRM.Security.FieldProperty"}}}},"SuperOffice.CRM.Services.Person":{"description":"Carrier object for Person.\r\nServices for the Person Carrier is available from the <see cref=\"T:SuperOffice.CRM.Services.IPersonAgent\">Person Agent</see>.","type":"object","properties":{"Position":{"description":"The position. This is a predefined SuperOffice value, different from Title","type":"string"},"PersonId":{"format":"int32","description":"Primary key","type":"integer"},"Mrmrs":{"description":"e.g. Mrs   sex_title","type":"string"},"Firstname":{"description":"First name","type":"string"},"Lastname":{"description":"Last name","type":"string"},"MiddleName":{"description":"Middle name or 'van' etc.","type":"string"},"Title":{"description":"Title","type":"string"},"Description":{"description":"Info text/description on person.","type":"string"},"Email":{"description":"First email on contact person.","type":"string"},"FullName":{"description":"Get the persons full name (internal name used in clients for employees).","type":"string"},"DirectPhone":{"description":"Returns the direct phone that belong to the contact person.","type":"string"},"FormalName":{"description":"Get formal name for a person, as used in labels. (Full name + person title + academic title)","type":"string"},"CountryId":{"format":"int32","description":"Country","type":"integer"},"ContactId":{"format":"int32","description":"Owning contact ID","type":"integer"},"ContactName":{"description":"The persons company name","type":"string"},"Retired":{"format":"int32","description":"1 = the user is retired and should have no rights, not appear in lists, etc.","type":"integer"},"Rank":{"format":"int32","description":"Display sort sequence for default sort order","type":"integer"},"ActiveInterests":{"format":"int32","description":"Number of records in pintr table; select count(*) from pintr pi where pi.person_id = this.person_id == activeInterests is always true","type":"integer"},"ContactDepartment":{"description":"The persons contact department","type":"string"},"ContactCountryId":{"format":"int32","description":"The persons contact country id","type":"integer"},"ContactOrgNr":{"description":"The persons contact organization number","type":"string"},"FaxPhone":{"description":"Returns the fax phone that belong to the contact person.","type":"string"},"MobilePhone":{"description":"Returns the mobile phone that belong to the contact person.","type":"string"},"ContactPhone":{"description":"Returns the direct phone that belong to the persons contact.","type":"string"},"AssociateName":{"description":"Name of the person's owner","type":"string"},"AssociateId":{"format":"int32","description":"Id of the item's owner (Associate id)","type":"integer"},"UsePersonAddress":{"description":"If 1, use person's address for mailing instead of company address","type":"boolean"},"ContactFax":{"description":"Actual phone number as eneterd by the user","type":"string"},"Kanafname":{"description":"Kana first name, used in Japanese versions only","type":"string"},"Kanalname":{"description":"Kana last name, used in Japanese versions only","type":"string"},"Post1":{"description":"Postal address, used in Japanese versions only","type":"string"},"Post2":{"description":"Postal address, used in Japanese versions only","type":"string"},"Post3":{"description":"Postal address, used in Japanese versions only","type":"string"},"EmailName":{"description":"E-mail description","type":"string"},"ContactFullName":{"description":"Company full name + department","type":"string"},"ActiveErpLinks":{"format":"int32","description":"How many active ERP links are there for this person?","type":"integer"},"TicketPriorityId":{"format":"int32","description":"Ticket priority ID","type":"integer"},"SupportLanguageId":{"format":"int32","description":"Support priority ID","type":"integer"},"SupportAssociateId":{"format":"int32","description":"Our support contact for this person","type":"integer"},"CategoryName":{"description":"The category list item name","type":"string"},"PersonNumber":{"description":"Alphanumeric user field","type":"string"},"TableRight":{"$ref":"#/definitions/SuperOffice.CRM.Security.TableRight","description":"The carrier's table right"},"FieldProperties":{"description":"Field property dictionary mapping field names to field access rights.","type":"object","additionalProperties":{"$ref":"#/definitions/SuperOffice.CRM.Security.FieldProperty"}}}},"SuperOffice.CRM.Services.TicketMessageHeader":{"description":"Contains information about a header connected to a ticket message\r\n<para />\r\nCarrier object for TicketMessageHeader.","type":"object","properties":{"Id":{"format":"int32","description":"Id","type":"integer"},"Name":{"description":"The name of the header. This can for example be To, Cc or other custom headers that is set up in Service","type":"string"},"Value":{"description":"The value of the header. Can for example be an email address, or a custom header extracted from emails","type":"string"},"StdItem":{"description":"If this has a value, it indicates that a standard header text from the language database should be used - and witch one to use","enum":["None","Forward","UnnamedAttachmentBlocked","NoAutoReply","SentAutoReplyToCustomersA","SentAutoReplyToCustomersB","CustomerReadFAQ","ReplyTemplate"],"type":"string"},"StdItemCol":{"description":"If this is 1, concatenate the standard item text with header name field, if 2 use header value field instead. If this col is 0, use the empty field - preferably the value column.","enum":["None","Name","Value"],"type":"string"},"TableRight":{"$ref":"#/definitions/SuperOffice.CRM.Security.TableRight","description":"The carrier's table right"},"FieldProperties":{"description":"Field property dictionary mapping field names to field access rights.","type":"object","additionalProperties":{"$ref":"#/definitions/SuperOffice.CRM.Security.FieldProperty"}}}},"SuperOffice.CRM.Services.AttachmentEntity":{"description":"The Attachment carrier represent meta data for a Service attachment\r\n<para />\r\nCarrier object for AttachmentEntity.\r\nServices for the AttachmentEntity Carrier is available from the <see cref=\"T:SuperOffice.CRM.Services.ITicketAgent\">Ticket Agent</see>.","type":"object","properties":{"AttachmentId":{"format":"int32","description":"The primary key (auto-incremented)","type":"integer"},"Name":{"description":"The filename for the attachment.","type":"string"},"ContentType":{"description":"The content type for the attachment (e.g. &amp;apos;applaction/octet-stream&amp;apos; or &amp;apos;application/vnd.openxmlformats-officedocument.wordprocessingml.document&amp;apos;).","type":"string"},"AttSize":{"format":"int32","description":"The size (in bytes) for the attachment.","type":"integer"},"InlineImage":{"description":"True if this attachment is inlined in the html_body.","type":"boolean"},"ContentId":{"description":"The content_id of this attachment, used for inline images","type":"string"},"AuthKey":{"description":"The key used for authenticating access to this attachment.","type":"string"},"IsSafeFileExtension":{"description":"Is file considered to be safe (based on extension and settings)","type":"boolean"},"TableRight":{"$ref":"#/definitions/SuperOffice.CRM.Security.TableRight","description":"The carrier's table right"},"FieldProperties":{"description":"Field property dictionary mapping field names to field access rights.","type":"object","additionalProperties":{"$ref":"#/definitions/SuperOffice.CRM.Security.FieldProperty"}}}},"SuperOffice.Services.WebApi.OData.ODataSlimResponse":{"description":"Easy to use archive results - just a flat list of values.","type":"object","properties":{"odata.metadata":{"type":"string"},"odata.nextLink":{"type":"string"},"value":{"type":"array","items":{"type":"object","additionalProperties":{"type":"object"}}}}},"SuperOffice.CRM.Services.FieldInfoBase":{"description":"Abstract basic information about database fields. May be custom or user-defined fields. The information can be used to build a user interface.\r\n<para />\r\nCarrier object for FieldInfoBase.\r\nServices for the FieldInfoBase Carrier is available from the <see cref=\"T:SuperOffice.CRM.Services.IUserDefinedFieldInfoAgent\">UserDefinedFieldInfo Agent</see>.","type":"object","properties":{"FieldType":{"description":"What sort of data does this field contain. 1 = int, 2 = short text, ...","enum":["Unknown","Integer","ShortText","LongText","Date","Blob","Checkbox","MdoList","Decimal","DateTime","Time","TimeSpan","RelationTo","Attachment","DynamicLink","ListText"],"type":"string"},"FieldName":{"description":"Database name or prog-id: 'x_foobar' or 'SuperOffice:2'.","type":"string"},"DisplayName":{"description":"Label for field. May be multi-lang string encoded.","type":"string"},"Description":{"description":"Optional tooltip text for this field","type":"string"},"ShortLabel":{"description":"Short name to be used in Archive headings and on page 1. If blank, the fieldLabel will be used everywhere.","type":"string"},"HideLabel":{"description":"Hide the label if 1","type":"boolean"},"HideField":{"description":"Hide the field from the UI. Only allow API access.","type":"boolean"},"IsIndexed":{"description":"Is this field indexed? 0 if no, index no. if yes","type":"boolean"},"IsMandatory":{"description":"0 = no, 1 = yes (field must be filled out)","type":"boolean"},"IsReadOnly":{"description":"0 = read/write, 1 = readonly (don't combine with mandatory  8-) )","type":"boolean"},"IsExternal":{"description":"Should this field be shown to external users via customer center?","type":"boolean"},"IsDisplayField":{"description":"Flag indicating that this field is chosen as DisplayField for a table it belongs","type":"boolean"},"Rank":{"format":"int32","description":"Tab order, ranking within the custom fields.","type":"integer"},"TemplateVariableName":{"description":"Template variable name: 'cs01', 'cl02' etc. Null for extra fields.","type":"string"}}}},"securityDefinitions":{"SuperOffice Password":{"type":"basic","description":"SuperOffice username:password are passed in Base64-encoded. \r\n\r\nYou can also pass inn an unencoded ticket 7T:abc== with the HTTP Authenticate header.\r\n"},"SuperId Authentication":{"type":"oauth2","description":"SuperOffice SuperId OAuth implicit flow. \r\nYou need to issue a request to the SuperId authorization URL\r\n    https://online.superoffice.com/login/common/oauth/authorize?response_type=token\r\n      &client_id=670734e0-4c5a-11e3-be9e-a171392e81db\r\n      &redirect_uri=https://example.com/spa/\r\n\r\npassing in the application id and redirect URL.\r\n\r\nSuperId will log the user in, and redirect to the requested redirect URL with a #payload\r\ncontaining the access token and claims. (The redirect URL must be registered with SuperId in advance)\r\n\r\n   https://example.com/spa#access_token=8A%3aCust12227.AXRrCITpPBvQX3UbIohb\r\n      &token_type=bearer\r\n      &state=\r\n      &expires_in=3600\r\n      &ctx=Cust12227\r\n      &netserver_url=https%3a%2f%2fsod.superoffice.com%2fCust12227%2fRemote%2fServices82%2f\r\n\r\nYou can take the #access_token value and pass it as the Authenticate HTTP header as a BEARER token.\r\n","flow":"implicit","authorizationUrl":"https://online.superoffice.com/login/common/oauth/authorize","scopes":{}}},"tags":[],"externalDocs":{"description":"The SuperOffice DevNet Community has more documentation, examples, and discussion forums.","url":"https://community.superoffice.com/en/developer/"}}