{"swagger":"2.0","info":{"version":"v1-REST","title":"SuperOffice REST API v1","description":"SuperOffice REST API - RelationDefinition","termsOfService":"You must be an authorized user to access this API.","contact":{"name":"SuperOffice DevNet","url":"https://docs.superoffice.com/en/api/index.html","email":"sdk@superoffice.com"}},"host":"localhost:56487","schemes":["http","https"],"paths":{"/api/v1/RelationDefinition/default":{"get":{"tags":["RelationDefinition"],"summary":"Set default values into a new RelationDefinitionEntity.","description":"NetServer calculates default values on the entity, which is required when creating/storing a new instance Calls the List agent service CreateDefaultRelationDefinitionEntity.\r\nNsApiSlow threshold: 5000 ms.","operationId":"v1RelationDefinitionEntity_DefaultRelationDefinitionEntity","consumes":[],"produces":["application/json","text/json","application/xml","text/xml","application/json-patch+json","application/merge-patch+json"],"parameters":[{"name":"Accept-Language","in":"header","description":"Convert string references and multi-language values into a specified language (iso2) code.","required":false,"type":"string"},{"name":"SO-Language","in":"header","description":"Convert string references and multi-language values into a specified language (iso2) code. Overrides Accept-Language value.","required":false,"type":"string"},{"name":"SO-Culture","in":"header","description":"Number, date formatting in a specified culture (iso2 language) code. Partially overrides SO-Language/Accept-Language value. Ignored if no Language set.","required":false,"type":"string"},{"name":"SO-TimeZone","in":"header","description":"Specify the timezone code that you would like date/time responses converted to.","required":false,"type":"string"},{"name":"SO-AppToken","in":"header","description":"The application token that identifies the partner app. Used when calling Online WebAPI from a server.","required":false,"type":"string"}],"responses":{"200":{"description":"OK","schema":{"$ref":"#/definitions/SuperOffice.CRM.Services.RelationDefinitionEntity"}}},"security":[{"SuperOffice Password":[],"SuperId Authentication":[]}]}},"/api/v1/RelationDefinition":{"post":{"tags":["RelationDefinition"],"summary":"Creates a new RelationDefinitionEntity","description":"Calls the List agent service SaveRelationDefinitionEntity.\r\nNsApiSlow threshold: 5000 ms.","operationId":"v1RelationDefinitionEntity_PostRelationDefinitionEntity","consumes":["application/json","text/json","application/xml","text/xml","application/x-www-form-urlencoded","application/json-patch+json","application/merge-patch+json"],"produces":["application/json","text/json","application/xml","text/xml","application/json-patch+json","application/merge-patch+json"],"parameters":[{"name":"newEntity","in":"body","description":"The RelationDefinitionEntity to be saved.","required":true,"schema":{"$ref":"#/definitions/SuperOffice.CRM.Services.RelationDefinitionEntity"}},{"name":"$select","in":"query","description":"Optional comma separated list of properties to include in the result. Other fields are then nulled out to reduce payload size: \"Name,department,category\" Default = show all fields.","required":false,"type":"string"},{"name":"Accept-Language","in":"header","description":"Convert string references and multi-language values into a specified language (iso2) code.","required":false,"type":"string"},{"name":"SO-Language","in":"header","description":"Convert string references and multi-language values into a specified language (iso2) code. Overrides Accept-Language value.","required":false,"type":"string"},{"name":"SO-Culture","in":"header","description":"Number, date formatting in a specified culture (iso2 language) code. Partially overrides SO-Language/Accept-Language value. Ignored if no Language set.","required":false,"type":"string"},{"name":"SO-TimeZone","in":"header","description":"Specify the timezone code that you would like date/time responses converted to.","required":false,"type":"string"},{"name":"SO-AppToken","in":"header","description":"The application token that identifies the partner app. Used when calling Online WebAPI from a server.","required":false,"type":"string"}],"responses":{"200":{"description":"OK","schema":{"$ref":"#/definitions/SuperOffice.WebApi.v1.Carriers.ListCarriers.RelationDefinitionEntityWithLinks"}}},"security":[{"SuperOffice Password":[],"SuperId Authentication":[]}]}},"/api/v1/RelationDefinition/{id}":{"get":{"tags":["RelationDefinition"],"summary":"Gets a RelationDefinitionEntity object.","description":"Calls the List agent service GetRelationDefinitionEntity.\r\nNsApiSlow threshold: 5000 ms.","operationId":"v1RelationDefinitionEntity_GetRelationDefinitionEntity","consumes":[],"produces":["application/json","text/json","application/xml","text/xml","application/json-patch+json","application/merge-patch+json"],"parameters":[{"name":"id","in":"path","description":"The id of the RelationDefinitionEntity to return.","required":true,"type":"integer","format":"int32"},{"name":"$select","in":"query","description":"Optional comma separated list of properties to include in the result. Other fields are then nulled out to reduce payload size: \"Name,department,category\" Default = show all fields.","required":false,"type":"string"},{"name":"Accept-Language","in":"header","description":"Convert string references and multi-language values into a specified language (iso2) code.","required":false,"type":"string"},{"name":"SO-Language","in":"header","description":"Convert string references and multi-language values into a specified language (iso2) code. Overrides Accept-Language value.","required":false,"type":"string"},{"name":"SO-Culture","in":"header","description":"Number, date formatting in a specified culture (iso2 language) code. Partially overrides SO-Language/Accept-Language value. Ignored if no Language set.","required":false,"type":"string"},{"name":"SO-TimeZone","in":"header","description":"Specify the timezone code that you would like date/time responses converted to.","required":false,"type":"string"},{"name":"SO-AppToken","in":"header","description":"The application token that identifies the partner app. Used when calling Online WebAPI from a server.","required":false,"type":"string"}],"responses":{"200":{"description":"RelationDefinitionEntity found.","schema":{"$ref":"#/definitions/SuperOffice.WebApi.v1.Carriers.ListCarriers.RelationDefinitionEntityWithLinks"}},"404":{"description":"Not Found."}},"security":[{"SuperOffice Password":[],"SuperId Authentication":[]}]},"put":{"tags":["RelationDefinition"],"summary":"Updates the existing RelationDefinitionEntity","description":"NsApiSlow threshold: 5000 ms.","operationId":"v1RelationDefinitionEntity_PutRelationDefinitionEntity","consumes":["application/json","text/json","application/xml","text/xml","application/x-www-form-urlencoded","application/json-patch+json","application/merge-patch+json"],"produces":["application/json","text/json","application/xml","text/xml","application/json-patch+json","application/merge-patch+json"],"parameters":[{"name":"id","in":"path","description":"The RelationDefinitionEntity id to update.","required":true,"type":"integer","format":"int32"},{"name":"entity","in":"body","description":"The RelationDefinitionEntity to be saved.","required":true,"schema":{"$ref":"#/definitions/SuperOffice.CRM.Services.RelationDefinitionEntity"}},{"name":"$select","in":"query","description":"Optional comma separated list of properties to include in the result. Other fields are then nulled out to reduce payload size: \"Name,department,category\" Default = show all fields.","required":false,"type":"string"},{"name":"Accept-Language","in":"header","description":"Convert string references and multi-language values into a specified language (iso2) code.","required":false,"type":"string"},{"name":"SO-Language","in":"header","description":"Convert string references and multi-language values into a specified language (iso2) code. Overrides Accept-Language value.","required":false,"type":"string"},{"name":"SO-Culture","in":"header","description":"Number, date formatting in a specified culture (iso2 language) code. Partially overrides SO-Language/Accept-Language value. Ignored if no Language set.","required":false,"type":"string"},{"name":"SO-TimeZone","in":"header","description":"Specify the timezone code that you would like date/time responses converted to.","required":false,"type":"string"},{"name":"SO-AppToken","in":"header","description":"The application token that identifies the partner app. Used when calling Online WebAPI from a server.","required":false,"type":"string"}],"responses":{"200":{"description":"RelationDefinitionEntity updated.","schema":{"$ref":"#/definitions/SuperOffice.WebApi.v1.Carriers.ListCarriers.RelationDefinitionEntityWithLinks"}},"400":{"description":"Bad request. Entity to save is not in request body."}},"security":[{"SuperOffice Password":[],"SuperId Authentication":[]}]}}},"definitions":{"SuperOffice.CRM.Services.RelationDefinitionEntity":{"description":"A relation definition entity with source and destination tables\r\n<para />\r\nCarrier object for RelationDefinitionEntity.\r\nServices for the RelationDefinitionEntity Carrier is available from the <see cref=\"T:SuperOffice.CRM.Services.IListAgent\">List Agent</see>.","type":"object","properties":{"ReldefId":{"format":"int32","description":"Primary key","type":"integer"},"Name":{"description":"Active text","type":"string"},"Tooltip":{"description":"Tooltip or other description","type":"string"},"PassiveText":{"description":"Text used in passive direction","type":"string"},"Deleted":{"description":"True if deleted","type":"boolean"},"Rank":{"format":"int32","description":"Rank order","type":"integer"},"Source":{"description":"The source of the relation","enum":["None","Contact","Person","Both"],"type":"string"},"Destination":{"description":"The destination of the relation","enum":["None","Contact","Person","Both"],"type":"string"},"TableRight":{"$ref":"#/definitions/SuperOffice.CRM.Security.TableRight","description":"The carrier's table right"},"FieldProperties":{"description":"Field property dictionary mapping field names to field access rights.","type":"object","additionalProperties":{"$ref":"#/definitions/SuperOffice.CRM.Security.FieldProperty"}}}},"SuperOffice.CRM.Security.TableRight":{"description":"Wraps a table right together with an explanatory reason.\r\nCode can indicate why access is restricted.","type":"object","properties":{"Mask":{"type":"string"},"Reason":{"type":"string"}}},"SuperOffice.CRM.Security.FieldProperty":{"description":"Class holding properties like field length, field type about a field in the carrier.","type":"object","properties":{"FieldRight":{"$ref":"#/definitions/SuperOffice.CRM.Security.FieldRight"},"FieldType":{"type":"string"},"FieldLength":{"format":"int32","description":"","type":"integer"}}},"SuperOffice.CRM.Security.FieldRight":{"description":"Wraps the field right together with an explanatory reason.\r\nAlso adds logical operators to the field rights so that they can be easily combined.","type":"object","properties":{"Mask":{"type":"string"},"Reason":{"type":"string"}}},"SuperOffice.WebApi.v1.Carriers.ListCarriers.RelationDefinitionEntityWithLinks":{"description":"A relation definition entity with source and destination tables\r\n<para />\r\nRelationDefinitionEntity entity with API _Links added.","type":"object","properties":{"ReldefId":{"format":"int32","description":"Primary key","type":"integer"},"Name":{"description":"Active text","type":"string"},"Tooltip":{"description":"Tooltip or other description","type":"string"},"PassiveText":{"description":"Text used in passive direction","type":"string"},"Deleted":{"description":"True if deleted","type":"boolean"},"Rank":{"format":"int32","description":"Rank order","type":"integer"},"Source":{"description":"The source of the relation","enum":["None","Contact","Person","Both"],"type":"string"},"Destination":{"description":"The destination of the relation","enum":["None","Contact","Person","Both"],"type":"string"},"TableRight":{"$ref":"#/definitions/SuperOffice.CRM.Security.TableRight","description":"The carrier's table right"},"FieldProperties":{"description":"Field property dictionary mapping field names to field access rights.","type":"object","additionalProperties":{"$ref":"#/definitions/SuperOffice.CRM.Security.FieldProperty"}},"_Links":{"type":"object","additionalProperties":{"type":"string"}}}}},"securityDefinitions":{"Password":{"type":"basic","description":"SuperOffice username:password are passed in Base64-encoded. \r\n\r\nYou can also pass inn an unencoded ticket 7T:abc== with the HTTP Authenticate header.\r\n"},"SuperId":{"type":"oauth2","description":"SuperOffice SuperId OAuth implicit flow. \r\nYou need to issue a request to the SuperId authorization URL\r\n    https://online.superoffice.com/login/common/oauth/authorize?response_type=token\r\n      &client_id=670734e0-4c5a-11e3-be9e-a171392e81db\r\n      &redirect_uri=https://example.com/spa/\r\n\r\npassing in the application id and redirect URL.\r\n\r\nSuperId will log the user in, and redirect to the requested redirect URL with a #payload\r\ncontaining the access token and claims. (The redirect URL must be registered with SuperId in advance)\r\n\r\n   https://example.com/spa#access_token=8A%3aCust12227.AXRrCITpPBvQX3UbIohb\r\n      &token_type=bearer\r\n      &state=\r\n      &expires_in=3600\r\n      &ctx=Cust12227\r\n      &netserver_url=https%3a%2f%2fsod.superoffice.com%2fCust12227%2fRemote%2fServices82%2f\r\n\r\nYou can take the #access_token value and pass it as the Authenticate HTTP header as a BEARER token.\r\n","flow":"implicit","authorizationUrl":"https://online.superoffice.com/login/common/oauth/authorize","scopes":{}}},"tags":[],"externalDocs":{"description":"The SuperOffice DevNet Community has more documentation, examples, and discussion forums.","url":"https://community.superoffice.com/en/developer/"}}