{"swagger":"2.0","info":{"version":"v1-REST","title":"SuperOffice REST API v1","description":"SuperOffice REST API - PreferenceDescription","termsOfService":"You must be an authorized user to access this API.","contact":{"name":"SuperOffice DevNet","url":"https://docs.superoffice.com/en/api/index.html","email":"sdk@superoffice.com"}},"host":"localhost:65110","schemes":["http","https"],"paths":{"/api/v1/PreferenceDescription/default":{"get":{"tags":["PreferenceDescription"],"summary":"Set default values into a new PreferenceDescription.","description":"NetServer calculates default values on the entity, which is required when creating/storing a new instance Calls the Preference agent service CreateDefaultPreferenceDescription.\r\nNsApiSlow threshold: 1000 ms.","operationId":"v1PreferenceDescription_DefaultPreferenceDescription","consumes":[],"produces":["application/json","text/json","application/xml","text/xml","application/json-patch+json","application/merge-patch+json"],"parameters":[{"name":"Accept-Language","in":"header","description":"Convert string references and multi-language values into a specified language (iso2) code.","required":false,"type":"string"},{"name":"SO-Language","in":"header","description":"Convert string references and multi-language values into a specified language (iso2) code. Overrides Accept-Language value.","required":false,"type":"string"},{"name":"SO-Culture","in":"header","description":"Number, date formatting in a specified culture (iso2 language) code. Partially overrides SO-Language/Accept-Language value. Ignored if no Language set.","required":false,"type":"string"},{"name":"SO-TimeZone","in":"header","description":"Specify the timezone code that you would like date/time responses converted to.","required":false,"type":"string"},{"name":"SO-AppToken","in":"header","description":"The application token that identifies the partner app. Used when calling Online WebAPI from a server.","required":false,"type":"string"}],"responses":{"200":{"description":"OK","schema":{"$ref":"#/definitions/SuperOffice.CRM.Services.PreferenceDescription"}}},"security":[{"SuperOffice Password":[],"SuperId Authentication":[]}]}},"/api/v1/PreferenceDescription":{"get":{"tags":["PreferenceDescription"],"summary":"Gets a list of all PreferenceDescriptions in the system.","description":"","operationId":"v1PreferenceDescription_GetAll","consumes":[],"produces":["application/json","text/json","application/xml","text/xml","application/json-patch+json","application/merge-patch+json"],"parameters":[{"name":"Accept-Language","in":"header","description":"Convert string references and multi-language values into a specified language (iso2) code.","required":false,"type":"string"},{"name":"SO-Language","in":"header","description":"Convert string references and multi-language values into a specified language (iso2) code. Overrides Accept-Language value.","required":false,"type":"string"},{"name":"SO-Culture","in":"header","description":"Number, date formatting in a specified culture (iso2 language) code. Partially overrides SO-Language/Accept-Language value. Ignored if no Language set.","required":false,"type":"string"},{"name":"SO-TimeZone","in":"header","description":"Specify the timezone code that you would like date/time responses converted to.","required":false,"type":"string"},{"name":"SO-AppToken","in":"header","description":"The application token that identifies the partner app. Used when calling Online WebAPI from a server.","required":false,"type":"string"}],"responses":{"200":{"description":"OK","schema":{"type":"array","items":{"$ref":"#/definitions/SuperOffice.CRM.Services.PreferenceDescription"}}}},"security":[{"SuperOffice Password":[],"SuperId Authentication":[]}]},"post":{"tags":["PreferenceDescription"],"summary":"Creates a new PreferenceDescription","description":"Calls the Preference agent service SavePreferenceDescription.\r\nNsApiSlow threshold: 1000 ms.","operationId":"v1PreferenceDescription_PostPreferenceDescription","consumes":["application/json","text/json","application/xml","text/xml","application/x-www-form-urlencoded","application/json-patch+json","application/merge-patch+json"],"produces":["application/json","text/json","application/xml","text/xml","application/json-patch+json","application/merge-patch+json"],"parameters":[{"name":"newEntity","in":"body","description":"The PreferenceDescription to be saved.","required":true,"schema":{"$ref":"#/definitions/SuperOffice.CRM.Services.PreferenceDescription"}},{"name":"$select","in":"query","description":"Optional comma separated list of properties to include in the result. Other fields are then nulled out to reduce payload size: \"Name,department,category\" Default = show all fields.","required":false,"type":"string"},{"name":"Accept-Language","in":"header","description":"Convert string references and multi-language values into a specified language (iso2) code.","required":false,"type":"string"},{"name":"SO-Language","in":"header","description":"Convert string references and multi-language values into a specified language (iso2) code. Overrides Accept-Language value.","required":false,"type":"string"},{"name":"SO-Culture","in":"header","description":"Number, date formatting in a specified culture (iso2 language) code. Partially overrides SO-Language/Accept-Language value. Ignored if no Language set.","required":false,"type":"string"},{"name":"SO-TimeZone","in":"header","description":"Specify the timezone code that you would like date/time responses converted to.","required":false,"type":"string"},{"name":"SO-AppToken","in":"header","description":"The application token that identifies the partner app. Used when calling Online WebAPI from a server.","required":false,"type":"string"}],"responses":{"200":{"description":"OK","schema":{"$ref":"#/definitions/SuperOffice.WebApi.v1.Carriers.PreferenceCarriers.PreferenceDescriptionWithLinks"}}},"security":[{"SuperOffice Password":[],"SuperId Authentication":[]}]}},"/api/v1/PreferenceDescription/{id}":{"get":{"tags":["PreferenceDescription"],"summary":"Gets a PreferenceDescription object.","description":"Calls the Preference agent service GetPreferenceDescription.\r\nNsApiSlow threshold: 1000 ms.","operationId":"v1PreferenceDescription_GetPreferenceDescription","consumes":[],"produces":["application/json","text/json","application/xml","text/xml","application/json-patch+json","application/merge-patch+json"],"parameters":[{"name":"id","in":"path","description":"The id of the PreferenceDescription to return.","required":true,"type":"integer","format":"int32"},{"name":"$select","in":"query","description":"Optional comma separated list of properties to include in the result. Other fields are then nulled out to reduce payload size: \"Name,department,category\" Default = show all fields.","required":false,"type":"string"},{"name":"Accept-Language","in":"header","description":"Convert string references and multi-language values into a specified language (iso2) code.","required":false,"type":"string"},{"name":"SO-Language","in":"header","description":"Convert string references and multi-language values into a specified language (iso2) code. Overrides Accept-Language value.","required":false,"type":"string"},{"name":"SO-Culture","in":"header","description":"Number, date formatting in a specified culture (iso2 language) code. Partially overrides SO-Language/Accept-Language value. Ignored if no Language set.","required":false,"type":"string"},{"name":"SO-TimeZone","in":"header","description":"Specify the timezone code that you would like date/time responses converted to.","required":false,"type":"string"},{"name":"SO-AppToken","in":"header","description":"The application token that identifies the partner app. Used when calling Online WebAPI from a server.","required":false,"type":"string"}],"responses":{"200":{"description":"PreferenceDescription found.","schema":{"$ref":"#/definitions/SuperOffice.WebApi.v1.Carriers.PreferenceCarriers.PreferenceDescriptionWithLinks"}},"404":{"description":"Not Found."}},"security":[{"SuperOffice Password":[],"SuperId Authentication":[]}]},"put":{"tags":["PreferenceDescription"],"summary":"Updates the existing PreferenceDescription","description":"NsApiSlow threshold: 1000 ms.","operationId":"v1PreferenceDescription_PutPreferenceDescription","consumes":["application/json","text/json","application/xml","text/xml","application/x-www-form-urlencoded","application/json-patch+json","application/merge-patch+json"],"produces":["application/json","text/json","application/xml","text/xml","application/json-patch+json","application/merge-patch+json"],"parameters":[{"name":"id","in":"path","description":"The PreferenceDescription id to update.","required":true,"type":"integer","format":"int32"},{"name":"entity","in":"body","description":"The PreferenceDescription to be saved.","required":true,"schema":{"$ref":"#/definitions/SuperOffice.CRM.Services.PreferenceDescription"}},{"name":"$select","in":"query","description":"Optional comma separated list of properties to include in the result. Other fields are then nulled out to reduce payload size: \"Name,department,category\" Default = show all fields.","required":false,"type":"string"},{"name":"Accept-Language","in":"header","description":"Convert string references and multi-language values into a specified language (iso2) code.","required":false,"type":"string"},{"name":"SO-Language","in":"header","description":"Convert string references and multi-language values into a specified language (iso2) code. Overrides Accept-Language value.","required":false,"type":"string"},{"name":"SO-Culture","in":"header","description":"Number, date formatting in a specified culture (iso2 language) code. Partially overrides SO-Language/Accept-Language value. Ignored if no Language set.","required":false,"type":"string"},{"name":"SO-TimeZone","in":"header","description":"Specify the timezone code that you would like date/time responses converted to.","required":false,"type":"string"},{"name":"SO-AppToken","in":"header","description":"The application token that identifies the partner app. Used when calling Online WebAPI from a server.","required":false,"type":"string"}],"responses":{"200":{"description":"PreferenceDescription updated.","schema":{"$ref":"#/definitions/SuperOffice.WebApi.v1.Carriers.PreferenceCarriers.PreferenceDescriptionWithLinks"}},"400":{"description":"Bad request. Entity to save is not in request body."}},"security":[{"SuperOffice Password":[],"SuperId Authentication":[]}]},"delete":{"tags":["PreferenceDescription"],"summary":"Deletes the PreferenceDescription","description":"Calls the Preference agent service DeletePreferenceDescription.\r\nNsApiSlow threshold: 1000 ms.","operationId":"v1PreferenceDescription_DeletePreferenceDescription","consumes":[],"produces":[],"parameters":[{"name":"id","in":"path","description":"The PreferenceDescription to be deleted.","required":true,"type":"integer","format":"int32"},{"name":"SO-AppToken","in":"header","description":"The application token that identifies the partner app. Used when calling Online WebAPI from a server.","required":false,"type":"string"}],"responses":{"204":{"description":"PreferenceDescription deleted."}},"security":[{"SuperOffice Password":[],"SuperId Authentication":[]}]}},"/api/v1/PreferenceDescription/{section}/{key}":{"get":{"tags":["PreferenceDescription"],"summary":"Gets a PreferenceDescription based on the section and key","description":"","operationId":"v1PreferenceDescription_GetFromSectionAndKey","consumes":[],"produces":["application/json","text/json","application/xml","text/xml","application/json-patch+json","application/merge-patch+json"],"parameters":[{"name":"section","in":"path","description":"The PreferenceDescription-section","required":true,"type":"string"},{"name":"key","in":"path","description":"The PreferenceDescription-key","required":true,"type":"string"},{"name":"Accept-Language","in":"header","description":"Convert string references and multi-language values into a specified language (iso2) code.","required":false,"type":"string"},{"name":"SO-Language","in":"header","description":"Convert string references and multi-language values into a specified language (iso2) code. Overrides Accept-Language value.","required":false,"type":"string"},{"name":"SO-Culture","in":"header","description":"Number, date formatting in a specified culture (iso2 language) code. Partially overrides SO-Language/Accept-Language value. Ignored if no Language set.","required":false,"type":"string"},{"name":"SO-TimeZone","in":"header","description":"Specify the timezone code that you would like date/time responses converted to.","required":false,"type":"string"},{"name":"SO-AppToken","in":"header","description":"The application token that identifies the partner app. Used when calling Online WebAPI from a server.","required":false,"type":"string"}],"responses":{"200":{"description":"OK","schema":{"$ref":"#/definitions/SuperOffice.CRM.Services.PreferenceDescription"}}},"security":[{"SuperOffice Password":[],"SuperId Authentication":[]}]},"put":{"tags":["PreferenceDescription"],"summary":"Update a PreferenceDescription based on the section and key","description":"","operationId":"v1PreferenceDescription_SaveFromSectionAndKey","consumes":["application/json","text/json","application/xml","text/xml","application/x-www-form-urlencoded","application/json-patch+json","application/merge-patch+json"],"produces":["application/json","text/json","application/xml","text/xml","application/json-patch+json","application/merge-patch+json"],"parameters":[{"name":"section","in":"path","description":"The PreferenceDescription-section","required":true,"type":"string"},{"name":"key","in":"path","description":"The PreferenceDescription-key","required":true,"type":"string"},{"name":"preferenceDescription","in":"body","description":"The PreferenceDescription to save.","required":true,"schema":{"$ref":"#/definitions/SuperOffice.CRM.Services.PreferenceDescription"}},{"name":"Accept-Language","in":"header","description":"Convert string references and multi-language values into a specified language (iso2) code.","required":false,"type":"string"},{"name":"SO-Language","in":"header","description":"Convert string references and multi-language values into a specified language (iso2) code. Overrides Accept-Language value.","required":false,"type":"string"},{"name":"SO-Culture","in":"header","description":"Number, date formatting in a specified culture (iso2 language) code. Partially overrides SO-Language/Accept-Language value. Ignored if no Language set.","required":false,"type":"string"},{"name":"SO-TimeZone","in":"header","description":"Specify the timezone code that you would like date/time responses converted to.","required":false,"type":"string"},{"name":"SO-AppToken","in":"header","description":"The application token that identifies the partner app. Used when calling Online WebAPI from a server.","required":false,"type":"string"}],"responses":{"200":{"description":"OK","schema":{"$ref":"#/definitions/SuperOffice.CRM.Services.PreferenceDescription"}}},"security":[{"SuperOffice Password":[],"SuperId Authentication":[]}]},"delete":{"tags":["PreferenceDescription"],"summary":"Gets a PreferenceDescription based on the section and key","description":"","operationId":"v1PreferenceDescription_DeleteFromSectionAndKey","consumes":[],"produces":[],"parameters":[{"name":"section","in":"path","description":"The PreferenceDescription-section","required":true,"type":"string"},{"name":"key","in":"path","description":"The PreferenceDescription-key","required":true,"type":"string"},{"name":"SO-AppToken","in":"header","description":"The application token that identifies the partner app. Used when calling Online WebAPI from a server.","required":false,"type":"string"}],"responses":{"204":{"description":"No Content"}},"security":[{"SuperOffice Password":[],"SuperId Authentication":[]}]}},"/api/v1/PreferenceDescription/{section}":{"get":{"tags":["PreferenceDescription"],"summary":"Gets all PreferenceDescription-items in the specified section","description":"","operationId":"v1PreferenceDescription_GetAllFromSection","consumes":[],"produces":["application/json","text/json","application/xml","text/xml","application/json-patch+json","application/merge-patch+json"],"parameters":[{"name":"section","in":"path","description":"The PreferenceDescription-section","required":true,"type":"string"},{"name":"Accept-Language","in":"header","description":"Convert string references and multi-language values into a specified language (iso2) code.","required":false,"type":"string"},{"name":"SO-Language","in":"header","description":"Convert string references and multi-language values into a specified language (iso2) code. Overrides Accept-Language value.","required":false,"type":"string"},{"name":"SO-Culture","in":"header","description":"Number, date formatting in a specified culture (iso2 language) code. Partially overrides SO-Language/Accept-Language value. Ignored if no Language set.","required":false,"type":"string"},{"name":"SO-TimeZone","in":"header","description":"Specify the timezone code that you would like date/time responses converted to.","required":false,"type":"string"},{"name":"SO-AppToken","in":"header","description":"The application token that identifies the partner app. Used when calling Online WebAPI from a server.","required":false,"type":"string"}],"responses":{"200":{"description":"OK","schema":{"type":"array","items":{"$ref":"#/definitions/SuperOffice.CRM.Services.PreferenceDescription"}}}},"security":[{"SuperOffice Password":[],"SuperId Authentication":[]}]}}},"definitions":{"SuperOffice.CRM.Services.PreferenceDescription":{"description":"Preference description, drives the Preference GUI. Maintenance client - controls all preferences in SuperOffice.\r\n<para />\r\nCarrier object for PreferenceDescription.\r\nServices for the PreferenceDescription Carrier is available from the <see cref=\"T:SuperOffice.CRM.Services.IPreferenceAgent\">Preference Agent</see>.","type":"object","properties":{"PrefDescId":{"format":"int32","description":"Primary key","type":"integer"},"Section":{"description":"Preference section name","type":"string"},"Key":{"description":"Preference key name","type":"string"},"Name":{"description":"Multi-language name","type":"string"},"ValueType":{"description":"1=number, 2=text, 3=bool, 4=list of values; 5=list table ref; 6=contact ID, 7=Person ID, 8=Project ID, 9=Selection ID","enum":["Unknown","Number","Text","Bool","ListOfValues","ListTableRef","TimeList","ContactID","PersonID","ProjectID","SelectionID","PosSize","TimeZone","Time","Password","MultiLineText"],"type":"string"},"MaxLevel":{"description":"Lowest allowed setting level, set by user, but not lower than sysMaxLevel","enum":["Undefined","HardDefault","SystemWide","Database","Group","Individual","PC"],"type":"string"},"SysMaxLevel":{"description":"Lowest allowed setting level, set by SuperOffice","enum":["Undefined","HardDefault","SystemWide","Database","Group","Individual","PC"],"type":"string"},"AccessFlags":{"description":"1=wizard mode, 2=level 0, 4=admin gui, 8=crm gui","enum":["Unknown","WizardMode","Level0","adminGUI","CRMGUI"],"type":"string"},"Description":{"description":"Description of preference, multi-language parsed","type":"string"},"IsBuiltin":{"description":"1 = This row populated and maintained by SuperOffice","type":"boolean"},"TableName":{"description":"If valueType = 5, then TableName contains the table referenced by the preference","type":"string"},"UserDefinedListId":{"format":"int32","description":"Read-only field, If valueType = 5, and TableName is UDList, then UserdefinedLIstId contains the id of the list referenced by the preference","type":"integer"},"Rank":{"format":"int32","description":"Rank field for ordering sections, and keys within sections","type":"integer"},"SubGroup":{"description":"Keys that share a value (including NULL) in this field are shown together; a visual spacer is shown between groups","type":"string"},"MinLevel":{"format":"int32","description":"The minimum (furthest away from User) level this preference can be set for","type":"integer"},"MaxValue":{"format":"int32","description":"Max value (if type 1); list table ID (if type 5)","type":"integer"},"MinValue":{"format":"int32","description":"Min value (if type 1); list extra id (if type 5)","type":"integer"},"RequiredLicense":{"description":"Licenses the user/installation must have if this reference is to be shown. Comma-separated list of owner.module pairs","type":"string"},"TableRight":{"$ref":"#/definitions/SuperOffice.CRM.Security.TableRight","description":"The carrier's table right"},"FieldProperties":{"description":"Field property dictionary mapping field names to field access rights.","type":"object","additionalProperties":{"$ref":"#/definitions/SuperOffice.CRM.Security.FieldProperty"}}}},"SuperOffice.CRM.Security.TableRight":{"description":"Wraps a table right together with an explanatory reason.\r\nCode can indicate why access is restricted.","type":"object","properties":{"Mask":{"type":"string"},"Reason":{"type":"string"}}},"SuperOffice.CRM.Security.FieldProperty":{"description":"Class holding properties like field length, field type about a field in the carrier.","type":"object","properties":{"FieldRight":{"$ref":"#/definitions/SuperOffice.CRM.Security.FieldRight"},"FieldType":{"type":"string"},"FieldLength":{"format":"int32","description":"","type":"integer"}}},"SuperOffice.CRM.Security.FieldRight":{"description":"Wraps the field right together with an explanatory reason.\r\nAlso adds logical operators to the field rights so that they can be easily combined.","type":"object","properties":{"Mask":{"type":"string"},"Reason":{"type":"string"}}},"SuperOffice.WebApi.v1.Carriers.PreferenceCarriers.PreferenceDescriptionWithLinks":{"description":"Preference description, drives the Preference GUI. Maintenance client - controls all preferences in SuperOffice.\r\n<para />\r\nPreferenceDescription entity with API _Links added.","type":"object","properties":{"PrefDescId":{"format":"int32","description":"Primary key","type":"integer"},"Section":{"description":"Preference section name","type":"string"},"Key":{"description":"Preference key name","type":"string"},"Name":{"description":"Multi-language name","type":"string"},"ValueType":{"description":"1=number, 2=text, 3=bool, 4=list of values; 5=list table ref; 6=contact ID, 7=Person ID, 8=Project ID, 9=Selection ID","enum":["Unknown","Number","Text","Bool","ListOfValues","ListTableRef","TimeList","ContactID","PersonID","ProjectID","SelectionID","PosSize","TimeZone","Time","Password","MultiLineText"],"type":"string"},"MaxLevel":{"description":"Lowest allowed setting level, set by user, but not lower than sysMaxLevel","enum":["Undefined","HardDefault","SystemWide","Database","Group","Individual","PC"],"type":"string"},"SysMaxLevel":{"description":"Lowest allowed setting level, set by SuperOffice","enum":["Undefined","HardDefault","SystemWide","Database","Group","Individual","PC"],"type":"string"},"AccessFlags":{"description":"1=wizard mode, 2=level 0, 4=admin gui, 8=crm gui","enum":["Unknown","WizardMode","Level0","adminGUI","CRMGUI"],"type":"string"},"Description":{"description":"Description of preference, multi-language parsed","type":"string"},"IsBuiltin":{"description":"1 = This row populated and maintained by SuperOffice","type":"boolean"},"TableName":{"description":"If valueType = 5, then TableName contains the table referenced by the preference","type":"string"},"UserDefinedListId":{"format":"int32","description":"Read-only field, If valueType = 5, and TableName is UDList, then UserdefinedLIstId contains the id of the list referenced by the preference","type":"integer"},"Rank":{"format":"int32","description":"Rank field for ordering sections, and keys within sections","type":"integer"},"SubGroup":{"description":"Keys that share a value (including NULL) in this field are shown together; a visual spacer is shown between groups","type":"string"},"MinLevel":{"format":"int32","description":"The minimum (furthest away from User) level this preference can be set for","type":"integer"},"MaxValue":{"format":"int32","description":"Max value (if type 1); list table ID (if type 5)","type":"integer"},"MinValue":{"format":"int32","description":"Min value (if type 1); list extra id (if type 5)","type":"integer"},"RequiredLicense":{"description":"Licenses the user/installation must have if this reference is to be shown. Comma-separated list of owner.module pairs","type":"string"},"TableRight":{"$ref":"#/definitions/SuperOffice.CRM.Security.TableRight","description":"The carrier's table right"},"FieldProperties":{"description":"Field property dictionary mapping field names to field access rights.","type":"object","additionalProperties":{"$ref":"#/definitions/SuperOffice.CRM.Security.FieldProperty"}},"_Links":{"type":"object","additionalProperties":{"type":"string"}}}}},"securityDefinitions":{"SuperOffice Password":{"type":"basic","description":"SuperOffice username:password are passed in Base64-encoded. \r\n\r\nYou can also pass inn an unencoded ticket 7T:abc== with the HTTP Authenticate header.\r\n"},"SuperId Authentication":{"type":"oauth2","description":"SuperOffice SuperId OAuth implicit flow. \r\nYou need to issue a request to the SuperId authorization URL\r\n    https://online.superoffice.com/login/common/oauth/authorize?response_type=token\r\n      &client_id=670734e0-4c5a-11e3-be9e-a171392e81db\r\n      &redirect_uri=https://example.com/spa/\r\n\r\npassing in the application id and redirect URL.\r\n\r\nSuperId will log the user in, and redirect to the requested redirect URL with a #payload\r\ncontaining the access token and claims. (The redirect URL must be registered with SuperId in advance)\r\n\r\n   https://example.com/spa#access_token=8A%3aCust12227.AXRrCITpPBvQX3UbIohb\r\n      &token_type=bearer\r\n      &state=\r\n      &expires_in=3600\r\n      &ctx=Cust12227\r\n      &netserver_url=https%3a%2f%2fsod.superoffice.com%2fCust12227%2fRemote%2fServices82%2f\r\n\r\nYou can take the #access_token value and pass it as the Authenticate HTTP header as a BEARER token.\r\n","flow":"implicit","authorizationUrl":"https://online.superoffice.com/login/common/oauth/authorize","scopes":{}}},"tags":[],"externalDocs":{"description":"The SuperOffice DevNet Community has more documentation, examples, and discussion forums.","url":"https://community.superoffice.com/en/developer/"}}