{"swagger":"2.0","info":{"version":"v1-REST","title":"SuperOffice REST API v1","description":"SuperOffice REST API - TriggerScript","termsOfService":"You must be an authorized user to access this API.","contact":{"name":"SuperOffice DevNet","url":"https://docs.superoffice.com/en/api/index.html","email":"sdk@superoffice.com"}},"host":"localhost:49604","schemes":["http","https"],"paths":{"/api/v1/TriggerScript/default":{"get":{"tags":["TriggerScript"],"summary":"Set default values into a new TriggerScriptEntity.","description":"NetServer calculates default values on the entity, which is required when creating/storing a new instance\r\n<para />## Online Restricted: ## The CRMScript agent is not available in Online by default. Access must be requested specifically when app is registered. Calls the CRMScript agent service CreateDefaultTriggerScriptEntity.\r\nNsApiSlow threshold: 5000 ms.","operationId":"v1TriggerScriptEntity_DefaultTriggerScriptEntity","consumes":[],"produces":["application/json","text/json","application/xml","text/xml","application/json-patch+json","application/merge-patch+json"],"parameters":[{"name":"Accept-Language","in":"header","description":"Convert string references and multi-language values into a specified language (iso2) code.","required":false,"type":"string"},{"name":"SO-Language","in":"header","description":"Convert string references and multi-language values into a specified language (iso2) code. Overrides Accept-Language value.","required":false,"type":"string"},{"name":"SO-Culture","in":"header","description":"Number, date formatting in a specified culture (iso2 language) code. Partially overrides SO-Language/Accept-Language value. Ignored if no Language set.","required":false,"type":"string"},{"name":"SO-TimeZone","in":"header","description":"Specify the timezone code that you would like date/time responses converted to.","required":false,"type":"string"},{"name":"SO-AppToken","in":"header","description":"The application token that identifies the partner app. Used when calling Online WebAPI from a server.","required":false,"type":"string"}],"responses":{"200":{"description":"OK","schema":{"$ref":"#/definitions/SuperOffice.CRM.Services.TriggerScriptEntity"}}},"security":[{"SuperOffice Password":[],"SuperId Authentication":[]}]}},"/api/v1/TriggerScript":{"get":{"tags":["TriggerScript"],"summary":"OData list of all TriggerScriptEntity.","description":"Can be sorted and further filtered using OData conventions:\r\n\r\n* TriggerScript?$select=col1,col2,abc/col3\r\n* TriggerScript?$filter=col1 eq 'foo' and startswith(col2, 'baz')\r\n* TriggerScript?$orderby=abc/col3,col1\r\n* TriggerScript?$top=1000\r\n* TriggerScript?$mode=full\r\n\r\n\r\nOData returns XML or JSON carriers depending on the Accept headers.\r\n\r\n\r\nCalls the Archive service using the \"EventHandler\" archive.\r\n\r\n\r\n## Filter Operators: ##\r\n\r\nints: eq =, ne, le, lt, gt, ge, set, equals, greater, less, unequals, between\r\n\r\nstrings: contains, is, notBegins, notContains, isNot\r\n\r\nassociate: associateIsOneOf, associateIsNotOneOf,  \r\n\r\nlist ids: oneOf, NotOneOf, \r\n\r\ndates: before, date, after, dateBetween, beforeToday\r\n\r\nUnary ops: currentAssociate, beforeToday, today, afterToday, lastWeek, thisWeek, nextWeek, lastMonth, thisMonth, nextMonth, lastQuarter, thisQuarter, nextQuarter, thisHalf, thisYear\r\n\r\nFuncs: substringof(a,b), startswith(a,b), endswith(a,b), this(f,period), next(f,n,period), previous(f,n,period), thisAndNext(f,n,period), thisAndPrevious(f,n,period), thisAndPreviousAndNext(f,period)\r\n","operationId":"v1TriggerScriptEntity_GetAll","consumes":[],"produces":["application/json","text/json","application/xml","text/xml","application/json-patch+json","application/merge-patch+json"],"parameters":[{"name":"$select","in":"query","description":"Comma separated list of column names to return. \"nameDepartment,fullname,category\". Can also use aggregation functions and modifiers: \"Count(category):Footer\"","required":false,"type":"string"},{"name":"$filter","in":"query","description":"Expression to restrict the results. e.g.: \"name begins 'foo' and category gt 1\"","required":false,"type":"string"},{"name":"$orderBy","in":"query","description":"Comma separated list of column names to sort by, with optional direction. \"name asc,fullname,category desc\"","required":false,"type":"string"},{"name":"$entities","in":"query","description":"Comma separated list of entity names to use. Default = \"\". \"contact, person\"","required":false,"type":"string"},{"name":"$top","in":"query","description":"Number of rows to return in results","required":false,"type":"integer","format":"int32"},{"name":"$skip","in":"query","description":"Number of rows from database to skip before returning results","required":false,"type":"integer","format":"int32"},{"name":"$mode","in":"query","description":"FULL (with raw values and hints for each value) or SLIM (just the display values)","required":false,"type":"string","enum":["Slim","Wide","Full"]},{"name":"$options","in":"query","description":"Provider specific options. e.g: \"GrandTotal=true\"","required":false,"type":"string"},{"name":"$context","in":"query","description":"Provider specific context parameter.","required":false,"type":"string"},{"name":"$format","in":"query","description":"Set XML or JSON output format; override the format determined from Accept header.","required":false,"type":"string"},{"name":"$jsonSafe","in":"query","description":"Make output names into JSON safe property names. Replace all unsafe characters with _ underscore.","required":false,"type":"boolean"},{"name":"$output","in":"query","description":"Return Logical or Display values in SLIM mode. Logical returns true/false for booleans, Display returns icon hints. Dates are always returned as ISO strings.","required":false,"type":"string","enum":["Logical","Display"]},{"name":"Accept-Language","in":"header","description":"Convert string references and multi-language values into a specified language (iso2) code.","required":false,"type":"string"},{"name":"SO-Language","in":"header","description":"Convert string references and multi-language values into a specified language (iso2) code. Overrides Accept-Language value.","required":false,"type":"string"},{"name":"SO-Culture","in":"header","description":"Number, date formatting in a specified culture (iso2 language) code. Partially overrides SO-Language/Accept-Language value. Ignored if no Language set.","required":false,"type":"string"},{"name":"SO-TimeZone","in":"header","description":"Specify the timezone code that you would like date/time responses converted to.","required":false,"type":"string"},{"name":"SO-AppToken","in":"header","description":"The application token that identifies the partner app. Used when calling Online WebAPI from a server.","required":false,"type":"string"}],"responses":{"200":{"description":"OK","schema":{"$ref":"#/definitions/SuperOffice.Services.WebApi.OData.ODataSlimResponse"}}},"security":[{"SuperOffice Password":[],"SuperId Authentication":[]}]},"post":{"tags":["TriggerScript"],"summary":"Creates a new TriggerScriptEntity","description":"Calls the CRMScript agent service SaveTriggerScriptEntity.\r\nNsApiSlow threshold: 5000 ms.\r\n<para />## Online Restricted: ## The CRMScript agent is not available in Online by default. Access must be requested specifically when app is registered.","operationId":"v1TriggerScriptEntity_PostTriggerScriptEntity","consumes":["application/json","text/json","application/xml","text/xml","application/x-www-form-urlencoded","application/json-patch+json","application/merge-patch+json"],"produces":["application/json","text/json","application/xml","text/xml","application/json-patch+json","application/merge-patch+json"],"parameters":[{"name":"newEntity","in":"body","description":"The TriggerScriptEntity to be saved.","required":true,"schema":{"$ref":"#/definitions/SuperOffice.CRM.Services.TriggerScriptEntity"}},{"name":"$select","in":"query","description":"Optional comma separated list of properties to include in the result. Other fields are then nulled out to reduce payload size: \"Name,department,category\" Default = show all fields.","required":false,"type":"string"},{"name":"Accept-Language","in":"header","description":"Convert string references and multi-language values into a specified language (iso2) code.","required":false,"type":"string"},{"name":"SO-Language","in":"header","description":"Convert string references and multi-language values into a specified language (iso2) code. Overrides Accept-Language value.","required":false,"type":"string"},{"name":"SO-Culture","in":"header","description":"Number, date formatting in a specified culture (iso2 language) code. Partially overrides SO-Language/Accept-Language value. Ignored if no Language set.","required":false,"type":"string"},{"name":"SO-TimeZone","in":"header","description":"Specify the timezone code that you would like date/time responses converted to.","required":false,"type":"string"},{"name":"SO-AppToken","in":"header","description":"The application token that identifies the partner app. Used when calling Online WebAPI from a server.","required":false,"type":"string"}],"responses":{"200":{"description":"OK","schema":{"$ref":"#/definitions/SuperOffice.WebApi.v1.Carriers.CRMScriptCarriers.TriggerScriptEntityWithLinks"}}},"security":[{"SuperOffice Password":[],"SuperId Authentication":[]}]}},"/api/v1/TriggerScript/{id}":{"get":{"tags":["TriggerScript"],"summary":"Gets a TriggerScriptEntity object.","description":"Calls the CRMScript agent service GetTriggerScriptEntity.\r\nNsApiSlow threshold: 5000 ms.\r\n<para />## Online Restricted: ## The CRMScript agent is not available in Online by default. Access must be requested specifically when app is registered.","operationId":"v1TriggerScriptEntity_GetTriggerScriptEntity","consumes":[],"produces":["application/json","text/json","application/xml","text/xml","application/json-patch+json","application/merge-patch+json"],"parameters":[{"name":"id","in":"path","description":"The id of the TriggerScriptEntity to return.","required":true,"type":"integer","format":"int32"},{"name":"$select","in":"query","description":"Optional comma separated list of properties to include in the result. Other fields are then nulled out to reduce payload size: \"Name,department,category\" Default = show all fields.","required":false,"type":"string"},{"name":"Accept-Language","in":"header","description":"Convert string references and multi-language values into a specified language (iso2) code.","required":false,"type":"string"},{"name":"SO-Language","in":"header","description":"Convert string references and multi-language values into a specified language (iso2) code. Overrides Accept-Language value.","required":false,"type":"string"},{"name":"SO-Culture","in":"header","description":"Number, date formatting in a specified culture (iso2 language) code. Partially overrides SO-Language/Accept-Language value. Ignored if no Language set.","required":false,"type":"string"},{"name":"SO-TimeZone","in":"header","description":"Specify the timezone code that you would like date/time responses converted to.","required":false,"type":"string"},{"name":"SO-AppToken","in":"header","description":"The application token that identifies the partner app. Used when calling Online WebAPI from a server.","required":false,"type":"string"}],"responses":{"200":{"description":"TriggerScriptEntity found.","schema":{"$ref":"#/definitions/SuperOffice.WebApi.v1.Carriers.CRMScriptCarriers.TriggerScriptEntityWithLinks"}},"404":{"description":"Not Found."}},"security":[{"SuperOffice Password":[],"SuperId Authentication":[]}]},"put":{"tags":["TriggerScript"],"summary":"Updates the existing TriggerScriptEntity","description":"NsApiSlow threshold: 5000 ms.\r\n<para />## Online Restricted: ## The CRMScript agent is not available in Online by default. Access must be requested specifically when app is registered.","operationId":"v1TriggerScriptEntity_PutTriggerScriptEntity","consumes":["application/json","text/json","application/xml","text/xml","application/x-www-form-urlencoded","application/json-patch+json","application/merge-patch+json"],"produces":["application/json","text/json","application/xml","text/xml","application/json-patch+json","application/merge-patch+json"],"parameters":[{"name":"id","in":"path","description":"The TriggerScriptEntity id to update.","required":true,"type":"integer","format":"int32"},{"name":"entity","in":"body","description":"The TriggerScriptEntity to be saved.","required":true,"schema":{"$ref":"#/definitions/SuperOffice.CRM.Services.TriggerScriptEntity"}},{"name":"$select","in":"query","description":"Optional comma separated list of properties to include in the result. Other fields are then nulled out to reduce payload size: \"Name,department,category\" Default = show all fields.","required":false,"type":"string"},{"name":"Accept-Language","in":"header","description":"Convert string references and multi-language values into a specified language (iso2) code.","required":false,"type":"string"},{"name":"SO-Language","in":"header","description":"Convert string references and multi-language values into a specified language (iso2) code. Overrides Accept-Language value.","required":false,"type":"string"},{"name":"SO-Culture","in":"header","description":"Number, date formatting in a specified culture (iso2 language) code. Partially overrides SO-Language/Accept-Language value. Ignored if no Language set.","required":false,"type":"string"},{"name":"SO-TimeZone","in":"header","description":"Specify the timezone code that you would like date/time responses converted to.","required":false,"type":"string"},{"name":"SO-AppToken","in":"header","description":"The application token that identifies the partner app. Used when calling Online WebAPI from a server.","required":false,"type":"string"}],"responses":{"200":{"description":"TriggerScriptEntity updated.","schema":{"$ref":"#/definitions/SuperOffice.WebApi.v1.Carriers.CRMScriptCarriers.TriggerScriptEntityWithLinks"}},"400":{"description":"Bad request. Entity to save is not in request body."}},"security":[{"SuperOffice Password":[],"SuperId Authentication":[]}]},"delete":{"tags":["TriggerScript"],"summary":"Deletes the TriggerScriptEntity","description":"<para />## Online Restricted: ## The CRMScript agent is not available in Online by default. Access must be requested specifically when app is registered. Calls the CRMScript agent service DeleteTriggerScriptEntity.\r\nNsApiSlow threshold: 5000 ms.","operationId":"v1TriggerScriptEntity_DeleteTriggerScriptEntity","consumes":[],"produces":[],"parameters":[{"name":"id","in":"path","description":"The TriggerScriptEntity to be deleted.","required":true,"type":"integer","format":"int32"},{"name":"SO-AppToken","in":"header","description":"The application token that identifies the partner app. Used when calling Online WebAPI from a server.","required":false,"type":"string"}],"responses":{"204":{"description":"TriggerScriptEntity deleted."}},"security":[{"SuperOffice Password":[],"SuperId Authentication":[]}]}},"/api/v1/TriggerScript/{triggerScriptUniqueId}":{"get":{"tags":["TriggerScript"],"summary":"Get a trigger CRMScript.","description":"<para />## Online Restricted: ## The CRMScript agent is not available in Online by default. Access must be requested specifically when app is registered.","operationId":"v1TriggerScriptEntity_GetTriggerScriptByUniqueId","consumes":[],"produces":["application/json","text/json","application/xml","text/xml","application/json-patch+json","application/merge-patch+json"],"parameters":[{"name":"triggerScriptUniqueId","in":"path","description":"The unique id of the CRMScript to validate","required":true,"type":"string"},{"name":"Accept-Language","in":"header","description":"Convert string references and multi-language values into a specified language (iso2) code.","required":false,"type":"string"},{"name":"SO-Language","in":"header","description":"Convert string references and multi-language values into a specified language (iso2) code. Overrides Accept-Language value.","required":false,"type":"string"},{"name":"SO-Culture","in":"header","description":"Number, date formatting in a specified culture (iso2 language) code. Partially overrides SO-Language/Accept-Language value. Ignored if no Language set.","required":false,"type":"string"},{"name":"SO-TimeZone","in":"header","description":"Specify the timezone code that you would like date/time responses converted to.","required":false,"type":"string"},{"name":"SO-AppToken","in":"header","description":"The application token that identifies the partner app. Used when calling Online WebAPI from a server.","required":false,"type":"string"}],"responses":{"200":{"description":"OK","schema":{"$ref":"#/definitions/SuperOffice.CRM.Services.TriggerScriptEntity"}}},"security":[{"SuperOffice Password":[],"SuperId Authentication":[]}]},"put":{"tags":["TriggerScript"],"summary":"Validate a CRMScript.","description":"This will check that the syntax is correct\r\n<para />## Online Restricted: ## The CRMScript agent is not available in Online by default. Access must be requested specifically when app is registered.","operationId":"v1TriggerScriptEntity_SaveTriggerScriptByUniqueId","consumes":["application/json","text/json","application/xml","text/xml","application/x-www-form-urlencoded","application/json-patch+json","application/merge-patch+json"],"produces":["application/json","text/json","application/xml","text/xml","application/json-patch+json","application/merge-patch+json"],"parameters":[{"name":"triggerScriptUniqueId","in":"path","description":"The unique id of the CRMScript to validate","required":true,"type":"string"},{"name":"entity","in":"body","description":"Trigger script details and source code","required":true,"schema":{"$ref":"#/definitions/SuperOffice.CRM.Services.TriggerScriptEntity"}},{"name":"Accept-Language","in":"header","description":"Convert string references and multi-language values into a specified language (iso2) code.","required":false,"type":"string"},{"name":"SO-Language","in":"header","description":"Convert string references and multi-language values into a specified language (iso2) code. Overrides Accept-Language value.","required":false,"type":"string"},{"name":"SO-Culture","in":"header","description":"Number, date formatting in a specified culture (iso2 language) code. Partially overrides SO-Language/Accept-Language value. Ignored if no Language set.","required":false,"type":"string"},{"name":"SO-TimeZone","in":"header","description":"Specify the timezone code that you would like date/time responses converted to.","required":false,"type":"string"},{"name":"SO-AppToken","in":"header","description":"The application token that identifies the partner app. Used when calling Online WebAPI from a server.","required":false,"type":"string"}],"responses":{"200":{"description":"OK","schema":{"$ref":"#/definitions/SuperOffice.CRM.Services.TriggerScriptEntity"}}},"security":[{"SuperOffice Password":[],"SuperId Authentication":[]}]},"delete":{"tags":["TriggerScript"],"summary":"Delete a trigger CRMScript.","description":"<para />## Online Restricted: ## The CRMScript agent is not available in Online by default. Access must be requested specifically when app is registered.","operationId":"v1TriggerScriptEntity_DeleteTriggerScriptByUniqueId","consumes":[],"produces":[],"parameters":[{"name":"triggerScriptUniqueId","in":"path","description":"The unique id of the CRMScript to validate","required":true,"type":"string"},{"name":"SO-AppToken","in":"header","description":"The application token that identifies the partner app. Used when calling Online WebAPI from a server.","required":false,"type":"string"}],"responses":{"204":{"description":"No Content"}},"security":[{"SuperOffice Password":[],"SuperId Authentication":[]}]}},"/api/v1/TriggerScript/{triggerScriptId}/Validate":{"get":{"tags":["TriggerScript"],"summary":"Validate a Trigger CRMScript.","description":"This will check that the syntax is correct, but not execute the script.\r\n<para />## Online Restricted: ## The CRMScript agent is not available in Online by default. Access must be requested specifically when app is registered.","operationId":"v1TriggerScriptEntity_ValidateTriggerScript","consumes":[],"produces":["application/json","text/json","application/xml","text/xml","application/json-patch+json","application/merge-patch+json"],"parameters":[{"name":"triggerScriptId","in":"path","description":"The id of the CRMScript Trigger to validate","required":true,"type":"integer","format":"int32"},{"name":"Accept-Language","in":"header","description":"Convert string references and multi-language values into a specified language (iso2) code.","required":false,"type":"string"},{"name":"SO-Language","in":"header","description":"Convert string references and multi-language values into a specified language (iso2) code. Overrides Accept-Language value.","required":false,"type":"string"},{"name":"SO-Culture","in":"header","description":"Number, date formatting in a specified culture (iso2 language) code. Partially overrides SO-Language/Accept-Language value. Ignored if no Language set.","required":false,"type":"string"},{"name":"SO-TimeZone","in":"header","description":"Specify the timezone code that you would like date/time responses converted to.","required":false,"type":"string"},{"name":"SO-AppToken","in":"header","description":"The application token that identifies the partner app. Used when calling Online WebAPI from a server.","required":false,"type":"string"}],"responses":{"200":{"description":"OK","schema":{"$ref":"#/definitions/SuperOffice.CRM.Services.CRMScriptResult"}}},"security":[{"SuperOffice Password":[],"SuperId Authentication":[]}]}},"/api/v1/TriggerScript/{triggerScriptUniqueId}/Validate":{"get":{"tags":["TriggerScript"],"summary":"Validate a Trigger CRMScript.","description":"This will check that the syntax is correct, but not execute the script.\r\n<para />## Online Restricted: ## The CRMScript agent is not available in Online by default. Access must be requested specifically when app is registered.","operationId":"v1TriggerScriptEntity_ValidateTriggerScriptByUniqueId","consumes":[],"produces":["application/json","text/json","application/xml","text/xml","application/json-patch+json","application/merge-patch+json"],"parameters":[{"name":"triggerScriptUniqueId","in":"path","description":"The unique id of the CRMScript to validate","required":true,"type":"string"},{"name":"Accept-Language","in":"header","description":"Convert string references and multi-language values into a specified language (iso2) code.","required":false,"type":"string"},{"name":"SO-Language","in":"header","description":"Convert string references and multi-language values into a specified language (iso2) code. Overrides Accept-Language value.","required":false,"type":"string"},{"name":"SO-Culture","in":"header","description":"Number, date formatting in a specified culture (iso2 language) code. Partially overrides SO-Language/Accept-Language value. Ignored if no Language set.","required":false,"type":"string"},{"name":"SO-TimeZone","in":"header","description":"Specify the timezone code that you would like date/time responses converted to.","required":false,"type":"string"},{"name":"SO-AppToken","in":"header","description":"The application token that identifies the partner app. Used when calling Online WebAPI from a server.","required":false,"type":"string"}],"responses":{"200":{"description":"OK","schema":{"$ref":"#/definitions/SuperOffice.CRM.Services.CRMScriptResult"}}},"security":[{"SuperOffice Password":[],"SuperId Authentication":[]}]}}},"definitions":{"SuperOffice.CRM.Services.TriggerScriptEntity":{"description":"CRM Trigger Script - The script runs when a given event fires.\r\n<para />\r\nCarrier object for TriggerScriptEntity.\r\nServices for the TriggerScriptEntity Carrier is available from the <see cref=\"T:SuperOffice.CRM.Services.ICRMScriptAgent\">CRMScript Agent</see>.","type":"object","properties":{"ScreenChooserId":{"format":"int32","description":"Primary key","type":"integer"},"Name":{"description":"Optional description of what this script is used for.","type":"string"},"ScreenType":{"description":"Event id that triggers script.  See EventHandlerType enum.","enum":["Unknown","NewTicket","NewTicketFromCustomerCenter","NewTicketFromEmail","NewTicketFromCustomerCenterBeforeSave","NewTicketFromSpmLink","NewNotifyTicketFromForm","NewTicketFromForm","TicketSave","TicketClosed","TicketPostponed","TicketDeleted","TicketActivated","TicketReopened","TicketReopenedFromCustomerCenter","TicketReopenedFromEmail","TicketChangedPriority","TicketChangedCategory","TicketChangedOwnedBy","TicketChangedPrimaryCustomer","TicketChangedTicketStatus","TicketChangedSlevel","TicketMessageAdded","TicketInternalMessageAdded","TicketExternalMessageAdded","TicketMessageSentimentCalculated","CompactModeInjection","CustomerCenterAuthentication","ScheduledTaskFailed","DbiTaskFailed","CustomerSetSubscriptions","ImportMailBeforeProcessing","ImportMailAfterProcessing","MainMenu","ChatNewSession","ChatSessionChangedStatus","ChatBeforeSaveNewMessage","ChatAfterSaveNewMessage","ServiceScreenNewTicketLoad","ServiceScreenNewQuickTicketLoad","ServiceScreenListTicketMessagesLoad","ServiceScreenAddMessageLoad","ServiceScreenEditTicketLoad","ServiceScreenViewCustomerLoad","ServiceScreenEditCustomerLoad","ServiceScreenViewCompanyLoad","ServiceScreenEditCompanyLoad","ServiceScreenForwardLoad","ServiceScreenEditExtraTableLoad","ServiceScreenNewTicketBeforeSubmit","ServiceScreenNewQuickTicketBeforeSubmit","ServiceScreenListTicketMessagesBeforeSubmit","ServiceScreenAddMessageBeforeSubmit","ServiceScreenEditTicketBeforeSubmit","ServiceScreenViewCustomerBeforeSubmit","ServiceScreenEditCustomerBeforeSubmit","ServiceScreenViewCompanyBeforeSubmit","ServiceScreenEditCompanyBeforeSubmit","ServiceScreenForwardBeforeSubmit","ServiceScreenEditExtraTableBeforeSubmit","ServiceScreenNewTicketAfterSubmit","ServiceScreenNewQuickTicketAfterSubmit","ServiceScreenListTicketMessagesAfterSubmit","ServiceScreenAddMessageAfterSubmit","ServiceScreenEditTicketAfterSubmit","ServiceScreenViewCustomerAfterSubmit","ServiceScreenEditCustomerAfterSubmit","ServiceScreenViewCompanyAfterSubmit","ServiceScreenEditCompanyAfterSubmit","ServiceScreenForwardAfterSubmit","ServiceScreenEditExtraTableAfterSubmit","SalesBeforeSaveAppointment","SalesBeforeSaveStakeholder","SalesBeforeSaveQuote","SalesBeforeSaveDocument","SalesBeforeSaveContact","SalesBeforeSavePerson","SalesBeforeSaveRelation","SalesBeforeSaveSale","SalesBeforeSaveProject","SalesBeforeSaveSelection","SalesBeforeSaveProjectMember","SalesBeforeSaveSelectionMember","SalesBeforeSaveQuoteLine","SalesBeforeSaveApproveQuote","SalesBeforeSaveRejectQuote","SalesBeforeSaveTicket","SalesLoadCustomObject","SalesBeforeSaveCustomObject","SalesAfterSaveAppointment","SalesAfterSaveStakeholder","SalesAfterSaveQuote","SalesAfterSaveDocument","SalesAfterSaveContact","SalesAfterSavePerson","SalesAfterSaveRelation","SalesAfterSaveSale","SalesAfterSaveProject","SalesAfterSaveSelection","SalesAfterSaveProjectMember","SalesAfterSaveSelectionMember","SalesAfterSaveQuoteLine","SalesAfterSaveApproveQuote","SalesAfterSaveRejectQuote","SalesAfterSaveTicket","SalesAfterSaveCustomObject","SalesSplitTicket","SalesLoadTicket","SalesLoadTicketMessage"],"type":"string"},"Enabled":{"description":"Whether this screen chooser is enabled or not","type":"boolean"},"UniqueIdentifier":{"description":"Global unique identifier, accross customers/tenants","type":"string"},"Source":{"description":"The CRMscript code for this event handler","type":"string"},"Registered":{"format":"date-time","description":"Registered when  in UTC.","type":"string"},"RegisteredAssociateId":{"format":"int32","description":"Registered by whom","type":"integer"},"Updated":{"format":"date-time","description":"Last updated when  in UTC.","type":"string"},"UpdatedAssociateId":{"format":"int32","description":"Last updated by whom","type":"integer"},"TableRight":{"$ref":"#/definitions/SuperOffice.CRM.Security.TableRight","description":"The carrier's table right"},"FieldProperties":{"description":"Field property dictionary mapping field names to field access rights.","type":"object","additionalProperties":{"$ref":"#/definitions/SuperOffice.CRM.Security.FieldProperty"}}}},"SuperOffice.CRM.Security.TableRight":{"description":"Wraps a table right together with an explanatory reason.\r\nCode can indicate why access is restricted.","type":"object","properties":{"Mask":{"type":"string"},"Reason":{"type":"string"}}},"SuperOffice.CRM.Security.FieldProperty":{"description":"Class holding properties like field length, field type about a field in the carrier.","type":"object","properties":{"FieldRight":{"$ref":"#/definitions/SuperOffice.CRM.Security.FieldRight"},"FieldType":{"type":"string"},"FieldLength":{"format":"int32","description":"","type":"integer"}}},"SuperOffice.CRM.Security.FieldRight":{"description":"Wraps the field right together with an explanatory reason.\r\nAlso adds logical operators to the field rights so that they can be easily combined.","type":"object","properties":{"Mask":{"type":"string"},"Reason":{"type":"string"}}},"SuperOffice.Services.WebApi.OData.ODataSlimResponse":{"description":"Easy to use archive results - just a flat list of values.","type":"object","properties":{"odata.metadata":{"type":"string"},"odata.nextLink":{"type":"string"},"value":{"type":"array","items":{"type":"object","additionalProperties":{"type":"object"}}}}},"SuperOffice.WebApi.v1.Carriers.CRMScriptCarriers.TriggerScriptEntityWithLinks":{"description":"CRM Trigger Script - The script runs when a given event fires.\r\n<para />\r\nTriggerScriptEntity entity with API _Links added.","type":"object","properties":{"ScreenChooserId":{"format":"int32","description":"Primary key","type":"integer"},"Name":{"description":"Optional description of what this script is used for.","type":"string"},"ScreenType":{"description":"Event id that triggers script.  See EventHandlerType enum.","enum":["Unknown","NewTicket","NewTicketFromCustomerCenter","NewTicketFromEmail","NewTicketFromCustomerCenterBeforeSave","NewTicketFromSpmLink","NewNotifyTicketFromForm","NewTicketFromForm","TicketSave","TicketClosed","TicketPostponed","TicketDeleted","TicketActivated","TicketReopened","TicketReopenedFromCustomerCenter","TicketReopenedFromEmail","TicketChangedPriority","TicketChangedCategory","TicketChangedOwnedBy","TicketChangedPrimaryCustomer","TicketChangedTicketStatus","TicketChangedSlevel","TicketMessageAdded","TicketInternalMessageAdded","TicketExternalMessageAdded","TicketMessageSentimentCalculated","CompactModeInjection","CustomerCenterAuthentication","ScheduledTaskFailed","DbiTaskFailed","CustomerSetSubscriptions","ImportMailBeforeProcessing","ImportMailAfterProcessing","MainMenu","ChatNewSession","ChatSessionChangedStatus","ChatBeforeSaveNewMessage","ChatAfterSaveNewMessage","ServiceScreenNewTicketLoad","ServiceScreenNewQuickTicketLoad","ServiceScreenListTicketMessagesLoad","ServiceScreenAddMessageLoad","ServiceScreenEditTicketLoad","ServiceScreenViewCustomerLoad","ServiceScreenEditCustomerLoad","ServiceScreenViewCompanyLoad","ServiceScreenEditCompanyLoad","ServiceScreenForwardLoad","ServiceScreenEditExtraTableLoad","ServiceScreenNewTicketBeforeSubmit","ServiceScreenNewQuickTicketBeforeSubmit","ServiceScreenListTicketMessagesBeforeSubmit","ServiceScreenAddMessageBeforeSubmit","ServiceScreenEditTicketBeforeSubmit","ServiceScreenViewCustomerBeforeSubmit","ServiceScreenEditCustomerBeforeSubmit","ServiceScreenViewCompanyBeforeSubmit","ServiceScreenEditCompanyBeforeSubmit","ServiceScreenForwardBeforeSubmit","ServiceScreenEditExtraTableBeforeSubmit","ServiceScreenNewTicketAfterSubmit","ServiceScreenNewQuickTicketAfterSubmit","ServiceScreenListTicketMessagesAfterSubmit","ServiceScreenAddMessageAfterSubmit","ServiceScreenEditTicketAfterSubmit","ServiceScreenViewCustomerAfterSubmit","ServiceScreenEditCustomerAfterSubmit","ServiceScreenViewCompanyAfterSubmit","ServiceScreenEditCompanyAfterSubmit","ServiceScreenForwardAfterSubmit","ServiceScreenEditExtraTableAfterSubmit","SalesBeforeSaveAppointment","SalesBeforeSaveStakeholder","SalesBeforeSaveQuote","SalesBeforeSaveDocument","SalesBeforeSaveContact","SalesBeforeSavePerson","SalesBeforeSaveRelation","SalesBeforeSaveSale","SalesBeforeSaveProject","SalesBeforeSaveSelection","SalesBeforeSaveProjectMember","SalesBeforeSaveSelectionMember","SalesBeforeSaveQuoteLine","SalesBeforeSaveApproveQuote","SalesBeforeSaveRejectQuote","SalesBeforeSaveTicket","SalesLoadCustomObject","SalesBeforeSaveCustomObject","SalesAfterSaveAppointment","SalesAfterSaveStakeholder","SalesAfterSaveQuote","SalesAfterSaveDocument","SalesAfterSaveContact","SalesAfterSavePerson","SalesAfterSaveRelation","SalesAfterSaveSale","SalesAfterSaveProject","SalesAfterSaveSelection","SalesAfterSaveProjectMember","SalesAfterSaveSelectionMember","SalesAfterSaveQuoteLine","SalesAfterSaveApproveQuote","SalesAfterSaveRejectQuote","SalesAfterSaveTicket","SalesAfterSaveCustomObject","SalesSplitTicket","SalesLoadTicket","SalesLoadTicketMessage"],"type":"string"},"Enabled":{"description":"Whether this screen chooser is enabled or not","type":"boolean"},"UniqueIdentifier":{"description":"Global unique identifier, accross customers/tenants","type":"string"},"Source":{"description":"The CRMscript code for this event handler","type":"string"},"Registered":{"format":"date-time","description":"Registered when  in UTC.","type":"string"},"RegisteredAssociateId":{"format":"int32","description":"Registered by whom","type":"integer"},"Updated":{"format":"date-time","description":"Last updated when  in UTC.","type":"string"},"UpdatedAssociateId":{"format":"int32","description":"Last updated by whom","type":"integer"},"TableRight":{"$ref":"#/definitions/SuperOffice.CRM.Security.TableRight","description":"The carrier's table right"},"FieldProperties":{"description":"Field property dictionary mapping field names to field access rights.","type":"object","additionalProperties":{"$ref":"#/definitions/SuperOffice.CRM.Security.FieldProperty"}},"_Links":{"type":"object","additionalProperties":{"type":"string"}}}},"SuperOffice.CRM.Services.CRMScriptResult":{"description":"Object for returning information when validating a CRMScript\r\n<para />\r\nCarrier object for CRMScriptResult.\r\nServices for the CRMScriptResult Carrier is available from the <see cref=\"T:SuperOffice.CRM.Services.ICRMScriptAgent\">CRMScript Agent</see>.","type":"object","properties":{"Valid":{"description":"True if the CRMScript was successfully validated. If false, see the error message for details","type":"boolean"},"ErrorMessage":{"description":"Deprecated, see ErrorInformation instead. Contains the error message for a non-valide CRMScript","type":"string"},"LineNumber":{"format":"int32","description":"Deprecated, see ErrorInformation instead. The line number containing the incorrect syntax, if available","type":"integer"},"ErrorInformation":{"$ref":"#/definitions/SuperOffice.CRM.Services.CRMScriptErrorInfo","description":"Contains error information if the validation failed"},"Transpiled":{"description":"This will contain transpiled code. In case of Typescript, this will then contain the executable JavaScript","type":"string"},"Includes":{"description":"The unique ids of all depencies of this script (all resolved includes)","type":"array","items":{"format":"int32","type":"integer"}},"SourceMaps":{"description":"Array of source maps showing where in the original code a specific line originated from","type":"array","items":{"$ref":"#/definitions/SuperOffice.CRM.Services.CRMScriptSourceMap"}},"TableRight":{"$ref":"#/definitions/SuperOffice.CRM.Security.TableRight","description":"The carrier's table right"},"FieldProperties":{"description":"Field property dictionary mapping field names to field access rights.","type":"object","additionalProperties":{"$ref":"#/definitions/SuperOffice.CRM.Security.FieldProperty"}}}},"SuperOffice.CRM.Services.CRMScriptErrorInfo":{"description":"Object containing error information for a CRMScript\r\n<para />\r\nCarrier object for CRMScriptErrorInfo.\r\nServices for the CRMScriptErrorInfo Carrier is available from the <see cref=\"T:SuperOffice.CRM.Services.ICRMScriptAgent\">CRMScript Agent</see>.","type":"object","properties":{"ErrorMessage":{"description":"Descriptive message of the script failed","type":"string"},"IncludeId":{"description":"The includeId of the source where the error occured","type":"string"},"LineNumber":{"format":"int32","description":"The line number where the error occured","type":"integer"},"CharacterPosition":{"format":"int32","description":"The character position on the ErrorLine, if available","type":"integer"},"TableRight":{"$ref":"#/definitions/SuperOffice.CRM.Security.TableRight","description":"The carrier's table right"},"FieldProperties":{"description":"Field property dictionary mapping field names to field access rights.","type":"object","additionalProperties":{"$ref":"#/definitions/SuperOffice.CRM.Security.FieldProperty"}}}},"SuperOffice.CRM.Services.CRMScriptSourceMap":{"description":"Object for returning source-map info when validating or executing a CRMScript\r\n<para />\r\nCarrier object for CRMScriptSourceMap.\r\nServices for the CRMScriptSourceMap Carrier is available from the <see cref=\"T:SuperOffice.CRM.Services.ICRMScriptAgent\">CRMScript Agent</see>.","type":"object","properties":{"LineNumberFrom":{"format":"int32","description":"The 1-based start line (inclusive) of this entry","type":"integer"},"LineNumberTo":{"format":"int32","description":"The 1-based end line (inclusive) of this entry","type":"integer"},"Delta":{"format":"int32","description":"The delta between global line number and a line number inside this range","type":"integer"},"IncludeId":{"description":"The includeId for this entry","type":"string"},"IncludedFrom":{"description":"The list of IncludeId:linenum that leads to this source","type":"array","items":{"type":"string"}},"TableRight":{"$ref":"#/definitions/SuperOffice.CRM.Security.TableRight","description":"The carrier's table right"},"FieldProperties":{"description":"Field property dictionary mapping field names to field access rights.","type":"object","additionalProperties":{"$ref":"#/definitions/SuperOffice.CRM.Security.FieldProperty"}}}}},"securityDefinitions":{"Password":{"type":"basic","description":"SuperOffice username:password are passed in Base64-encoded. \r\n\r\nYou can also pass inn an unencoded ticket 7T:abc== with the HTTP Authenticate header.\r\n"},"SuperId":{"type":"oauth2","description":"SuperOffice SuperId OAuth implicit flow. \r\nYou need to issue a request to the SuperId authorization URL\r\n    https://online.superoffice.com/login/common/oauth/authorize?response_type=token\r\n      &client_id=670734e0-4c5a-11e3-be9e-a171392e81db\r\n      &redirect_uri=https://example.com/spa/\r\n\r\npassing in the application id and redirect URL.\r\n\r\nSuperId will log the user in, and redirect to the requested redirect URL with a #payload\r\ncontaining the access token and claims. (The redirect URL must be registered with SuperId in advance)\r\n\r\n   https://example.com/spa#access_token=8A%3aCust12227.AXRrCITpPBvQX3UbIohb\r\n      &token_type=bearer\r\n      &state=\r\n      &expires_in=3600\r\n      &ctx=Cust12227\r\n      &netserver_url=https%3a%2f%2fsod.superoffice.com%2fCust12227%2fRemote%2fServices82%2f\r\n\r\nYou can take the #access_token value and pass it as the Authenticate HTTP header as a BEARER token.\r\n","flow":"implicit","authorizationUrl":"https://online.superoffice.com/login/common/oauth/authorize","scopes":{}}},"tags":[],"externalDocs":{"description":"The SuperOffice DevNet Community has more documentation, examples, and discussion forums.","url":"https://community.superoffice.com/en/developer/"}}