{"swagger":"2.0","info":{"version":"v1-REST","title":"SuperOffice REST API v1","description":"SuperOffice REST API - ProjectMember","termsOfService":"You must be an authorized user to access this API.","contact":{"name":"SuperOffice DevNet","url":"https://docs.superoffice.com/en/api/index.html","email":"sdk@superoffice.com"}},"host":"localhost:57236","schemes":["http","https"],"paths":{"/api/v1/ProjectMember/default":{"get":{"tags":["ProjectMember"],"summary":"Set default values into a new ProjectMember.","description":"NetServer calculates default values on the entity, which is required when creating/storing a new instance Calls the Project agent service CreateDefaultProjectMember.\r\nNsApiSlow threshold: 2000 ms.","operationId":"v1ProjectMember_DefaultProjectMember","consumes":[],"produces":["application/json","text/json","application/xml","text/xml","application/json-patch+json","application/merge-patch+json"],"parameters":[{"name":"Accept-Language","in":"header","description":"Convert string references and multi-language values into a specified language (iso2) code.","required":false,"type":"string"},{"name":"SO-Language","in":"header","description":"Convert string references and multi-language values into a specified language (iso2) code. Overrides Accept-Language value.","required":false,"type":"string"},{"name":"SO-Culture","in":"header","description":"Number, date formatting in a specified culture (iso2 language) code. Partially overrides SO-Language/Accept-Language value. Ignored if no Language set.","required":false,"type":"string"},{"name":"SO-TimeZone","in":"header","description":"Specify the timezone code that you would like date/time responses converted to.","required":false,"type":"string"},{"name":"SO-AppToken","in":"header","description":"The application token that identifies the partner app. Used when calling Online WebAPI from a server.","required":false,"type":"string"}],"responses":{"200":{"description":"OK","schema":{"$ref":"#/definitions/SuperOffice.CRM.Services.ProjectMember"}}},"security":[{"SuperOffice Password":[],"SuperId Authentication":[]}]}},"/api/v1/ProjectMember":{"get":{"tags":["ProjectMember"],"summary":"OData list of all ProjectMember.","description":"Can be sorted and further filtered using OData conventions:\r\n\r\n* ProjectMember?$select=col1,col2,abc/col3\r\n* ProjectMember?$filter=col1 eq 'foo' and startswith(col2, 'baz')\r\n* ProjectMember?$orderby=abc/col3,col1\r\n* ProjectMember?$top=1000\r\n* ProjectMember?$mode=full\r\n\r\n\r\nOData returns XML or JSON carriers depending on the Accept headers.\r\n\r\n\r\nCalls the Archive service using the \"ProjectMember\" archive.\r\n\r\n\r\n## Filter Operators: ##\r\n\r\nints: eq =, ne, le, lt, gt, ge, set, equals, greater, less, unequals, between\r\n\r\nstrings: contains, is, notBegins, notContains, isNot\r\n\r\nassociate: associateIsOneOf, associateIsNotOneOf,  \r\n\r\nlist ids: oneOf, NotOneOf, \r\n\r\ndates: before, date, after, dateBetween, beforeToday\r\n\r\nUnary ops: currentAssociate, beforeToday, today, afterToday, lastWeek, thisWeek, nextWeek, lastMonth, thisMonth, nextMonth, lastQuarter, thisQuarter, nextQuarter, thisHalf, thisYear\r\n\r\nFuncs: substringof(a,b), startswith(a,b), endswith(a,b), this(f,period), next(f,n,period), previous(f,n,period), thisAndNext(f,n,period), thisAndPrevious(f,n,period), thisAndPreviousAndNext(f,period)\r\n","operationId":"v1ProjectMember_GetAll","consumes":[],"produces":["application/json","text/json","application/xml","text/xml","application/json-patch+json","application/merge-patch+json"],"parameters":[{"name":"$select","in":"query","description":"Comma separated list of column names to return. \"nameDepartment,fullname,category\". Can also use aggregation functions and modifiers: \"Count(category):Footer\"","required":false,"type":"string"},{"name":"$filter","in":"query","description":"Expression to restrict the results. e.g.: \"name begins 'foo' and category gt 1\"","required":false,"type":"string"},{"name":"$orderBy","in":"query","description":"Comma separated list of column names to sort by, with optional direction. \"name asc,fullname,category desc\"","required":false,"type":"string"},{"name":"$entities","in":"query","description":"Comma separated list of entity names to use. Default = \"\". \"contact, person\"","required":false,"type":"string"},{"name":"$top","in":"query","description":"Number of rows to return in results","required":false,"type":"integer","format":"int32"},{"name":"$skip","in":"query","description":"Number of rows from database to skip before returning results","required":false,"type":"integer","format":"int32"},{"name":"$mode","in":"query","description":"FULL (with raw values and hints for each value) or SLIM (just the display values)","required":false,"type":"string","enum":["Slim","Wide","Full"]},{"name":"$options","in":"query","description":"Provider specific options. e.g: \"GrandTotal=true\"","required":false,"type":"string"},{"name":"$context","in":"query","description":"Provider specific context parameter.","required":false,"type":"string"},{"name":"$format","in":"query","description":"Set XML or JSON output format; override the format determined from Accept header.","required":false,"type":"string"},{"name":"$jsonSafe","in":"query","description":"Make output names into JSON safe property names. Replace all unsafe characters with _ underscore.","required":false,"type":"boolean"},{"name":"$output","in":"query","description":"Return Logical or Display values in SLIM mode. Logical returns true/false for booleans, Display returns icon hints. Dates are always returned as ISO strings.","required":false,"type":"string","enum":["Logical","Display"]},{"name":"Accept-Language","in":"header","description":"Convert string references and multi-language values into a specified language (iso2) code.","required":false,"type":"string"},{"name":"SO-Language","in":"header","description":"Convert string references and multi-language values into a specified language (iso2) code. Overrides Accept-Language value.","required":false,"type":"string"},{"name":"SO-Culture","in":"header","description":"Number, date formatting in a specified culture (iso2 language) code. Partially overrides SO-Language/Accept-Language value. Ignored if no Language set.","required":false,"type":"string"},{"name":"SO-TimeZone","in":"header","description":"Specify the timezone code that you would like date/time responses converted to.","required":false,"type":"string"},{"name":"SO-AppToken","in":"header","description":"The application token that identifies the partner app. Used when calling Online WebAPI from a server.","required":false,"type":"string"}],"responses":{"200":{"description":"OK","schema":{"$ref":"#/definitions/SuperOffice.Services.WebApi.OData.ODataSlimResponse"}}},"security":[{"SuperOffice Password":[],"SuperId Authentication":[]}]},"post":{"tags":["ProjectMember"],"summary":"Creates a new ProjectMember","description":"Calls the Project agent service SaveProjectMember.\r\nNsApiSlow threshold: 2000 ms.","operationId":"v1ProjectMember_PostProjectMember","consumes":["application/json","text/json","application/xml","text/xml","application/x-www-form-urlencoded","application/json-patch+json","application/merge-patch+json"],"produces":["application/json","text/json","application/xml","text/xml","application/json-patch+json","application/merge-patch+json"],"parameters":[{"name":"newEntity","in":"body","description":"The ProjectMember to be saved.","required":true,"schema":{"$ref":"#/definitions/SuperOffice.CRM.Services.ProjectMember"}},{"name":"$select","in":"query","description":"Optional comma separated list of properties to include in the result. Other fields are then nulled out to reduce payload size: \"Name,department,category\" Default = show all fields.","required":false,"type":"string"},{"name":"Accept-Language","in":"header","description":"Convert string references and multi-language values into a specified language (iso2) code.","required":false,"type":"string"},{"name":"SO-Language","in":"header","description":"Convert string references and multi-language values into a specified language (iso2) code. Overrides Accept-Language value.","required":false,"type":"string"},{"name":"SO-Culture","in":"header","description":"Number, date formatting in a specified culture (iso2 language) code. Partially overrides SO-Language/Accept-Language value. Ignored if no Language set.","required":false,"type":"string"},{"name":"SO-TimeZone","in":"header","description":"Specify the timezone code that you would like date/time responses converted to.","required":false,"type":"string"},{"name":"SO-AppToken","in":"header","description":"The application token that identifies the partner app. Used when calling Online WebAPI from a server.","required":false,"type":"string"}],"responses":{"200":{"description":"OK","schema":{"$ref":"#/definitions/SuperOffice.WebApi.v1.Carriers.ProjectCarriers.ProjectMemberWithLinks"}}},"security":[{"SuperOffice Password":[],"SuperId Authentication":[]}]}},"/api/v1/ProjectMember/{id}":{"get":{"tags":["ProjectMember"],"summary":"Gets a ProjectMember object.","description":"Calls the Project agent service GetProjectMember.\r\nNsApiSlow threshold: 2000 ms.","operationId":"v1ProjectMember_GetProjectMember","consumes":[],"produces":["application/json","text/json","application/xml","text/xml","application/json-patch+json","application/merge-patch+json"],"parameters":[{"name":"id","in":"path","description":"The id of the ProjectMember to return.","required":true,"type":"integer","format":"int32"},{"name":"$select","in":"query","description":"Optional comma separated list of properties to include in the result. Other fields are then nulled out to reduce payload size: \"Name,department,category\" Default = show all fields.","required":false,"type":"string"},{"name":"Accept-Language","in":"header","description":"Convert string references and multi-language values into a specified language (iso2) code.","required":false,"type":"string"},{"name":"SO-Language","in":"header","description":"Convert string references and multi-language values into a specified language (iso2) code. Overrides Accept-Language value.","required":false,"type":"string"},{"name":"SO-Culture","in":"header","description":"Number, date formatting in a specified culture (iso2 language) code. Partially overrides SO-Language/Accept-Language value. Ignored if no Language set.","required":false,"type":"string"},{"name":"SO-TimeZone","in":"header","description":"Specify the timezone code that you would like date/time responses converted to.","required":false,"type":"string"},{"name":"SO-AppToken","in":"header","description":"The application token that identifies the partner app. Used when calling Online WebAPI from a server.","required":false,"type":"string"}],"responses":{"200":{"description":"ProjectMember found.","schema":{"$ref":"#/definitions/SuperOffice.WebApi.v1.Carriers.ProjectCarriers.ProjectMemberWithLinks"}},"404":{"description":"Not Found."}},"security":[{"SuperOffice Password":[],"SuperId Authentication":[]}]},"put":{"tags":["ProjectMember"],"summary":"Updates the existing ProjectMember","description":"NsApiSlow threshold: 2000 ms.","operationId":"v1ProjectMember_PutProjectMember","consumes":["application/json","text/json","application/xml","text/xml","application/x-www-form-urlencoded","application/json-patch+json","application/merge-patch+json"],"produces":["application/json","text/json","application/xml","text/xml","application/json-patch+json","application/merge-patch+json"],"parameters":[{"name":"id","in":"path","description":"The ProjectMember id to update.","required":true,"type":"integer","format":"int32"},{"name":"entity","in":"body","description":"The ProjectMember to be saved.","required":true,"schema":{"$ref":"#/definitions/SuperOffice.CRM.Services.ProjectMember"}},{"name":"$select","in":"query","description":"Optional comma separated list of properties to include in the result. Other fields are then nulled out to reduce payload size: \"Name,department,category\" Default = show all fields.","required":false,"type":"string"},{"name":"Accept-Language","in":"header","description":"Convert string references and multi-language values into a specified language (iso2) code.","required":false,"type":"string"},{"name":"SO-Language","in":"header","description":"Convert string references and multi-language values into a specified language (iso2) code. Overrides Accept-Language value.","required":false,"type":"string"},{"name":"SO-Culture","in":"header","description":"Number, date formatting in a specified culture (iso2 language) code. Partially overrides SO-Language/Accept-Language value. Ignored if no Language set.","required":false,"type":"string"},{"name":"SO-TimeZone","in":"header","description":"Specify the timezone code that you would like date/time responses converted to.","required":false,"type":"string"},{"name":"SO-AppToken","in":"header","description":"The application token that identifies the partner app. Used when calling Online WebAPI from a server.","required":false,"type":"string"}],"responses":{"200":{"description":"ProjectMember updated.","schema":{"$ref":"#/definitions/SuperOffice.WebApi.v1.Carriers.ProjectCarriers.ProjectMemberWithLinks"}},"400":{"description":"Bad request. Entity to save is not in request body."}},"security":[{"SuperOffice Password":[],"SuperId Authentication":[]}]},"delete":{"tags":["ProjectMember"],"summary":"Deletes the ProjectMember","description":"Calls the Project agent service DeleteProjectMember.\r\nNsApiSlow threshold: 2000 ms.","operationId":"v1ProjectMember_DeleteProjectMember","consumes":[],"produces":[],"parameters":[{"name":"id","in":"path","description":"The ProjectMember to be deleted.","required":true,"type":"integer","format":"int32"},{"name":"SO-AppToken","in":"header","description":"The application token that identifies the partner app. Used when calling Online WebAPI from a server.","required":false,"type":"string"}],"responses":{"204":{"description":"ProjectMember deleted."}},"security":[{"SuperOffice Password":[],"SuperId Authentication":[]}]}}},"definitions":{"SuperOffice.CRM.Services.ProjectMember":{"description":"A person can be a member of multiple projects, with a different comment and member type in each project.\r\n<para />\r\nCarrier object for ProjectMember.\r\nServices for the ProjectMember Carrier is available from the <see cref=\"T:SuperOffice.CRM.Services.IProjectAgent\">Project Agent</see>.","type":"object","properties":{"ProjectmemberId":{"format":"int32","description":"Primary key","type":"integer"},"ContactId":{"format":"int32","description":"Contact ID of person who is the project member","type":"integer"},"ProjectId":{"format":"int32","description":"Parent project - the project this project member belongs to.","type":"integer"},"ContactName":{"description":"Contact name","type":"string"},"ContactDepartment":{"description":"Contact department","type":"string"},"ProjectName":{"description":"Name of the project this project member belongs to.","type":"string"},"EmailId":{"format":"int32","description":"The person's email address id","type":"integer"},"EmailAddress":{"description":"The e-mail address","type":"string"},"CountryId":{"format":"int32","description":"Country","type":"integer"},"Firstname":{"description":"First name","type":"string"},"MiddleName":{"description":"Middle name or 'van' etc.","type":"string"},"Lastname":{"description":"Last name","type":"string"},"PersonId":{"format":"int32","description":"The person's id - primary key","type":"integer"},"Mrmrs":{"description":"e.g. Mrs, Dr, Ms.","type":"string"},"ProjectMemberTypeName":{"description":"The projectmembers type name: 'secretary', 'member', etc.","type":"string"},"Phone":{"description":"Phone number","type":"string"},"PhoneId":{"format":"int32","description":"The phone id","type":"integer"},"ProjectMemberTypeId":{"format":"int32","description":"ProjectMember Type Id - from the ProjectMemberType list. \r\n<para>Use MDO List name \"PMembType\" to get list items.</para>","type":"integer"},"EmailAddressName":{"description":"The e-mail address description","type":"string"},"Comment":{"description":"Comment text on the project membership","type":"string"},"FullName":{"description":"The person's full name localized to the current culture/country.  (internal name used in clients for employees)","type":"string"},"Registered":{"format":"date-time","description":"The date and time when the project member was registered  in UTC.","type":"string"},"Updated":{"format":"date-time","description":"The date and time when the project member was last updated  in UTC.","type":"string"},"TableRight":{"$ref":"#/definitions/SuperOffice.CRM.Security.TableRight","description":"The carrier's table right"},"FieldProperties":{"description":"Field property dictionary mapping field names to field access rights.","type":"object","additionalProperties":{"$ref":"#/definitions/SuperOffice.CRM.Security.FieldProperty"}}}},"SuperOffice.CRM.Security.TableRight":{"description":"Wraps a table right together with an explanatory reason.\r\nCode can indicate why access is restricted.","type":"object","properties":{"Mask":{"type":"string"},"Reason":{"type":"string"}}},"SuperOffice.CRM.Security.FieldProperty":{"description":"Class holding properties like field length, field type about a field in the carrier.","type":"object","properties":{"FieldRight":{"$ref":"#/definitions/SuperOffice.CRM.Security.FieldRight"},"FieldType":{"type":"string"},"FieldLength":{"format":"int32","description":"","type":"integer"}}},"SuperOffice.CRM.Security.FieldRight":{"description":"Wraps the field right together with an explanatory reason.\r\nAlso adds logical operators to the field rights so that they can be easily combined.","type":"object","properties":{"Mask":{"type":"string"},"Reason":{"type":"string"}}},"SuperOffice.Services.WebApi.OData.ODataSlimResponse":{"description":"Easy to use archive results - just a flat list of values.","type":"object","properties":{"odata.metadata":{"type":"string"},"odata.nextLink":{"type":"string"},"value":{"type":"array","items":{"type":"object","additionalProperties":{"type":"object"}}}}},"SuperOffice.WebApi.v1.Carriers.ProjectCarriers.ProjectMemberWithLinks":{"description":"A person can be a member of multiple projects, with a different comment and member type in each project.\r\n<para />\r\nProjectMember entity with API _Links added.","type":"object","properties":{"ProjectmemberId":{"format":"int32","description":"Primary key","type":"integer"},"ContactId":{"format":"int32","description":"Contact ID of person who is the project member","type":"integer"},"ProjectId":{"format":"int32","description":"Parent project - the project this project member belongs to.","type":"integer"},"ContactName":{"description":"Contact name","type":"string"},"ContactDepartment":{"description":"Contact department","type":"string"},"ProjectName":{"description":"Name of the project this project member belongs to.","type":"string"},"EmailId":{"format":"int32","description":"The person's email address id","type":"integer"},"EmailAddress":{"description":"The e-mail address","type":"string"},"CountryId":{"format":"int32","description":"Country","type":"integer"},"Firstname":{"description":"First name","type":"string"},"MiddleName":{"description":"Middle name or 'van' etc.","type":"string"},"Lastname":{"description":"Last name","type":"string"},"PersonId":{"format":"int32","description":"The person's id - primary key","type":"integer"},"Mrmrs":{"description":"e.g. Mrs, Dr, Ms.","type":"string"},"ProjectMemberTypeName":{"description":"The projectmembers type name: 'secretary', 'member', etc.","type":"string"},"Phone":{"description":"Phone number","type":"string"},"PhoneId":{"format":"int32","description":"The phone id","type":"integer"},"ProjectMemberTypeId":{"format":"int32","description":"ProjectMember Type Id - from the ProjectMemberType list. \r\n<para>Use MDO List name \"PMembType\" to get list items.</para>","type":"integer"},"EmailAddressName":{"description":"The e-mail address description","type":"string"},"Comment":{"description":"Comment text on the project membership","type":"string"},"FullName":{"description":"The person's full name localized to the current culture/country.  (internal name used in clients for employees)","type":"string"},"Registered":{"format":"date-time","description":"The date and time when the project member was registered  in UTC.","type":"string"},"Updated":{"format":"date-time","description":"The date and time when the project member was last updated  in UTC.","type":"string"},"TableRight":{"$ref":"#/definitions/SuperOffice.CRM.Security.TableRight","description":"The carrier's table right"},"FieldProperties":{"description":"Field property dictionary mapping field names to field access rights.","type":"object","additionalProperties":{"$ref":"#/definitions/SuperOffice.CRM.Security.FieldProperty"}},"_Links":{"type":"object","additionalProperties":{"type":"string"}}}}},"securityDefinitions":{"SuperOffice Password":{"type":"basic","description":"SuperOffice username:password are passed in Base64-encoded. \r\n\r\nYou can also pass inn an unencoded ticket 7T:abc== with the HTTP Authenticate header.\r\n"},"SuperId Authentication":{"type":"oauth2","description":"SuperOffice SuperId OAuth implicit flow. \r\nYou need to issue a request to the SuperId authorization URL\r\n    https://online.superoffice.com/login/common/oauth/authorize?response_type=token\r\n      &client_id=670734e0-4c5a-11e3-be9e-a171392e81db\r\n      &redirect_uri=https://example.com/spa/\r\n\r\npassing in the application id and redirect URL.\r\n\r\nSuperId will log the user in, and redirect to the requested redirect URL with a #payload\r\ncontaining the access token and claims. (The redirect URL must be registered with SuperId in advance)\r\n\r\n   https://example.com/spa#access_token=8A%3aCust12227.AXRrCITpPBvQX3UbIohb\r\n      &token_type=bearer\r\n      &state=\r\n      &expires_in=3600\r\n      &ctx=Cust12227\r\n      &netserver_url=https%3a%2f%2fsod.superoffice.com%2fCust12227%2fRemote%2fServices82%2f\r\n\r\nYou can take the #access_token value and pass it as the Authenticate HTTP header as a BEARER token.\r\n","flow":"implicit","authorizationUrl":"https://online.superoffice.com/login/common/oauth/authorize","scopes":{}}},"tags":[],"externalDocs":{"description":"The SuperOffice DevNet Community has more documentation, examples, and discussion forums.","url":"https://community.superoffice.com/en/developer/"}}