{"swagger":"2.0","info":{"version":"v1-REST","title":"SuperOffice REST API v1","description":"SuperOffice REST API - ShipmentMessage","termsOfService":"You must be an authorized user to access this API.","contact":{"name":"SuperOffice DevNet","url":"https://docs.superoffice.com/en/api/index.html","email":"sdk@superoffice.com"}},"host":"localhost:61724","schemes":["http","https"],"paths":{"/api/v1/ShipmentMessage/default":{"get":{"tags":["ShipmentMessage"],"summary":"Set default values into a new ShipmentMessageEntity.","description":"NetServer calculates default values on the entity, which is required when creating/storing a new instance Calls the Marketing agent service CreateDefaultShipmentMessageEntity.\r\nNsApiSlow threshold: 5000 ms.","operationId":"v1ShipmentMessageEntity_DefaultShipmentMessageEntity","consumes":[],"produces":["application/json","text/json","application/xml","text/xml","application/json-patch+json","application/merge-patch+json"],"parameters":[{"name":"Accept-Language","in":"header","description":"Convert string references and multi-language values into a specified language (iso2) code.","required":false,"type":"string"},{"name":"SO-Language","in":"header","description":"Convert string references and multi-language values into a specified language (iso2) code. Overrides Accept-Language value.","required":false,"type":"string"},{"name":"SO-Culture","in":"header","description":"Number, date formatting in a specified culture (iso2 language) code. Partially overrides SO-Language/Accept-Language value. Ignored if no Language set.","required":false,"type":"string"},{"name":"SO-TimeZone","in":"header","description":"Specify the timezone code that you would like date/time responses converted to.","required":false,"type":"string"},{"name":"SO-AppToken","in":"header","description":"The application token that identifies the partner app. Used when calling Online WebAPI from a server.","required":false,"type":"string"}],"responses":{"200":{"description":"OK","schema":{"$ref":"#/definitions/SuperOffice.CRM.Services.ShipmentMessageEntity"}}},"security":[{"SuperOffice Password":[],"SuperId Authentication":[]}]}},"/api/v1/ShipmentMessage":{"post":{"tags":["ShipmentMessage"],"summary":"Creates a new ShipmentMessageEntity","description":"Calls the Marketing agent service SaveShipmentMessageEntity.\r\nNsApiSlow threshold: 5000 ms.","operationId":"v1ShipmentMessageEntity_PostShipmentMessageEntity","consumes":["application/json","text/json","application/xml","text/xml","application/x-www-form-urlencoded","application/json-patch+json","application/merge-patch+json"],"produces":["application/json","text/json","application/xml","text/xml","application/json-patch+json","application/merge-patch+json"],"parameters":[{"name":"newEntity","in":"body","description":"The ShipmentMessageEntity to be saved.","required":true,"schema":{"$ref":"#/definitions/SuperOffice.CRM.Services.ShipmentMessageEntity"}},{"name":"$select","in":"query","description":"Optional comma separated list of properties to include in the result. Other fields are then nulled out to reduce payload size: \"Name,department,category\" Default = show all fields.","required":false,"type":"string"},{"name":"Accept-Language","in":"header","description":"Convert string references and multi-language values into a specified language (iso2) code.","required":false,"type":"string"},{"name":"SO-Language","in":"header","description":"Convert string references and multi-language values into a specified language (iso2) code. Overrides Accept-Language value.","required":false,"type":"string"},{"name":"SO-Culture","in":"header","description":"Number, date formatting in a specified culture (iso2 language) code. Partially overrides SO-Language/Accept-Language value. Ignored if no Language set.","required":false,"type":"string"},{"name":"SO-TimeZone","in":"header","description":"Specify the timezone code that you would like date/time responses converted to.","required":false,"type":"string"},{"name":"SO-AppToken","in":"header","description":"The application token that identifies the partner app. Used when calling Online WebAPI from a server.","required":false,"type":"string"}],"responses":{"200":{"description":"OK","schema":{"$ref":"#/definitions/SuperOffice.WebApi.v1.Carriers.MarketingCarriers.ShipmentMessageEntityWithLinks"}}},"security":[{"SuperOffice Password":[],"SuperId Authentication":[]}]}},"/api/v1/ShipmentMessage/{id}":{"get":{"tags":["ShipmentMessage"],"summary":"Gets a ShipmentMessageEntity object.","description":"Calls the Marketing agent service GetShipmentMessageEntity.\r\nNsApiSlow threshold: 5000 ms.","operationId":"v1ShipmentMessageEntity_GetShipmentMessageEntity","consumes":[],"produces":["application/json","text/json","application/xml","text/xml","application/json-patch+json","application/merge-patch+json"],"parameters":[{"name":"id","in":"path","description":"The id of the ShipmentMessageEntity to return.","required":true,"type":"integer","format":"int32"},{"name":"$select","in":"query","description":"Optional comma separated list of properties to include in the result. Other fields are then nulled out to reduce payload size: \"Name,department,category\" Default = show all fields.","required":false,"type":"string"},{"name":"Accept-Language","in":"header","description":"Convert string references and multi-language values into a specified language (iso2) code.","required":false,"type":"string"},{"name":"SO-Language","in":"header","description":"Convert string references and multi-language values into a specified language (iso2) code. Overrides Accept-Language value.","required":false,"type":"string"},{"name":"SO-Culture","in":"header","description":"Number, date formatting in a specified culture (iso2 language) code. Partially overrides SO-Language/Accept-Language value. Ignored if no Language set.","required":false,"type":"string"},{"name":"SO-TimeZone","in":"header","description":"Specify the timezone code that you would like date/time responses converted to.","required":false,"type":"string"},{"name":"SO-AppToken","in":"header","description":"The application token that identifies the partner app. Used when calling Online WebAPI from a server.","required":false,"type":"string"}],"responses":{"200":{"description":"ShipmentMessageEntity found.","schema":{"$ref":"#/definitions/SuperOffice.WebApi.v1.Carriers.MarketingCarriers.ShipmentMessageEntityWithLinks"}},"404":{"description":"Not Found."}},"security":[{"SuperOffice Password":[],"SuperId Authentication":[]}]},"put":{"tags":["ShipmentMessage"],"summary":"Updates the existing ShipmentMessageEntity","description":"NsApiSlow threshold: 5000 ms.","operationId":"v1ShipmentMessageEntity_PutShipmentMessageEntity","consumes":["application/json","text/json","application/xml","text/xml","application/x-www-form-urlencoded","application/json-patch+json","application/merge-patch+json"],"produces":["application/json","text/json","application/xml","text/xml","application/json-patch+json","application/merge-patch+json"],"parameters":[{"name":"id","in":"path","description":"The ShipmentMessageEntity id to update.","required":true,"type":"integer","format":"int32"},{"name":"entity","in":"body","description":"The ShipmentMessageEntity to be saved.","required":true,"schema":{"$ref":"#/definitions/SuperOffice.CRM.Services.ShipmentMessageEntity"}},{"name":"$select","in":"query","description":"Optional comma separated list of properties to include in the result. Other fields are then nulled out to reduce payload size: \"Name,department,category\" Default = show all fields.","required":false,"type":"string"},{"name":"Accept-Language","in":"header","description":"Convert string references and multi-language values into a specified language (iso2) code.","required":false,"type":"string"},{"name":"SO-Language","in":"header","description":"Convert string references and multi-language values into a specified language (iso2) code. Overrides Accept-Language value.","required":false,"type":"string"},{"name":"SO-Culture","in":"header","description":"Number, date formatting in a specified culture (iso2 language) code. Partially overrides SO-Language/Accept-Language value. Ignored if no Language set.","required":false,"type":"string"},{"name":"SO-TimeZone","in":"header","description":"Specify the timezone code that you would like date/time responses converted to.","required":false,"type":"string"},{"name":"SO-AppToken","in":"header","description":"The application token that identifies the partner app. Used when calling Online WebAPI from a server.","required":false,"type":"string"}],"responses":{"200":{"description":"ShipmentMessageEntity updated.","schema":{"$ref":"#/definitions/SuperOffice.WebApi.v1.Carriers.MarketingCarriers.ShipmentMessageEntityWithLinks"}},"400":{"description":"Bad request. Entity to save is not in request body."}},"security":[{"SuperOffice Password":[],"SuperId Authentication":[]}]},"delete":{"tags":["ShipmentMessage"],"summary":"Deletes the ShipmentMessageEntity","description":"Calls the Marketing agent service DeleteShipmentMessageEntity.\r\nNsApiSlow threshold: 5000 ms.","operationId":"v1ShipmentMessageEntity_DeleteShipmentMessageEntity","consumes":[],"produces":[],"parameters":[{"name":"id","in":"path","description":"The ShipmentMessageEntity to be deleted.","required":true,"type":"integer","format":"int32"},{"name":"SO-AppToken","in":"header","description":"The application token that identifies the partner app. Used when calling Online WebAPI from a server.","required":false,"type":"string"}],"responses":{"204":{"description":"ShipmentMessageEntity deleted."}},"security":[{"SuperOffice Password":[],"SuperId Authentication":[]}]}}},"definitions":{"SuperOffice.CRM.Services.ShipmentMessageEntity":{"description":"A shipment message, that contains the actual message being sent out in a mailing\r\n<para />\r\nCarrier object for ShipmentMessageEntity.\r\nServices for the ShipmentMessageEntity Carrier is available from the <see cref=\"T:SuperOffice.CRM.Services.IMarketingAgent\">Marketing Agent</see>.","type":"object","properties":{"ShipmentMessageId":{"format":"int32","description":"Primary key","type":"integer"},"PlainMessage":{"description":"Plain message text of this message","type":"string"},"HtmlMessage":{"description":"HTML formatted text of this message","type":"string"},"SmsMessage":{"description":"SMS version of this message","type":"string"},"Description":{"description":"Describes this message","type":"string"},"Subject":{"description":"The mail subject field of the message","type":"string"},"FolderId":{"format":"int32","description":"The folder which this message belongs to. -1 indicates that the message is on the root","type":"integer"},"HeaderField":{"description":"Extra header fields added to mail. Must be formatted correctly","type":"string"},"Design":{"description":"Will contain the design part of a message. The format will vary based on the type of designer used to create the message","type":"string"},"Designtype":{"description":"Enum containing the type of the design","enum":["Unknown","SOEditor","Unlayer"],"type":"string"},"Flags":{"description":"Identifies if HTML or plain message is included in message.","enum":["Plain","Html","SourceView","Sms","Document"],"type":"string"},"RegisterViews":{"description":"Register message views?","type":"boolean"},"InlineImages":{"description":"Should images be included inline?","type":"boolean"},"LongDescription":{"description":"A field for a long description of this template","type":"string"},"AccessKey":{"description":"Key used for access verification","type":"string"},"DocumentMessage":{"format":"int32","description":"The SM document used as template for this mailing","type":"integer"},"Registered":{"format":"date-time","description":"Registered when  in UTC.","type":"string"},"RegisteredAssociateId":{"format":"int32","description":"Registered by whom","type":"integer"},"Updated":{"format":"date-time","description":"Last updated when  in UTC.","type":"string"},"UpdatedAssociateId":{"format":"int32","description":"Last updated by whom","type":"integer"},"UpdatedCount":{"format":"int32","description":"Number of updates made to this record","type":"integer"},"TableRight":{"$ref":"#/definitions/SuperOffice.CRM.Security.TableRight","description":"The carrier's table right"},"FieldProperties":{"description":"Field property dictionary mapping field names to field access rights.","type":"object","additionalProperties":{"$ref":"#/definitions/SuperOffice.CRM.Security.FieldProperty"}}}},"SuperOffice.CRM.Security.TableRight":{"description":"Wraps a table right together with an explanatory reason.\r\nCode can indicate why access is restricted.","type":"object","properties":{"Mask":{"type":"string"},"Reason":{"type":"string"}}},"SuperOffice.CRM.Security.FieldProperty":{"description":"Class holding properties like field length, field type about a field in the carrier.","type":"object","properties":{"FieldRight":{"$ref":"#/definitions/SuperOffice.CRM.Security.FieldRight"},"FieldType":{"type":"string"},"FieldLength":{"format":"int32","description":"","type":"integer"}}},"SuperOffice.CRM.Security.FieldRight":{"description":"Wraps the field right together with an explanatory reason.\r\nAlso adds logical operators to the field rights so that they can be easily combined.","type":"object","properties":{"Mask":{"type":"string"},"Reason":{"type":"string"}}},"SuperOffice.WebApi.v1.Carriers.MarketingCarriers.ShipmentMessageEntityWithLinks":{"description":"A shipment message, that contains the actual message being sent out in a mailing\r\n<para />\r\nShipmentMessageEntity entity with API _Links added.","type":"object","properties":{"ShipmentMessageId":{"format":"int32","description":"Primary key","type":"integer"},"PlainMessage":{"description":"Plain message text of this message","type":"string"},"HtmlMessage":{"description":"HTML formatted text of this message","type":"string"},"SmsMessage":{"description":"SMS version of this message","type":"string"},"Description":{"description":"Describes this message","type":"string"},"Subject":{"description":"The mail subject field of the message","type":"string"},"FolderId":{"format":"int32","description":"The folder which this message belongs to. -1 indicates that the message is on the root","type":"integer"},"HeaderField":{"description":"Extra header fields added to mail. Must be formatted correctly","type":"string"},"Design":{"description":"Will contain the design part of a message. The format will vary based on the type of designer used to create the message","type":"string"},"Designtype":{"description":"Enum containing the type of the design","enum":["Unknown","SOEditor","Unlayer"],"type":"string"},"Flags":{"description":"Identifies if HTML or plain message is included in message.","enum":["Plain","Html","SourceView","Sms","Document"],"type":"string"},"RegisterViews":{"description":"Register message views?","type":"boolean"},"InlineImages":{"description":"Should images be included inline?","type":"boolean"},"LongDescription":{"description":"A field for a long description of this template","type":"string"},"AccessKey":{"description":"Key used for access verification","type":"string"},"DocumentMessage":{"format":"int32","description":"The SM document used as template for this mailing","type":"integer"},"Registered":{"format":"date-time","description":"Registered when  in UTC.","type":"string"},"RegisteredAssociateId":{"format":"int32","description":"Registered by whom","type":"integer"},"Updated":{"format":"date-time","description":"Last updated when  in UTC.","type":"string"},"UpdatedAssociateId":{"format":"int32","description":"Last updated by whom","type":"integer"},"UpdatedCount":{"format":"int32","description":"Number of updates made to this record","type":"integer"},"TableRight":{"$ref":"#/definitions/SuperOffice.CRM.Security.TableRight","description":"The carrier's table right"},"FieldProperties":{"description":"Field property dictionary mapping field names to field access rights.","type":"object","additionalProperties":{"$ref":"#/definitions/SuperOffice.CRM.Security.FieldProperty"}},"_Links":{"type":"object","additionalProperties":{"type":"string"}}}}},"securityDefinitions":{"Password":{"type":"basic","description":"SuperOffice username:password are passed in Base64-encoded. \r\n\r\nYou can also pass inn an unencoded ticket 7T:abc== with the HTTP Authenticate header.\r\n"},"SuperId":{"type":"oauth2","description":"SuperOffice SuperId OAuth implicit flow. \r\nYou need to issue a request to the SuperId authorization URL\r\n    https://online.superoffice.com/login/common/oauth/authorize?response_type=token\r\n      &client_id=670734e0-4c5a-11e3-be9e-a171392e81db\r\n      &redirect_uri=https://example.com/spa/\r\n\r\npassing in the application id and redirect URL.\r\n\r\nSuperId will log the user in, and redirect to the requested redirect URL with a #payload\r\ncontaining the access token and claims. (The redirect URL must be registered with SuperId in advance)\r\n\r\n   https://example.com/spa#access_token=8A%3aCust12227.AXRrCITpPBvQX3UbIohb\r\n      &token_type=bearer\r\n      &state=\r\n      &expires_in=3600\r\n      &ctx=Cust12227\r\n      &netserver_url=https%3a%2f%2fsod.superoffice.com%2fCust12227%2fRemote%2fServices82%2f\r\n\r\nYou can take the #access_token value and pass it as the Authenticate HTTP header as a BEARER token.\r\n","flow":"implicit","authorizationUrl":"https://online.superoffice.com/login/common/oauth/authorize","scopes":{}}},"tags":[],"externalDocs":{"description":"The SuperOffice DevNet Community has more documentation, examples, and discussion forums.","url":"https://community.superoffice.com/en/developer/"}}