{"swagger":"2.0","info":{"version":"v1-REST","title":"SuperOffice REST API v1","description":"SuperOffice REST API - Schema","termsOfService":"You must be an authorized user to access this API.","contact":{"name":"SuperOffice DevNet","url":"https://docs.superoffice.com/en/api/index.html","email":"sdk@superoffice.com"}},"host":"localhost:50426","schemes":["http","https"],"paths":{"/api/v1/Schema/{tableName}":{"get":{"tags":["FieldInfoBase"],"summary":"Return information about all the custom fields (user-defined + extra) on a particular table","description":"","operationId":"v1FieldInfoBase_GetCustomFieldInfoList","consumes":[],"produces":["application/json","text/json","application/xml","text/xml","application/json-patch+json","application/merge-patch+json"],"parameters":[{"name":"tableName","in":"path","description":"The name of table that owns the custom fields. e.g. 'contact', 'person', 'project' etc.","required":true,"type":"string"},{"name":"includeStandard","in":"query","description":"Include standard fields in result. Default false.","required":false,"type":"boolean"},{"name":"Accept-Language","in":"header","description":"Convert string references and multi-language values into a specified language (iso2) code.","required":false,"type":"string"},{"name":"SO-Language","in":"header","description":"Convert string references and multi-language values into a specified language (iso2) code. Overrides Accept-Language value.","required":false,"type":"string"},{"name":"SO-Culture","in":"header","description":"Number, date formatting in a specified culture (iso2 language) code. Partially overrides SO-Language/Accept-Language value. Ignored if no Language set.","required":false,"type":"string"},{"name":"SO-TimeZone","in":"header","description":"Specify the timezone code that you would like date/time responses converted to.","required":false,"type":"string"},{"name":"SO-AppToken","in":"header","description":"The application token that identifies the partner app. Used when calling Online WebAPI from a server.","required":false,"type":"string"}],"responses":{"200":{"description":"OK","schema":{"type":"array","items":{"$ref":"#/definitions/SuperOffice.CRM.Services.FieldInfoBase"}}}},"security":[{"SuperOffice Password":[],"SuperId Authentication":[]}]}},"/api/v1/Schema/{tableName}/{fieldName}":{"get":{"tags":["FieldInfoBase"],"summary":"Return information about a particular custom field (user-defined + extra) on a particular table","description":"","operationId":"v1FieldInfoBase_GetCustomFieldInfo","consumes":[],"produces":["application/json","text/json","application/xml","text/xml","application/json-patch+json","application/merge-patch+json"],"parameters":[{"name":"tableName","in":"path","description":"The name of table that owns the custom fields. e.g. 'contact', 'person', 'project' etc.","required":true,"type":"string"},{"name":"fieldName","in":"path","description":"The name of the field: prog:id or field name. e.g. 'SuperOffice:21' or 'x_foobar'","required":true,"type":"string"},{"name":"Accept-Language","in":"header","description":"Convert string references and multi-language values into a specified language (iso2) code.","required":false,"type":"string"},{"name":"SO-Language","in":"header","description":"Convert string references and multi-language values into a specified language (iso2) code. Overrides Accept-Language value.","required":false,"type":"string"},{"name":"SO-Culture","in":"header","description":"Number, date formatting in a specified culture (iso2 language) code. Partially overrides SO-Language/Accept-Language value. Ignored if no Language set.","required":false,"type":"string"},{"name":"SO-TimeZone","in":"header","description":"Specify the timezone code that you would like date/time responses converted to.","required":false,"type":"string"},{"name":"SO-AppToken","in":"header","description":"The application token that identifies the partner app. Used when calling Online WebAPI from a server.","required":false,"type":"string"}],"responses":{"200":{"description":"OK","schema":{"$ref":"#/definitions/SuperOffice.CRM.Services.FieldInfoBase"}}},"security":[{"SuperOffice Password":[],"SuperId Authentication":[]}]}}},"definitions":{"SuperOffice.CRM.Services.FieldInfoBase":{"description":"Abstract basic information about database fields. May be custom or user-defined fields. The information can be used to build a user interface.\r\n<para />\r\nCarrier object for FieldInfoBase.\r\nServices for the FieldInfoBase Carrier is available from the <see cref=\"T:SuperOffice.CRM.Services.IUserDefinedFieldInfoAgent\">UserDefinedFieldInfo Agent</see>.","type":"object","properties":{"FieldType":{"description":"What sort of data does this field contain. 1 = int, 2 = short text, ...","enum":["Unknown","Integer","ShortText","LongText","Date","Blob","Checkbox","MdoList","Decimal","DateTime","Time","TimeSpan","RelationTo","Attachment","DynamicLink","ListText"],"type":"string"},"FieldName":{"description":"Database name or prog-id: 'x_foobar' or 'SuperOffice:2'.","type":"string"},"DisplayName":{"description":"Label for field. May be multi-lang string encoded.","type":"string"},"Description":{"description":"Optional tooltip text for this field","type":"string"},"ShortLabel":{"description":"Short name to be used in Archive headings and on page 1. If blank, the fieldLabel will be used everywhere.","type":"string"},"HideLabel":{"description":"Hide the label if 1","type":"boolean"},"HideField":{"description":"Hide the field from the UI. Only allow API access.","type":"boolean"},"IsIndexed":{"description":"Is this field indexed? 0 if no, index no. if yes","type":"boolean"},"IsMandatory":{"description":"0 = no, 1 = yes (field must be filled out)","type":"boolean"},"IsReadOnly":{"description":"0 = read/write, 1 = readonly (don't combine with mandatory  8-) )","type":"boolean"},"IsExternal":{"description":"Should this field be shown to external users via customer center?","type":"boolean"},"IsDisplayField":{"description":"Flag indicating that this field is chosen as DisplayField for a table it belongs","type":"boolean"},"Rank":{"format":"int32","description":"Tab order, ranking within the custom fields.","type":"integer"},"TemplateVariableName":{"description":"Template variable name: 'cs01', 'cl02' etc. Null for extra fields.","type":"string"}}}},"securityDefinitions":{"Password":{"type":"basic","description":"SuperOffice username:password are passed in Base64-encoded. \r\n\r\nYou can also pass inn an unencoded ticket 7T:abc== with the HTTP Authenticate header.\r\n"},"SuperId":{"type":"oauth2","description":"SuperOffice SuperId OAuth implicit flow. \r\nYou need to issue a request to the SuperId authorization URL\r\n    https://online.superoffice.com/login/common/oauth/authorize?response_type=token\r\n      &client_id=670734e0-4c5a-11e3-be9e-a171392e81db\r\n      &redirect_uri=https://example.com/spa/\r\n\r\npassing in the application id and redirect URL.\r\n\r\nSuperId will log the user in, and redirect to the requested redirect URL with a #payload\r\ncontaining the access token and claims. (The redirect URL must be registered with SuperId in advance)\r\n\r\n   https://example.com/spa#access_token=8A%3aCust12227.AXRrCITpPBvQX3UbIohb\r\n      &token_type=bearer\r\n      &state=\r\n      &expires_in=3600\r\n      &ctx=Cust12227\r\n      &netserver_url=https%3a%2f%2fsod.superoffice.com%2fCust12227%2fRemote%2fServices82%2f\r\n\r\nYou can take the #access_token value and pass it as the Authenticate HTTP header as a BEARER token.\r\n","flow":"implicit","authorizationUrl":"https://online.superoffice.com/login/common/oauth/authorize","scopes":{}}},"tags":[],"externalDocs":{"description":"The SuperOffice DevNet Community has more documentation, examples, and discussion forums.","url":"https://community.superoffice.com/en/developer/"}}