{"swagger":"2.0","info":{"version":"v1-REST","title":"SuperOffice REST API v1","description":"SuperOffice REST API - Hierarchy","termsOfService":"You must be an authorized user to access this API.","contact":{"name":"SuperOffice DevNet","url":"https://docs.superoffice.com/en/api/index.html","email":"sdk@superoffice.com"}},"host":"localhost:61434","schemes":["http","https"],"paths":{"/api/v1/Hierarchy/default":{"get":{"tags":["Hierarchy"],"summary":"Set default values into a new HierarchyEntity.","description":"NetServer calculates default values on the entity, which is required when creating/storing a new instance Calls the List agent service CreateDefaultHierarchyEntity.\r\nNsApiSlow threshold: 5000 ms.","operationId":"v1HierarchyEntity_DefaultHierarchyEntity","consumes":[],"produces":["application/json","text/json","application/xml","text/xml","application/json-patch+json","application/merge-patch+json"],"parameters":[{"name":"Accept-Language","in":"header","description":"Convert string references and multi-language values into a specified language (iso2) code.","required":false,"type":"string"},{"name":"SO-Language","in":"header","description":"Convert string references and multi-language values into a specified language (iso2) code. Overrides Accept-Language value.","required":false,"type":"string"},{"name":"SO-Culture","in":"header","description":"Number, date formatting in a specified culture (iso2 language) code. Partially overrides SO-Language/Accept-Language value. Ignored if no Language set.","required":false,"type":"string"},{"name":"SO-TimeZone","in":"header","description":"Specify the timezone code that you would like date/time responses converted to.","required":false,"type":"string"},{"name":"SO-AppToken","in":"header","description":"The application token that identifies the partner app. Used when calling Online WebAPI from a server.","required":false,"type":"string"}],"responses":{"200":{"description":"OK","schema":{"$ref":"#/definitions/SuperOffice.CRM.Services.HierarchyEntity"}}},"security":[{"SuperOffice Password":[],"SuperId Authentication":[]}]}},"/api/v1/Hierarchy":{"get":{"tags":["Hierarchy"],"summary":"Get list of all domains","description":"","operationId":"v1HierarchyEntity_GetAllDomains","consumes":[],"produces":["application/json","text/json","application/xml","text/xml","application/json-patch+json","application/merge-patch+json"],"parameters":[{"name":"Accept-Language","in":"header","description":"Convert string references and multi-language values into a specified language (iso2) code.","required":false,"type":"string"},{"name":"SO-Language","in":"header","description":"Convert string references and multi-language values into a specified language (iso2) code. Overrides Accept-Language value.","required":false,"type":"string"},{"name":"SO-Culture","in":"header","description":"Number, date formatting in a specified culture (iso2 language) code. Partially overrides SO-Language/Accept-Language value. Ignored if no Language set.","required":false,"type":"string"},{"name":"SO-TimeZone","in":"header","description":"Specify the timezone code that you would like date/time responses converted to.","required":false,"type":"string"},{"name":"SO-AppToken","in":"header","description":"The application token that identifies the partner app. Used when calling Online WebAPI from a server.","required":false,"type":"string"}],"responses":{"200":{"description":"OK","schema":{"type":"array","items":{"enum":["Unknown","ExtraTables","ScreenDefinitions","Scripts","Selections","ExternalDocuments","UserGroups","ExternalDocumentRelatedToSpmMessage","Dashboards","EmailFlows"],"type":"string"}}}},"security":[{"SuperOffice Password":[],"SuperId Authentication":[]}]},"post":{"tags":["Hierarchy"],"summary":"Creates a new HierarchyEntity","description":"Calls the List agent service SaveHierarchyEntity.\r\nNsApiSlow threshold: 5000 ms.","operationId":"v1HierarchyEntity_PostHierarchyEntity","consumes":["application/json","text/json","application/xml","text/xml","application/x-www-form-urlencoded","application/json-patch+json","application/merge-patch+json"],"produces":["application/json","text/json","application/xml","text/xml","application/json-patch+json","application/merge-patch+json"],"parameters":[{"name":"newEntity","in":"body","description":"The HierarchyEntity to be saved.","required":true,"schema":{"$ref":"#/definitions/SuperOffice.CRM.Services.HierarchyEntity"}},{"name":"$select","in":"query","description":"Optional comma separated list of properties to include in the result. Other fields are then nulled out to reduce payload size: \"Name,department,category\" Default = show all fields.","required":false,"type":"string"},{"name":"Accept-Language","in":"header","description":"Convert string references and multi-language values into a specified language (iso2) code.","required":false,"type":"string"},{"name":"SO-Language","in":"header","description":"Convert string references and multi-language values into a specified language (iso2) code. Overrides Accept-Language value.","required":false,"type":"string"},{"name":"SO-Culture","in":"header","description":"Number, date formatting in a specified culture (iso2 language) code. Partially overrides SO-Language/Accept-Language value. Ignored if no Language set.","required":false,"type":"string"},{"name":"SO-TimeZone","in":"header","description":"Specify the timezone code that you would like date/time responses converted to.","required":false,"type":"string"},{"name":"SO-AppToken","in":"header","description":"The application token that identifies the partner app. Used when calling Online WebAPI from a server.","required":false,"type":"string"}],"responses":{"200":{"description":"OK","schema":{"$ref":"#/definitions/SuperOffice.WebApi.v1.Carriers.ListCarriers.HierarchyEntityWithLinks"}}},"security":[{"SuperOffice Password":[],"SuperId Authentication":[]}]}},"/api/v1/Hierarchy/{id}":{"get":{"tags":["Hierarchy"],"summary":"Gets a HierarchyEntity object.","description":"Calls the List agent service GetHierarchyEntity.\r\nNsApiSlow threshold: 5000 ms.","operationId":"v1HierarchyEntity_GetHierarchyEntity","consumes":[],"produces":["application/json","text/json","application/xml","text/xml","application/json-patch+json","application/merge-patch+json"],"parameters":[{"name":"id","in":"path","description":"The id of the HierarchyEntity to return.","required":true,"type":"integer","format":"int32"},{"name":"$select","in":"query","description":"Optional comma separated list of properties to include in the result. Other fields are then nulled out to reduce payload size: \"Name,department,category\" Default = show all fields.","required":false,"type":"string"},{"name":"Accept-Language","in":"header","description":"Convert string references and multi-language values into a specified language (iso2) code.","required":false,"type":"string"},{"name":"SO-Language","in":"header","description":"Convert string references and multi-language values into a specified language (iso2) code. Overrides Accept-Language value.","required":false,"type":"string"},{"name":"SO-Culture","in":"header","description":"Number, date formatting in a specified culture (iso2 language) code. Partially overrides SO-Language/Accept-Language value. Ignored if no Language set.","required":false,"type":"string"},{"name":"SO-TimeZone","in":"header","description":"Specify the timezone code that you would like date/time responses converted to.","required":false,"type":"string"},{"name":"SO-AppToken","in":"header","description":"The application token that identifies the partner app. Used when calling Online WebAPI from a server.","required":false,"type":"string"}],"responses":{"200":{"description":"HierarchyEntity found.","schema":{"$ref":"#/definitions/SuperOffice.WebApi.v1.Carriers.ListCarriers.HierarchyEntityWithLinks"}},"404":{"description":"Not Found."}},"security":[{"SuperOffice Password":[],"SuperId Authentication":[]}]},"put":{"tags":["Hierarchy"],"summary":"Updates the existing HierarchyEntity","description":"NsApiSlow threshold: 5000 ms.","operationId":"v1HierarchyEntity_PutHierarchyEntity","consumes":["application/json","text/json","application/xml","text/xml","application/x-www-form-urlencoded","application/json-patch+json","application/merge-patch+json"],"produces":["application/json","text/json","application/xml","text/xml","application/json-patch+json","application/merge-patch+json"],"parameters":[{"name":"id","in":"path","description":"The HierarchyEntity id to update.","required":true,"type":"integer","format":"int32"},{"name":"entity","in":"body","description":"The HierarchyEntity to be saved.","required":true,"schema":{"$ref":"#/definitions/SuperOffice.CRM.Services.HierarchyEntity"}},{"name":"$select","in":"query","description":"Optional comma separated list of properties to include in the result. Other fields are then nulled out to reduce payload size: \"Name,department,category\" Default = show all fields.","required":false,"type":"string"},{"name":"Accept-Language","in":"header","description":"Convert string references and multi-language values into a specified language (iso2) code.","required":false,"type":"string"},{"name":"SO-Language","in":"header","description":"Convert string references and multi-language values into a specified language (iso2) code. Overrides Accept-Language value.","required":false,"type":"string"},{"name":"SO-Culture","in":"header","description":"Number, date formatting in a specified culture (iso2 language) code. Partially overrides SO-Language/Accept-Language value. Ignored if no Language set.","required":false,"type":"string"},{"name":"SO-TimeZone","in":"header","description":"Specify the timezone code that you would like date/time responses converted to.","required":false,"type":"string"},{"name":"SO-AppToken","in":"header","description":"The application token that identifies the partner app. Used when calling Online WebAPI from a server.","required":false,"type":"string"}],"responses":{"200":{"description":"HierarchyEntity updated.","schema":{"$ref":"#/definitions/SuperOffice.WebApi.v1.Carriers.ListCarriers.HierarchyEntityWithLinks"}},"400":{"description":"Bad request. Entity to save is not in request body."}},"security":[{"SuperOffice Password":[],"SuperId Authentication":[]}]},"delete":{"tags":["Hierarchy"],"summary":"Deletes the HierarchyEntity","description":"Calls the List agent service DeleteHierarchyEntity.\r\nNsApiSlow threshold: 5000 ms.","operationId":"v1HierarchyEntity_DeleteHierarchyEntity","consumes":[],"produces":[],"parameters":[{"name":"id","in":"path","description":"The HierarchyEntity to be deleted.","required":true,"type":"integer","format":"int32"},{"name":"SO-AppToken","in":"header","description":"The application token that identifies the partner app. Used when calling Online WebAPI from a server.","required":false,"type":"string"}],"responses":{"204":{"description":"HierarchyEntity deleted."}},"security":[{"SuperOffice Password":[],"SuperId Authentication":[]}]}},"/api/v1/Hierarchy/{domain}":{"get":{"tags":["Hierarchy"],"summary":"Get all items in a domain","description":"","operationId":"v1HierarchyEntity_GetAllInDomain","consumes":[],"produces":["application/json","text/json","application/xml","text/xml","application/json-patch+json","application/merge-patch+json"],"parameters":[{"name":"domain","in":"path","description":"Type of items to get (scripts, extra tables, etc)","required":true,"type":"string","enum":["Unknown","ExtraTables","ScreenDefinitions","Scripts","Selections","ExternalDocuments","UserGroups","ExternalDocumentRelatedToSpmMessage","Dashboards","EmailFlows"]},{"name":"children","in":"query","description":"Include sub-items?","required":false,"type":"boolean"},{"name":"Accept-Language","in":"header","description":"Convert string references and multi-language values into a specified language (iso2) code.","required":false,"type":"string"},{"name":"SO-Language","in":"header","description":"Convert string references and multi-language values into a specified language (iso2) code. Overrides Accept-Language value.","required":false,"type":"string"},{"name":"SO-Culture","in":"header","description":"Number, date formatting in a specified culture (iso2 language) code. Partially overrides SO-Language/Accept-Language value. Ignored if no Language set.","required":false,"type":"string"},{"name":"SO-TimeZone","in":"header","description":"Specify the timezone code that you would like date/time responses converted to.","required":false,"type":"string"},{"name":"SO-AppToken","in":"header","description":"The application token that identifies the partner app. Used when calling Online WebAPI from a server.","required":false,"type":"string"}],"responses":{"200":{"description":"OK","schema":{"type":"array","items":{"$ref":"#/definitions/SuperOffice.CRM.Services.HierarchyEntity"}}}},"security":[{"SuperOffice Password":[],"SuperId Authentication":[]}]}},"/api/v1/Hierarchy/{domain}/{path}":{"get":{"tags":["Hierarchy"],"summary":"Get a hierarchy item from a path","description":"","operationId":"v1HierarchyEntity_GetHierarchyFromPath","consumes":[],"produces":["application/json","text/json","application/xml","text/xml","application/json-patch+json","application/merge-patch+json"],"parameters":[{"name":"domain","in":"path","description":"Type of items to get","required":true,"type":"string","enum":["Unknown","ExtraTables","ScreenDefinitions","Scripts","Selections","ExternalDocuments","UserGroups","ExternalDocumentRelatedToSpmMessage","Dashboards","EmailFlows"]},{"name":"path","in":"path","description":"Hierarchy path to item","required":true,"type":"string"},{"name":"children","in":"query","description":"Include sub-items?","required":false,"type":"boolean"},{"name":"Accept-Language","in":"header","description":"Convert string references and multi-language values into a specified language (iso2) code.","required":false,"type":"string"},{"name":"SO-Language","in":"header","description":"Convert string references and multi-language values into a specified language (iso2) code. Overrides Accept-Language value.","required":false,"type":"string"},{"name":"SO-Culture","in":"header","description":"Number, date formatting in a specified culture (iso2 language) code. Partially overrides SO-Language/Accept-Language value. Ignored if no Language set.","required":false,"type":"string"},{"name":"SO-TimeZone","in":"header","description":"Specify the timezone code that you would like date/time responses converted to.","required":false,"type":"string"},{"name":"SO-AppToken","in":"header","description":"The application token that identifies the partner app. Used when calling Online WebAPI from a server.","required":false,"type":"string"}],"responses":{"200":{"description":"OK","schema":{"$ref":"#/definitions/SuperOffice.CRM.Services.HierarchyEntity"}}},"security":[{"SuperOffice Password":[],"SuperId Authentication":[]}]},"put":{"tags":["Hierarchy"],"summary":"Update a hierarchy item from a path","description":"","operationId":"v1HierarchyEntity_UpdateHierarchyFromPath","consumes":["application/json","text/json","application/xml","text/xml","application/x-www-form-urlencoded","application/json-patch+json","application/merge-patch+json"],"produces":["application/json","text/json","application/xml","text/xml","application/json-patch+json","application/merge-patch+json"],"parameters":[{"name":"domain","in":"path","description":"Type of items to get","required":true,"type":"string","enum":["Unknown","ExtraTables","ScreenDefinitions","Scripts","Selections","ExternalDocuments","UserGroups","ExternalDocumentRelatedToSpmMessage","Dashboards","EmailFlows"]},{"name":"path","in":"path","description":"Hierarchy path to item","required":true,"type":"string"},{"name":"entity","in":"body","description":"The hierarchy node to update.","required":true,"schema":{"$ref":"#/definitions/SuperOffice.CRM.Services.HierarchyEntity"}},{"name":"Accept-Language","in":"header","description":"Convert string references and multi-language values into a specified language (iso2) code.","required":false,"type":"string"},{"name":"SO-Language","in":"header","description":"Convert string references and multi-language values into a specified language (iso2) code. Overrides Accept-Language value.","required":false,"type":"string"},{"name":"SO-Culture","in":"header","description":"Number, date formatting in a specified culture (iso2 language) code. Partially overrides SO-Language/Accept-Language value. Ignored if no Language set.","required":false,"type":"string"},{"name":"SO-TimeZone","in":"header","description":"Specify the timezone code that you would like date/time responses converted to.","required":false,"type":"string"},{"name":"SO-AppToken","in":"header","description":"The application token that identifies the partner app. Used when calling Online WebAPI from a server.","required":false,"type":"string"}],"responses":{"200":{"description":"OK","schema":{"$ref":"#/definitions/SuperOffice.CRM.Services.HierarchyEntity"}}},"security":[{"SuperOffice Password":[],"SuperId Authentication":[]}]},"post":{"tags":["Hierarchy"],"summary":"Add a hierarchy item to a path","description":"","operationId":"v1HierarchyEntity_AddHierarchyToPath","consumes":["application/json","text/json","application/xml","text/xml","application/x-www-form-urlencoded","text/plain","application/json-patch+json","application/merge-patch+json"],"produces":["application/json","text/json","application/xml","text/xml","application/json-patch+json","application/merge-patch+json"],"parameters":[{"name":"domain","in":"path","description":"Type of items to get","required":true,"type":"string","enum":["Unknown","ExtraTables","ScreenDefinitions","Scripts","Selections","ExternalDocuments","UserGroups","ExternalDocumentRelatedToSpmMessage","Dashboards","EmailFlows"]},{"name":"path","in":"path","description":"Hierarchy path to parent item","required":true,"type":"string"},{"name":"name","in":"body","description":"Name of node to add","required":true,"schema":{"type":"string"}},{"name":"Accept-Language","in":"header","description":"Convert string references and multi-language values into a specified language (iso2) code.","required":false,"type":"string"},{"name":"SO-Language","in":"header","description":"Convert string references and multi-language values into a specified language (iso2) code. Overrides Accept-Language value.","required":false,"type":"string"},{"name":"SO-Culture","in":"header","description":"Number, date formatting in a specified culture (iso2 language) code. Partially overrides SO-Language/Accept-Language value. Ignored if no Language set.","required":false,"type":"string"},{"name":"SO-TimeZone","in":"header","description":"Specify the timezone code that you would like date/time responses converted to.","required":false,"type":"string"},{"name":"SO-AppToken","in":"header","description":"The application token that identifies the partner app. Used when calling Online WebAPI from a server.","required":false,"type":"string"}],"responses":{"200":{"description":"OK","schema":{"$ref":"#/definitions/SuperOffice.CRM.Services.HierarchyEntity"}}},"security":[{"SuperOffice Password":[],"SuperId Authentication":[]}]},"delete":{"tags":["Hierarchy"],"summary":"Remove a hierarchy item and its children from a path","description":"","operationId":"v1HierarchyEntity_DeleteHierarchyFromPath","consumes":[],"produces":[],"parameters":[{"name":"domain","in":"path","description":"Type of items to get","required":true,"type":"string","enum":["Unknown","ExtraTables","ScreenDefinitions","Scripts","Selections","ExternalDocuments","UserGroups","ExternalDocumentRelatedToSpmMessage","Dashboards","EmailFlows"]},{"name":"path","in":"path","description":"Hierarchy path to item to delete","required":true,"type":"string"},{"name":"SO-AppToken","in":"header","description":"The application token that identifies the partner app. Used when calling Online WebAPI from a server.","required":false,"type":"string"}],"responses":{"204":{"description":"No Content"}},"security":[{"SuperOffice Password":[],"SuperId Authentication":[]}]}}},"definitions":{"SuperOffice.CRM.Services.HierarchyEntity":{"description":"Folder structures\r\n<para />\r\nCarrier object for HierarchyEntity.\r\nServices for the HierarchyEntity Carrier is available from the <see cref=\"T:SuperOffice.CRM.Services.IListAgent\">List Agent</see>.","type":"object","properties":{"HierarchyId":{"format":"int32","description":"The primary key (auto-incremented)","type":"integer"},"Domain":{"description":"Domain seperating the different hierarchy","enum":["Unknown","ExtraTables","ScreenDefinitions","Scripts","Selections","ExternalDocuments","UserGroups","ExternalDocumentRelatedToSpmMessage","Dashboards","EmailFlows"],"type":"string"},"Name":{"description":"Name of this hierarchy folder.","type":"string"},"Fullname":{"description":"The full name of this category, i.e. Foo/bar/test.","type":"string"},"ParentId":{"format":"int32","description":"Parent table","type":"integer"},"Children":{"description":"Sub-items, if any.","type":"array","items":{"$ref":"#/definitions/SuperOffice.CRM.Services.HierarchyEntity"}},"Registered":{"format":"date-time","description":"Registered when  in UTC.","type":"string"},"RegisteredAssociateId":{"format":"int32","description":"Registered by whom","type":"integer"},"Updated":{"format":"date-time","description":"Last updated when  in UTC.","type":"string"},"UpdatedAssociateId":{"format":"int32","description":"Last updated by whom","type":"integer"},"TableRight":{"$ref":"#/definitions/SuperOffice.CRM.Security.TableRight","description":"The carrier's table right"},"FieldProperties":{"description":"Field property dictionary mapping field names to field access rights.","type":"object","additionalProperties":{"$ref":"#/definitions/SuperOffice.CRM.Security.FieldProperty"}}}},"SuperOffice.CRM.Security.TableRight":{"description":"Wraps a table right together with an explanatory reason.\r\nCode can indicate why access is restricted.","type":"object","properties":{"Mask":{"type":"string"},"Reason":{"type":"string"}}},"SuperOffice.CRM.Security.FieldProperty":{"description":"Class holding properties like field length, field type about a field in the carrier.","type":"object","properties":{"FieldRight":{"$ref":"#/definitions/SuperOffice.CRM.Security.FieldRight"},"FieldType":{"type":"string"},"FieldLength":{"format":"int32","description":"","type":"integer"}}},"SuperOffice.CRM.Security.FieldRight":{"description":"Wraps the field right together with an explanatory reason.\r\nAlso adds logical operators to the field rights so that they can be easily combined.","type":"object","properties":{"Mask":{"type":"string"},"Reason":{"type":"string"}}},"SuperOffice.WebApi.v1.Carriers.ListCarriers.HierarchyEntityWithLinks":{"description":"Folder structures\r\n<para />\r\nHierarchyEntity entity with API _Links added.","type":"object","properties":{"HierarchyId":{"format":"int32","description":"The primary key (auto-incremented)","type":"integer"},"Domain":{"description":"Domain seperating the different hierarchy","enum":["Unknown","ExtraTables","ScreenDefinitions","Scripts","Selections","ExternalDocuments","UserGroups","ExternalDocumentRelatedToSpmMessage","Dashboards","EmailFlows"],"type":"string"},"Name":{"description":"Name of this hierarchy folder.","type":"string"},"Fullname":{"description":"The full name of this category, i.e. Foo/bar/test.","type":"string"},"ParentId":{"format":"int32","description":"Parent table","type":"integer"},"Children":{"description":"Sub-items, if any.","type":"array","items":{"$ref":"#/definitions/SuperOffice.CRM.Services.HierarchyEntity"}},"Registered":{"format":"date-time","description":"Registered when  in UTC.","type":"string"},"RegisteredAssociateId":{"format":"int32","description":"Registered by whom","type":"integer"},"Updated":{"format":"date-time","description":"Last updated when  in UTC.","type":"string"},"UpdatedAssociateId":{"format":"int32","description":"Last updated by whom","type":"integer"},"TableRight":{"$ref":"#/definitions/SuperOffice.CRM.Security.TableRight","description":"The carrier's table right"},"FieldProperties":{"description":"Field property dictionary mapping field names to field access rights.","type":"object","additionalProperties":{"$ref":"#/definitions/SuperOffice.CRM.Security.FieldProperty"}},"_Links":{"type":"object","additionalProperties":{"type":"string"}}}}},"securityDefinitions":{"SuperOffice Password":{"type":"basic","description":"SuperOffice username:password are passed in Base64-encoded. \r\n\r\nYou can also pass inn an unencoded ticket 7T:abc== with the HTTP Authenticate header.\r\n"},"SuperId Authentication":{"type":"oauth2","description":"SuperOffice SuperId OAuth implicit flow. \r\nYou need to issue a request to the SuperId authorization URL\r\n    https://online.superoffice.com/login/common/oauth/authorize?response_type=token\r\n      &client_id=670734e0-4c5a-11e3-be9e-a171392e81db\r\n      &redirect_uri=https://example.com/spa/\r\n\r\npassing in the application id and redirect URL.\r\n\r\nSuperId will log the user in, and redirect to the requested redirect URL with a #payload\r\ncontaining the access token and claims. (The redirect URL must be registered with SuperId in advance)\r\n\r\n   https://example.com/spa#access_token=8A%3aCust12227.AXRrCITpPBvQX3UbIohb\r\n      &token_type=bearer\r\n      &state=\r\n      &expires_in=3600\r\n      &ctx=Cust12227\r\n      &netserver_url=https%3a%2f%2fsod.superoffice.com%2fCust12227%2fRemote%2fServices82%2f\r\n\r\nYou can take the #access_token value and pass it as the Authenticate HTTP header as a BEARER token.\r\n","flow":"implicit","authorizationUrl":"https://online.superoffice.com/login/common/oauth/authorize","scopes":{}}},"tags":[],"externalDocs":{"description":"The SuperOffice DevNet Community has more documentation, examples, and discussion forums.","url":"https://community.superoffice.com/en/developer/"}}