{"swagger":"2.0","info":{"version":"v1-REST","title":"SuperOffice REST API v1","description":"SuperOffice REST API - ChatTopic","termsOfService":"You must be an authorized user to access this API.","contact":{"name":"SuperOffice DevNet","url":"https://docs.superoffice.com/en/api/index.html","email":"sdk@superoffice.com"}},"host":"localhost:50349","schemes":["http","https"],"paths":{"/api/v1/ChatTopic/default":{"get":{"tags":["ChatTopic"],"summary":"Set default values into a new ChatTopicEntity.","description":"NetServer calculates default values on the entity, which is required when creating/storing a new instance Calls the Chat agent service CreateDefaultChatTopicEntity.\r\nNsApiSlow threshold: 5000 ms.","operationId":"v1ChatTopicEntity_DefaultChatTopicEntity","consumes":[],"produces":["application/json","text/json","application/xml","text/xml","application/json-patch+json","application/merge-patch+json"],"parameters":[{"name":"Accept-Language","in":"header","description":"Convert string references and multi-language values into a specified language (iso2) code.","required":false,"type":"string"},{"name":"SO-Language","in":"header","description":"Convert string references and multi-language values into a specified language (iso2) code. Overrides Accept-Language value.","required":false,"type":"string"},{"name":"SO-Culture","in":"header","description":"Number, date formatting in a specified culture (iso2 language) code. Partially overrides SO-Language/Accept-Language value. Ignored if no Language set.","required":false,"type":"string"},{"name":"SO-TimeZone","in":"header","description":"Specify the timezone code that you would like date/time responses converted to.","required":false,"type":"string"},{"name":"SO-AppToken","in":"header","description":"The application token that identifies the partner app. Used when calling Online WebAPI from a server.","required":false,"type":"string"}],"responses":{"200":{"description":"OK","schema":{"$ref":"#/definitions/SuperOffice.CRM.Services.ChatTopicEntity"}}},"security":[{"SuperOffice Password":[],"SuperId Authentication":[]}]}},"/api/v1/ChatTopic":{"post":{"tags":["ChatTopic"],"summary":"Creates a new ChatTopicEntity","description":"Calls the Chat agent service SaveChatTopicEntity.\r\nNsApiSlow threshold: 5000 ms.","operationId":"v1ChatTopicEntity_PostChatTopicEntity","consumes":["application/json","text/json","application/xml","text/xml","application/x-www-form-urlencoded","application/json-patch+json","application/merge-patch+json"],"produces":["application/json","text/json","application/xml","text/xml","application/json-patch+json","application/merge-patch+json"],"parameters":[{"name":"newEntity","in":"body","description":"The ChatTopicEntity to be saved.","required":true,"schema":{"$ref":"#/definitions/SuperOffice.CRM.Services.ChatTopicEntity"}},{"name":"$select","in":"query","description":"Optional comma separated list of properties to include in the result. Other fields are then nulled out to reduce payload size: \"Name,department,category\" Default = show all fields.","required":false,"type":"string"},{"name":"Accept-Language","in":"header","description":"Convert string references and multi-language values into a specified language (iso2) code.","required":false,"type":"string"},{"name":"SO-Language","in":"header","description":"Convert string references and multi-language values into a specified language (iso2) code. Overrides Accept-Language value.","required":false,"type":"string"},{"name":"SO-Culture","in":"header","description":"Number, date formatting in a specified culture (iso2 language) code. Partially overrides SO-Language/Accept-Language value. Ignored if no Language set.","required":false,"type":"string"},{"name":"SO-TimeZone","in":"header","description":"Specify the timezone code that you would like date/time responses converted to.","required":false,"type":"string"},{"name":"SO-AppToken","in":"header","description":"The application token that identifies the partner app. Used when calling Online WebAPI from a server.","required":false,"type":"string"}],"responses":{"200":{"description":"OK","schema":{"$ref":"#/definitions/SuperOffice.WebApi.v1.Carriers.ChatCarriers.ChatTopicEntityWithLinks"}}},"security":[{"SuperOffice Password":[],"SuperId Authentication":[]}]}},"/api/v1/ChatTopic/{id}":{"get":{"tags":["ChatTopic"],"summary":"Gets a ChatTopicEntity object.","description":"Calls the Chat agent service GetChatTopicEntity.\r\nNsApiSlow threshold: 5000 ms.","operationId":"v1ChatTopicEntity_GetChatTopicEntity","consumes":[],"produces":["application/json","text/json","application/xml","text/xml","application/json-patch+json","application/merge-patch+json"],"parameters":[{"name":"id","in":"path","description":"The id of the ChatTopicEntity to return.","required":true,"type":"integer","format":"int32"},{"name":"$select","in":"query","description":"Optional comma separated list of properties to include in the result. Other fields are then nulled out to reduce payload size: \"Name,department,category\" Default = show all fields.","required":false,"type":"string"},{"name":"Accept-Language","in":"header","description":"Convert string references and multi-language values into a specified language (iso2) code.","required":false,"type":"string"},{"name":"SO-Language","in":"header","description":"Convert string references and multi-language values into a specified language (iso2) code. Overrides Accept-Language value.","required":false,"type":"string"},{"name":"SO-Culture","in":"header","description":"Number, date formatting in a specified culture (iso2 language) code. Partially overrides SO-Language/Accept-Language value. Ignored if no Language set.","required":false,"type":"string"},{"name":"SO-TimeZone","in":"header","description":"Specify the timezone code that you would like date/time responses converted to.","required":false,"type":"string"},{"name":"SO-AppToken","in":"header","description":"The application token that identifies the partner app. Used when calling Online WebAPI from a server.","required":false,"type":"string"}],"responses":{"200":{"description":"ChatTopicEntity found.","schema":{"$ref":"#/definitions/SuperOffice.WebApi.v1.Carriers.ChatCarriers.ChatTopicEntityWithLinks"}},"404":{"description":"Not Found."}},"security":[{"SuperOffice Password":[],"SuperId Authentication":[]}]},"put":{"tags":["ChatTopic"],"summary":"Updates the existing ChatTopicEntity","description":"NsApiSlow threshold: 5000 ms.","operationId":"v1ChatTopicEntity_PutChatTopicEntity","consumes":["application/json","text/json","application/xml","text/xml","application/x-www-form-urlencoded","application/json-patch+json","application/merge-patch+json"],"produces":["application/json","text/json","application/xml","text/xml","application/json-patch+json","application/merge-patch+json"],"parameters":[{"name":"id","in":"path","description":"The ChatTopicEntity id to update.","required":true,"type":"integer","format":"int32"},{"name":"entity","in":"body","description":"The ChatTopicEntity to be saved.","required":true,"schema":{"$ref":"#/definitions/SuperOffice.CRM.Services.ChatTopicEntity"}},{"name":"$select","in":"query","description":"Optional comma separated list of properties to include in the result. Other fields are then nulled out to reduce payload size: \"Name,department,category\" Default = show all fields.","required":false,"type":"string"},{"name":"Accept-Language","in":"header","description":"Convert string references and multi-language values into a specified language (iso2) code.","required":false,"type":"string"},{"name":"SO-Language","in":"header","description":"Convert string references and multi-language values into a specified language (iso2) code. Overrides Accept-Language value.","required":false,"type":"string"},{"name":"SO-Culture","in":"header","description":"Number, date formatting in a specified culture (iso2 language) code. Partially overrides SO-Language/Accept-Language value. Ignored if no Language set.","required":false,"type":"string"},{"name":"SO-TimeZone","in":"header","description":"Specify the timezone code that you would like date/time responses converted to.","required":false,"type":"string"},{"name":"SO-AppToken","in":"header","description":"The application token that identifies the partner app. Used when calling Online WebAPI from a server.","required":false,"type":"string"}],"responses":{"200":{"description":"ChatTopicEntity updated.","schema":{"$ref":"#/definitions/SuperOffice.WebApi.v1.Carriers.ChatCarriers.ChatTopicEntityWithLinks"}},"400":{"description":"Bad request. Entity to save is not in request body."}},"security":[{"SuperOffice Password":[],"SuperId Authentication":[]}]},"delete":{"tags":["ChatTopic"],"summary":"Deletes the ChatTopicEntity","description":"Calls the Chat agent service DeleteChatTopicEntity.\r\nNsApiSlow threshold: 5000 ms.","operationId":"v1ChatTopicEntity_DeleteChatTopicEntity","consumes":[],"produces":[],"parameters":[{"name":"id","in":"path","description":"The ChatTopicEntity to be deleted.","required":true,"type":"integer","format":"int32"},{"name":"SO-AppToken","in":"header","description":"The application token that identifies the partner app. Used when calling Online WebAPI from a server.","required":false,"type":"string"}],"responses":{"204":{"description":"ChatTopicEntity deleted."}},"security":[{"SuperOffice Password":[],"SuperId Authentication":[]}]}},"/api/v1/ChatTopic/{id}/Sessions":{"get":{"tags":["ChatTopic"],"summary":"OData list of Sessions under a specific ChatTopicEntity.","description":"Can be sorted and further filtered using OData conventions:\r\n\r\n* ChatTopic/1234/Sessions?$select=col1,col2,abc/col3\r\n* ChatTopic/1234/Sessions?$filter=col1 eq 'foo' and startswith(col2, 'baz')\r\n* ChatTopic/1234/Sessions?$orderby=abc/col3,col1\r\n* ChatTopic/1234/Sessions?$top=1000\r\n* ChatTopic/1234/Sessions?$mode=full\r\n\r\n\r\nOData returns XML or JSON carriers depending on the HTTP Accept header.\r\n\r\n\r\nCalls the Archive service using the \"ChatSession\" archive provider.\r\n\r\n\r\n## Filter Operators: ##\r\n\r\nints: eq =, ne, le, lt, gt, ge, set, equals, greater, less, unequals, between\r\n\r\nstrings: contains, is, notBegins, notContains, isNot\r\n\r\nassociate: associateIsOneOf, associateIsNotOneOf,  \r\n\r\nlist ids: oneOf, NotOneOf, \r\n\r\ndates: before, date, after, dateBetween, beforeToday\r\n\r\nUnary ops: currentAssociate, beforeToday, today, afterToday, lastWeek, thisWeek, nextWeek, lastMonth, thisMonth, nextMonth, lastQuarter, thisQuarter, nextQuarter, thisHalf, thisYear\r\n\r\nFuncs: substringof(a,b), startswith(a,b), endswith(a,b), this(f,period), next(f,n,period), previous(f,n,period), thisAndNext(f,n,period), thisAndPrevious(f,n,period), thisAndPreviousAndNext(f,period)\r\n","operationId":"v1ChatTopicEntity_Sessions","consumes":[],"produces":["application/json","text/json","application/xml","text/xml","application/json-patch+json","application/merge-patch+json"],"parameters":[{"name":"id","in":"path","description":"The entity id","required":true,"type":"integer","format":"int32"},{"name":"$select","in":"query","description":"Comma separated list of column names to return. \"nameDepartment,fullname,category\". Can also use aggregation functions and modifiers: \"Count(category):Footer\"","required":false,"type":"string"},{"name":"$filter","in":"query","description":"Expression to restrict the results. e.g.: \"name begins 'foo' and category gt 1\"","required":false,"type":"string"},{"name":"$orderBy","in":"query","description":"Comma separated list of column names to sort by, with optional direction. \"name asc,fullname,category desc\"","required":false,"type":"string"},{"name":"$entities","in":"query","description":"Comma separated list of entity names to use. Default = 'chat'","required":false,"type":"string"},{"name":"$top","in":"query","description":"Number of rows to return in results","required":false,"type":"integer","format":"int32"},{"name":"$skip","in":"query","description":"Number of rows from database to skip before returning results","required":false,"type":"integer","format":"int32"},{"name":"$mode","in":"query","description":"FULL (with raw values and hints for each value) or SLIM (just the display values)","required":false,"type":"string","enum":["Slim","Wide","Full"]},{"name":"$options","in":"query","description":"Provider specific options. e.g: \"GrandTotal=true\"","required":false,"type":"string"},{"name":"$context","in":"query","description":"Provider specific context parameter.","required":false,"type":"string"},{"name":"$format","in":"query","description":"Set XML or JSON output format; override the format determined from Accept header.","required":false,"type":"string"},{"name":"$jsonSafe","in":"query","description":"Make output names into JSON safe property names. Replace all unsafe characters with _ underscore.","required":false,"type":"boolean"},{"name":"$output","in":"query","description":"Return Logical or Display values in SLIM mode. Logical returns true/false for booleans, Display returns icon hints. Dates are always returned as ISO strings.","required":false,"type":"string","enum":["Logical","Display"]},{"name":"Accept-Language","in":"header","description":"Convert string references and multi-language values into a specified language (iso2) code.","required":false,"type":"string"},{"name":"SO-Language","in":"header","description":"Convert string references and multi-language values into a specified language (iso2) code. Overrides Accept-Language value.","required":false,"type":"string"},{"name":"SO-Culture","in":"header","description":"Number, date formatting in a specified culture (iso2 language) code. Partially overrides SO-Language/Accept-Language value. Ignored if no Language set.","required":false,"type":"string"},{"name":"SO-TimeZone","in":"header","description":"Specify the timezone code that you would like date/time responses converted to.","required":false,"type":"string"},{"name":"SO-AppToken","in":"header","description":"The application token that identifies the partner app. Used when calling Online WebAPI from a server.","required":false,"type":"string"}],"responses":{"200":{"description":"OK","schema":{"$ref":"#/definitions/SuperOffice.Services.WebApi.OData.ODataSlimResponse"}},"404":{"description":"Not Found."}},"security":[{"SuperOffice Password":[],"SuperId Authentication":[]}]}},"/api/v1/ChatTopic/{chatTopicId}/IsOpen":{"get":{"tags":["ChatTopic"],"summary":"Check if we are right now within the opening hours of the given topic.","description":"Will use timezones to calculate if configured.","operationId":"v1ChatTopicEntity_IsWithinOpeningHours","consumes":[],"produces":["application/json","text/json","application/xml","text/xml","application/json-patch+json","application/merge-patch+json"],"parameters":[{"name":"chatTopicId","in":"path","description":"The id of the topic to check","required":true,"type":"integer","format":"int32"},{"name":"Accept-Language","in":"header","description":"Convert string references and multi-language values into a specified language (iso2) code.","required":false,"type":"string"},{"name":"SO-Language","in":"header","description":"Convert string references and multi-language values into a specified language (iso2) code. Overrides Accept-Language value.","required":false,"type":"string"},{"name":"SO-Culture","in":"header","description":"Number, date formatting in a specified culture (iso2 language) code. Partially overrides SO-Language/Accept-Language value. Ignored if no Language set.","required":false,"type":"string"},{"name":"SO-TimeZone","in":"header","description":"Specify the timezone code that you would like date/time responses converted to.","required":false,"type":"string"},{"name":"SO-AppToken","in":"header","description":"The application token that identifies the partner app. Used when calling Online WebAPI from a server.","required":false,"type":"string"}],"responses":{"200":{"description":"OK","schema":{"type":"boolean"}}},"security":[{"SuperOffice Password":[],"SuperId Authentication":[]}]}},"/api/v1/ChatTopic/ForCurrentUser":{"get":{"tags":["ChatTopic"],"summary":"Get all chat topics which this user is a member of.","description":"Members means that you have at least one of: Can Respond, Notifications, Listen or Manager","operationId":"v1ChatTopicEntity_ChatTopicsForUser","consumes":[],"produces":["application/json","text/json","application/xml","text/xml","application/json-patch+json","application/merge-patch+json"],"parameters":[{"name":"Accept-Language","in":"header","description":"Convert string references and multi-language values into a specified language (iso2) code.","required":false,"type":"string"},{"name":"SO-Language","in":"header","description":"Convert string references and multi-language values into a specified language (iso2) code. Overrides Accept-Language value.","required":false,"type":"string"},{"name":"SO-Culture","in":"header","description":"Number, date formatting in a specified culture (iso2 language) code. Partially overrides SO-Language/Accept-Language value. Ignored if no Language set.","required":false,"type":"string"},{"name":"SO-TimeZone","in":"header","description":"Specify the timezone code that you would like date/time responses converted to.","required":false,"type":"string"},{"name":"SO-AppToken","in":"header","description":"The application token that identifies the partner app. Used when calling Online WebAPI from a server.","required":false,"type":"string"}],"responses":{"200":{"description":"OK","schema":{"type":"array","items":{"$ref":"#/definitions/SuperOffice.CRM.Services.ChatTopicEntity"}}}},"security":[{"SuperOffice Password":[],"SuperId Authentication":[]}]}},"/api/v1/ChatTopic/UserAgents":{"get":{"tags":["ChatTopic"],"summary":"Get list of users that can be assigned to chat topics.","description":"Users with Chat-CALs from the MDO list 'chatuser'","operationId":"v1ChatTopicEntity_GetUserAgentList","consumes":[],"produces":["application/json","text/json","application/xml","text/xml","application/json-patch+json","application/merge-patch+json"],"parameters":[{"name":"flat","in":"query","description":"Return flat list instead of grouping by usergroup.","required":true,"type":"boolean"},{"name":"onlyPresent","in":"query","description":"Only show users who are present","required":false,"type":"boolean"},{"name":"Accept-Language","in":"header","description":"Convert string references and multi-language values into a specified language (iso2) code.","required":false,"type":"string"},{"name":"SO-Language","in":"header","description":"Convert string references and multi-language values into a specified language (iso2) code. Overrides Accept-Language value.","required":false,"type":"string"},{"name":"SO-Culture","in":"header","description":"Number, date formatting in a specified culture (iso2 language) code. Partially overrides SO-Language/Accept-Language value. Ignored if no Language set.","required":false,"type":"string"},{"name":"SO-TimeZone","in":"header","description":"Specify the timezone code that you would like date/time responses converted to.","required":false,"type":"string"},{"name":"SO-AppToken","in":"header","description":"The application token that identifies the partner app. Used when calling Online WebAPI from a server.","required":false,"type":"string"}],"responses":{"200":{"description":"OK","schema":{"type":"array","items":{"$ref":"#/definitions/SuperOffice.CRM.Services.MDOListItem"}}}},"security":[{"SuperOffice Password":[],"SuperId Authentication":[]}]}},"/api/v1/ChatTopic/{chatTopicId}/UserAgent":{"get":{"tags":["ChatTopic"],"summary":"Get list of users assigned to a chat topic","description":"","operationId":"v1ChatTopicEntity_GetChatTopicUserAgentList","consumes":[],"produces":["application/json","text/json","application/xml","text/xml","application/json-patch+json","application/merge-patch+json"],"parameters":[{"name":"chatTopicId","in":"path","description":"Id of the chat topic","required":true,"type":"integer","format":"int32"},{"name":"Accept-Language","in":"header","description":"Convert string references and multi-language values into a specified language (iso2) code.","required":false,"type":"string"},{"name":"SO-Language","in":"header","description":"Convert string references and multi-language values into a specified language (iso2) code. Overrides Accept-Language value.","required":false,"type":"string"},{"name":"SO-Culture","in":"header","description":"Number, date formatting in a specified culture (iso2 language) code. Partially overrides SO-Language/Accept-Language value. Ignored if no Language set.","required":false,"type":"string"},{"name":"SO-TimeZone","in":"header","description":"Specify the timezone code that you would like date/time responses converted to.","required":false,"type":"string"},{"name":"SO-AppToken","in":"header","description":"The application token that identifies the partner app. Used when calling Online WebAPI from a server.","required":false,"type":"string"}],"responses":{"200":{"description":"OK","schema":{"type":"array","items":{"$ref":"#/definitions/SuperOffice.CRM.Services.ChatTopicAgent"}}}},"security":[{"SuperOffice Password":[],"SuperId Authentication":[]}]},"put":{"tags":["ChatTopic"],"summary":"Update users roles in a chat topic","description":"","operationId":"v1ChatTopicEntity_UpdateChatTopicUserAgents","consumes":["application/json","text/json","application/xml","text/xml","application/x-www-form-urlencoded","application/json-patch+json","application/merge-patch+json"],"produces":["application/json","text/json","application/xml","text/xml","application/json-patch+json","application/merge-patch+json"],"parameters":[{"name":"chatTopicId","in":"path","description":"Id of the chat topic","required":true,"type":"integer","format":"int32"},{"name":"useragents","in":"body","description":"Users new/updated roles within the chat topic. Replaces existing roles","required":true,"schema":{"type":"array","items":{"$ref":"#/definitions/SuperOffice.CRM.Services.ChatTopicAgent"}}},{"name":"Accept-Language","in":"header","description":"Convert string references and multi-language values into a specified language (iso2) code.","required":false,"type":"string"},{"name":"SO-Language","in":"header","description":"Convert string references and multi-language values into a specified language (iso2) code. Overrides Accept-Language value.","required":false,"type":"string"},{"name":"SO-Culture","in":"header","description":"Number, date formatting in a specified culture (iso2 language) code. Partially overrides SO-Language/Accept-Language value. Ignored if no Language set.","required":false,"type":"string"},{"name":"SO-TimeZone","in":"header","description":"Specify the timezone code that you would like date/time responses converted to.","required":false,"type":"string"},{"name":"SO-AppToken","in":"header","description":"The application token that identifies the partner app. Used when calling Online WebAPI from a server.","required":false,"type":"string"}],"responses":{"200":{"description":"OK","schema":{"type":"array","items":{"$ref":"#/definitions/SuperOffice.CRM.Services.ChatTopicAgent"}}}},"security":[{"SuperOffice Password":[],"SuperId Authentication":[]}]},"post":{"tags":["ChatTopic"],"summary":"Add a user to a chat topic","description":"","operationId":"v1ChatTopicEntity_AddChatTopicUserAgent","consumes":["application/json","text/json","application/xml","text/xml","application/x-www-form-urlencoded","application/json-patch+json","application/merge-patch+json"],"produces":["application/json","text/json","application/xml","text/xml","application/json-patch+json","application/merge-patch+json"],"parameters":[{"name":"chatTopicId","in":"path","description":"Id of the chat topic","required":true,"type":"integer","format":"int32"},{"name":"useragent","in":"body","description":"User's role within the chat topic to add to topic.","required":true,"schema":{"$ref":"#/definitions/SuperOffice.CRM.Services.ChatTopicAgent"}},{"name":"Accept-Language","in":"header","description":"Convert string references and multi-language values into a specified language (iso2) code.","required":false,"type":"string"},{"name":"SO-Language","in":"header","description":"Convert string references and multi-language values into a specified language (iso2) code. Overrides Accept-Language value.","required":false,"type":"string"},{"name":"SO-Culture","in":"header","description":"Number, date formatting in a specified culture (iso2 language) code. Partially overrides SO-Language/Accept-Language value. Ignored if no Language set.","required":false,"type":"string"},{"name":"SO-TimeZone","in":"header","description":"Specify the timezone code that you would like date/time responses converted to.","required":false,"type":"string"},{"name":"SO-AppToken","in":"header","description":"The application token that identifies the partner app. Used when calling Online WebAPI from a server.","required":false,"type":"string"}],"responses":{"200":{"description":"OK","schema":{"$ref":"#/definitions/SuperOffice.CRM.Services.ChatTopicAgent"}}},"security":[{"SuperOffice Password":[],"SuperId Authentication":[]}]}},"/api/v1/ChatTopic/{chatTopicId}/UserAgent/{username}":{"get":{"tags":["ChatTopic"],"summary":"Get a user assigned to a topic","description":"","operationId":"v1ChatTopicEntity_GetChatTopicUserAgent","consumes":[],"produces":["application/json","text/json","application/xml","text/xml","application/json-patch+json","application/merge-patch+json"],"parameters":[{"name":"chatTopicId","in":"path","description":"Id of the chat topic","required":true,"type":"integer","format":"int32"},{"name":"username","in":"path","description":"Associate username or associate id to get.","required":true,"type":"string"},{"name":"Accept-Language","in":"header","description":"Convert string references and multi-language values into a specified language (iso2) code.","required":false,"type":"string"},{"name":"SO-Language","in":"header","description":"Convert string references and multi-language values into a specified language (iso2) code. Overrides Accept-Language value.","required":false,"type":"string"},{"name":"SO-Culture","in":"header","description":"Number, date formatting in a specified culture (iso2 language) code. Partially overrides SO-Language/Accept-Language value. Ignored if no Language set.","required":false,"type":"string"},{"name":"SO-TimeZone","in":"header","description":"Specify the timezone code that you would like date/time responses converted to.","required":false,"type":"string"},{"name":"SO-AppToken","in":"header","description":"The application token that identifies the partner app. Used when calling Online WebAPI from a server.","required":false,"type":"string"}],"responses":{"200":{"description":"OK","schema":{"$ref":"#/definitions/SuperOffice.CRM.Services.ChatTopicAgent"}}},"security":[{"SuperOffice Password":[],"SuperId Authentication":[]}]},"put":{"tags":["ChatTopic"],"summary":"Update a user's role in a chat topic","description":"","operationId":"v1ChatTopicEntity_UpdateChatTopicUserAgent","consumes":["application/json","text/json","application/xml","text/xml","application/x-www-form-urlencoded","application/json-patch+json","application/merge-patch+json"],"produces":["application/json","text/json","application/xml","text/xml","application/json-patch+json","application/merge-patch+json"],"parameters":[{"name":"chatTopicId","in":"path","description":"Id of the chat topic","required":true,"type":"integer","format":"int32"},{"name":"username","in":"path","description":"Associate username or associate id to get.","required":true,"type":"string"},{"name":"useragent","in":"body","description":"User's updated role within the chat topic.","required":true,"schema":{"$ref":"#/definitions/SuperOffice.CRM.Services.ChatTopicAgent"}},{"name":"Accept-Language","in":"header","description":"Convert string references and multi-language values into a specified language (iso2) code.","required":false,"type":"string"},{"name":"SO-Language","in":"header","description":"Convert string references and multi-language values into a specified language (iso2) code. Overrides Accept-Language value.","required":false,"type":"string"},{"name":"SO-Culture","in":"header","description":"Number, date formatting in a specified culture (iso2 language) code. Partially overrides SO-Language/Accept-Language value. Ignored if no Language set.","required":false,"type":"string"},{"name":"SO-TimeZone","in":"header","description":"Specify the timezone code that you would like date/time responses converted to.","required":false,"type":"string"},{"name":"SO-AppToken","in":"header","description":"The application token that identifies the partner app. Used when calling Online WebAPI from a server.","required":false,"type":"string"}],"responses":{"200":{"description":"OK","schema":{"$ref":"#/definitions/SuperOffice.CRM.Services.ChatTopicAgent"}}},"security":[{"SuperOffice Password":[],"SuperId Authentication":[]}]},"delete":{"tags":["ChatTopic"],"summary":"Remove a user from a topic","description":"","operationId":"v1ChatTopicEntity_DeleteChatTopicUserAgent","consumes":[],"produces":[],"parameters":[{"name":"chatTopicId","in":"path","description":"Id of the chat topic","required":true,"type":"integer","format":"int32"},{"name":"username","in":"path","description":"Associate username or associate id to delete.","required":true,"type":"string"},{"name":"SO-AppToken","in":"header","description":"The application token that identifies the partner app. Used when calling Online WebAPI from a server.","required":false,"type":"string"}],"responses":{"204":{"description":"No Content"}},"security":[{"SuperOffice Password":[],"SuperId Authentication":[]}]}},"/api/v1/ChatTopic/{chatTopicId}/Sessions":{"post":{"tags":["ChatTopic"],"summary":"Create a new session on a chat topic","description":"","operationId":"v1ChatTopicEntity_CreateChatSessionForTopic","consumes":[],"produces":["application/json","text/json","application/xml","text/xml","application/json-patch+json","application/merge-patch+json"],"parameters":[{"name":"chatTopicId","in":"path","description":"Id of the chat topic","required":true,"type":"integer","format":"int32"},{"name":"Accept-Language","in":"header","description":"Convert string references and multi-language values into a specified language (iso2) code.","required":false,"type":"string"},{"name":"SO-Language","in":"header","description":"Convert string references and multi-language values into a specified language (iso2) code. Overrides Accept-Language value.","required":false,"type":"string"},{"name":"SO-Culture","in":"header","description":"Number, date formatting in a specified culture (iso2 language) code. Partially overrides SO-Language/Accept-Language value. Ignored if no Language set.","required":false,"type":"string"},{"name":"SO-TimeZone","in":"header","description":"Specify the timezone code that you would like date/time responses converted to.","required":false,"type":"string"},{"name":"SO-AppToken","in":"header","description":"The application token that identifies the partner app. Used when calling Online WebAPI from a server.","required":false,"type":"string"}],"responses":{"200":{"description":"OK","schema":{"$ref":"#/definitions/SuperOffice.CRM.Services.ChatSessionEntity"}}},"security":[{"SuperOffice Password":[],"SuperId Authentication":[]}]}}},"definitions":{"SuperOffice.CRM.Services.ChatTopicEntity":{"description":"Chat topics define who is assigned, when the channel is open for business, and look of the chat widget.\r\n<para />\r\nCarrier object for ChatTopicEntity.\r\nServices for the ChatTopicEntity Carrier is available from the <see cref=\"T:SuperOffice.CRM.Services.IChatAgent\">Chat Agent</see>.","type":"object","properties":{"ChatTopicId":{"format":"int32","description":"The primary key (auto-incremented)","type":"integer"},"Name":{"description":"The name of this chat topic","type":"string"},"Description":{"description":"The descriptiong for this topic.","type":"string"},"WelcomeMessage":{"description":"The welcome message sent to the customer when the chat session starts.","type":"string"},"Language":{"$ref":"#/definitions/SuperOffice.CRM.Services.CustomerLanguage","description":"Customer language used in this topic. Optional."},"LastAccept":{"format":"date-time","description":"The last time a session was accepted from the inside for this topic.","type":"string"},"SecondsPrAccept":{"format":"int32","description":"The average number of seconds per accept for this topic.","type":"integer"},"AlertRecipient":{"description":"The recipient(s) for the alert template","type":"string"},"AlertTemplate":{"$ref":"#/definitions/SuperOffice.CRM.Services.ReplyTemplate","description":"Template to use for alerts."},"CollectConsent":{"description":"Collect consent to store from user","type":"boolean"},"BadgeHeader":{"description":"The badge header of the chat topic","type":"string"},"CustomQueueTextEnabled":{"description":"Use the custom queue message text","type":"boolean"},"CustomQueueText":{"description":"A text to be used in the queue message in the chat widget. Usage is controlled by the flags field, bit number 3","type":"string"},"WarnNewChatMinutes":{"format":"int32","description":"Contains the user notify time in minutes","type":"integer"},"WarnManagerNewChatMinutes":{"format":"int32","description":"Contains the manager notify time in minutes","type":"integer"},"TicketEnabled":{"description":"Enable ticket submission in offline mode","type":"boolean"},"TicketCategory":{"$ref":"#/definitions/SuperOffice.CRM.Services.TicketCategory","description":"Category on ticket created from off-line request"},"TicketPriority":{"$ref":"#/definitions/SuperOffice.CRM.Services.TicketPriority","description":"Priority on ticket created from off-line request"},"OpeningHoursEnabled":{"description":"Whether to use opening hours or not.","type":"boolean"},"OpeningHours":{"$ref":"#/definitions/SuperOffice.CRM.Services.ChatOpeningHours","description":"Opening hours settings"},"Widget":{"$ref":"#/definitions/SuperOffice.CRM.Services.ChatWidgetSettings","description":"Settings for the chat widget"},"BotEnabled":{"description":"Enable chatbot on this topic. Run the trigger scripts on bot events.","type":"boolean"},"BotSettings":{"$ref":"#/definitions/SuperOffice.CRM.Services.ChatBotSettings","description":"Settings for chatbot: trigger script ids to run on bot events"},"OfflineCollectConsent":{"description":"Collect offline consent to store from user","type":"boolean"},"WarnChatMessageMinutes":{"format":"int32","description":"Contains the user notify time in minutes for new chat messages","type":"integer"},"WarnManagerChatMessageMinutes":{"format":"int32","description":"Contains the manager notify time in minutes for new chat messages","type":"integer"},"UseQueueOfflineForm":{"description":"Use offline form capability from chat queue","type":"boolean"},"OfflineFormTimeLimit":{"format":"int32","description":"The number of minutes in the queue before the offline form is available","type":"integer"},"OfflineFormQueueLength":{"format":"int32","description":"The number of customers in the queue before the offline form is available","type":"integer"},"WidgetEnableRating":{"description":"Enable rating functionality in the chat widgte","type":"boolean"},"WidgetRatingText":{"description":"The text to be displayed in the widget next to the rating stars","type":"string"},"TableRight":{"$ref":"#/definitions/SuperOffice.CRM.Security.TableRight","description":"The carrier's table right"},"FieldProperties":{"description":"Field property dictionary mapping field names to field access rights.","type":"object","additionalProperties":{"$ref":"#/definitions/SuperOffice.CRM.Security.FieldProperty"}}}},"SuperOffice.CRM.Services.CustomerLanguage":{"description":"Customer languages that customer center supports.\r\n<para />\r\nCarrier object for CustomerLanguage.\r\nServices for the CustomerLanguage Carrier is available from the <see cref=\"T:SuperOffice.CRM.Services.IListAgent\">List Agent</see>.","type":"object","properties":{"Id":{"format":"int32","description":"The List Item Id","type":"integer"},"Value":{"description":"The List Item Value","type":"string"},"Tooltip":{"description":"The List Item Tooltip","type":"string"},"TableRight":{"$ref":"#/definitions/SuperOffice.CRM.Security.TableRight","description":"The carrier's table right"},"FieldProperties":{"description":"Field property dictionary mapping field names to field access rights.","type":"object","additionalProperties":{"$ref":"#/definitions/SuperOffice.CRM.Security.FieldProperty"}}}},"SuperOffice.CRM.Security.TableRight":{"description":"Wraps a table right together with an explanatory reason.\r\nCode can indicate why access is restricted.","type":"object","properties":{"Mask":{"type":"string"},"Reason":{"type":"string"}}},"SuperOffice.CRM.Security.FieldProperty":{"description":"Class holding properties like field length, field type about a field in the carrier.","type":"object","properties":{"FieldRight":{"$ref":"#/definitions/SuperOffice.CRM.Security.FieldRight"},"FieldType":{"type":"string"},"FieldLength":{"format":"int32","description":"","type":"integer"}}},"SuperOffice.CRM.Security.FieldRight":{"description":"Wraps the field right together with an explanatory reason.\r\nAlso adds logical operators to the field rights so that they can be easily combined.","type":"object","properties":{"Mask":{"type":"string"},"Reason":{"type":"string"}}},"SuperOffice.CRM.Services.ReplyTemplate":{"description":"Reply template item\r\n<para />\r\nCarrier object for ReplyTemplate.\r\nServices for the ReplyTemplate Carrier is available from the <see cref=\"T:SuperOffice.CRM.Services.ICustomerServiceAgent\">CustomerService Agent</see>.","type":"object","properties":{"ReplyTemplateId":{"format":"int32","description":"The primary key (auto-incremented)","type":"integer"},"Name":{"description":"The name for this reply template.","type":"string"},"Description":{"description":"The description for this reply template.","type":"string"},"FolderId":{"format":"int32","description":"The id of the folder in which this reply template is located. NULL or -1 if this is a toplevel reply template.","type":"integer"}}},"SuperOffice.CRM.Services.TicketCategory":{"description":"Ticket Category - light read-only version of TicketCategoryEntity.\r\n<para />\r\nCarrier object for TicketCategory.\r\nServices for the TicketCategory Carrier is available from the <see cref=\"T:SuperOffice.CRM.Services.IListAgent\">List Agent</see>.","type":"object","properties":{"Id":{"format":"int32","description":"The List Item Id","type":"integer"},"Value":{"description":"The List Item Value","type":"string"},"Tooltip":{"description":"The List Item Tooltip","type":"string"},"TableRight":{"$ref":"#/definitions/SuperOffice.CRM.Security.TableRight","description":"The carrier's table right"},"FieldProperties":{"description":"Field property dictionary mapping field names to field access rights.","type":"object","additionalProperties":{"$ref":"#/definitions/SuperOffice.CRM.Security.FieldProperty"}}}},"SuperOffice.CRM.Services.TicketPriority":{"description":"Carrier object for TicketPriority.\r\nServices for the TicketPriority Carrier is available from the <see cref=\"T:SuperOffice.CRM.Services.IListAgent\">List Agent</see>.","type":"object","properties":{"Id":{"format":"int32","description":"The List Item Id","type":"integer"},"Value":{"description":"The List Item Value","type":"string"},"Tooltip":{"description":"The List Item Tooltip","type":"string"},"TableRight":{"$ref":"#/definitions/SuperOffice.CRM.Security.TableRight","description":"The carrier's table right"},"FieldProperties":{"description":"Field property dictionary mapping field names to field access rights.","type":"object","additionalProperties":{"$ref":"#/definitions/SuperOffice.CRM.Security.FieldProperty"}}}},"SuperOffice.CRM.Services.ChatOpeningHours":{"description":"Chat Topic Opening Hours\r\n<para />\r\nCarrier object for ChatOpeningHours.\r\nServices for the ChatOpeningHours Carrier is available from the <see cref=\"T:SuperOffice.CRM.Services.IChatAgent\">Chat Agent</see>.","type":"object","properties":{"TzLocation":{"$ref":"#/definitions/SuperOffice.CRM.TimeZoneData","description":"Timezone used for the opening hours (start/stop times) for this topic."},"MonEnabled":{"description":"Whether open on Mondays.","type":"boolean"},"MonStart":{"description":"When opening hours start on Mondays. Only time-part is used.","type":"string"},"MonStop":{"description":"When opening hours stop on Mondays. Only time-part is used.","type":"string"},"TueEnabled":{"description":"Whether open on Tuesdays.","type":"boolean"},"TueStart":{"description":"When opening hours start on Tuesdays. Only time-part is used.","type":"string"},"TueStop":{"description":"When opening hours stop on Tuesdays. Only time-part is used.","type":"string"},"WedEnabled":{"description":"Whether open on Wednesdays.","type":"boolean"},"WedStart":{"description":"When opening hours start on Wednesdays. Only time-part is used.","type":"string"},"WedStop":{"description":"When opening hours stop on Wednesday. Only time-part is used.","type":"string"},"ThuEnabled":{"description":"Whether open on Thursdays.","type":"boolean"},"ThuStart":{"description":"When opening hours start on Thursdays. Only time-part is used.","type":"string"},"ThuStop":{"description":"When opening hours stop on Thursdays. Only time-part is used.","type":"string"},"FriEnabled":{"description":"Whether open on Fridays.","type":"boolean"},"FriStart":{"description":"When opening hours start on Fridays. Only time-part is used.","type":"string"},"FriStop":{"description":"When opening hours stop on Fridays. Only time-part is used.","type":"string"},"SatEnabled":{"description":"Whether open on Saturdays.","type":"boolean"},"SatStart":{"description":"When opening hours start on Saturdays. Only time-part is used.","type":"string"},"SatStop":{"description":"When opening hours stop on Saturdays. Only time-part is used.","type":"string"},"SunEnabled":{"description":"Whether open on Sundays.","type":"boolean"},"SunStart":{"description":"When opening hours start on Sundays. Only time-part is used.","type":"string"},"SunStop":{"description":"When opening hours stop on Sundays. Only time-part is used.","type":"string"},"UseLunchHours":{"description":"Whether to use lunch hours or not.","type":"boolean"},"LunchStart":{"description":"When opening hours starts for lunch. Only time-part is used.","type":"string"},"LunchStop":{"description":"When opening hours stops for lunch. Only time-part is used.","type":"string"}}},"SuperOffice.CRM.TimeZoneData":{"type":"object","properties":{"TZLocationID":{"format":"int32","description":"Timezone location ID - primary key.","type":"integer"},"Name":{"description":"Name associated with the location: Country name + region name, Norway, United States - Alaska","type":"string"},"TZLocationCode":{"description":"Code associated with location: UTC, AR-NQ, AU-QLD, PF2A\r\nNot the an ISO country code. Unique.","type":"string"},"TZLocationCities":{"description":"Cities associated with location: Oslo, London, Rio de Janeiro","type":"string"},"IsoNumber":{"format":"int32","description":"Country ISO code associated with location: 578","type":"integer"},"TimeZoneSTDRules":{"description":"Dictionary of standard rules","type":"object","additionalProperties":{"$ref":"#/definitions/SuperOffice.CRM.TimeZoneRule"}},"TimeZoneDSTRules":{"description":"Dictionary of Daylight saving time rules","type":"object","additionalProperties":{"$ref":"#/definitions/SuperOffice.CRM.TimeZoneRule"}}}},"SuperOffice.CRM.TimeZoneRule":{"type":"object","properties":{"StartDay":{"format":"int32","type":"integer"},"StartMonth":{"format":"int32","type":"integer"},"EndDay":{"format":"int32","type":"integer"},"EndMonth":{"format":"int32","type":"integer"},"TZOffset":{"format":"int32","type":"integer"},"StartRulePattern":{"type":"string"},"EndRulePattern":{"type":"string"}}},"SuperOffice.CRM.Services.ChatWidgetSettings":{"description":"Defines the look of the chat widget.\r\n<para />\r\nCarrier object for ChatWidgetSettings.\r\nServices for the ChatWidgetSettings Carrier is available from the <see cref=\"T:SuperOffice.CRM.Services.IChatAgent\">Chat Agent</see>.","type":"object","properties":{"AutoFaqEnabled":{"description":"Enable automatic FAQ suggestions","type":"boolean"},"AutoFaqCategory":{"$ref":"#/definitions/SuperOffice.CRM.Services.KbCategory","description":"Root folder for FAQ suggestions"},"PreFormEnabled":{"description":"Enable pre-chat form for anonymous users","type":"boolean"},"PreFormMessage":{"description":"Message to be shown in a pre-chat","type":"string"},"RequiredFields":{"description":"Fields required to start a chat","enum":["None","Email","Name","Company","Phone","Country"],"type":"string"},"PostFormEnabled":{"description":"Enable post chat form","type":"boolean"},"PostFormHeader":{"description":"Header text to show in post chat form","type":"string"},"PostFormMessage":{"description":"Message text to show in post chat form","type":"string"},"PostTranscriptEnabled":{"description":"Enable transcript of chat session","type":"boolean"},"LanguageIsoCode":{"description":"The language ISO code for the widget language","type":"string"},"Size":{"description":"Chat widget size: normal or large.","enum":["Normal","Large"],"type":"string"},"Theme":{"description":"Predefined themes for the chat widget","enum":["Classic","Modern"],"type":"string"},"Color":{"description":"The base color of the widget","type":"string"},"BadgeColor":{"description":"Optional color for chat widget badge","type":"string"},"BadgeTextColor":{"description":"Optional color for chat widget badge text","type":"string"},"CustMsgColor":{"description":"Optional color for chat widget customer message","type":"string"},"CustMsgTextColor":{"description":"Optional color for chat widget customer message text","type":"string"},"AgentMsgColor":{"description":"Optional color for chat widget agent message","type":"string"},"AgentMsgTextColor":{"description":"Optional color for chat widget agent message text","type":"string"},"ButtonColor":{"description":"Optional color for chat widget button","type":"string"},"ButtonTextColor":{"description":"Optional color for chat widget button text","type":"string"},"Font":{"description":"The font used in the widget","type":"string"},"FontSize":{"description":"Optional size for chat widget font","type":"string"},"LogoEnabled":{"description":"Indicates if the logo should be shown in the widget","type":"boolean"},"LogoBlobId":{"format":"int32","description":"Blob id that contains logo image","type":"integer"},"LogoName":{"description":"filename/description of logo (from blob)","type":"string"},"ShowAgentPhoto":{"description":"Use agent photo and name when chatting","type":"boolean"},"WelcomeTitle":{"description":"Short welcome message when user initiates a chat","type":"string"},"WelcomeMessage":{"description":"Short message displayed as long as the request is in queue or active","type":"string"},"OfflineHeader":{"description":"Offline text shown in widget header","type":"string"},"OfflineMessage":{"description":"Offline message shown in widget","type":"string"},"OfflineFields":{"description":"Required field when creating ticket in offline mode","enum":["None","Email","Name","Company","Phone","Country"],"type":"string"},"UseAgentFirstname":{"description":"Whether to use the firstname of the agent in the chat widget.","type":"boolean"}}},"SuperOffice.CRM.Services.KbCategory":{"description":"Knowledge base category. Groups knowledge base articles into hierarchy.\r\n<para />\r\nCarrier object for KbCategory.\r\nServices for the KbCategory Carrier is available from the <see cref=\"T:SuperOffice.CRM.Services.ICustomerServiceAgent\">CustomerService Agent</see>.","type":"object","properties":{"KbCategoryId":{"format":"int32","description":"The primary key (auto-incremented)","type":"integer"},"Name":{"description":"The name of this category.","type":"string"},"Description":{"description":"The description of this category.","type":"string"},"Fullname":{"description":"The full name of this category, i.e. Foo/bar/test.","type":"string"},"ParentId":{"format":"int32","description":"This entry contains a reference to the parent category. NULL or -1 if this is a toplevel category.","type":"integer"},"SortOrder":{"format":"int32","description":"A strictly ascending number used for sorting categories when they are listed.","type":"integer"}}},"SuperOffice.CRM.Services.ChatBotSettings":{"description":"Chat Topic bot settings. Trigger script ids to run on bot events\r\n<para />\r\nCarrier object for ChatBotSettings.\r\nServices for the ChatBotSettings Carrier is available from the <see cref=\"T:SuperOffice.CRM.Services.IChatAgent\">Chat Agent</see>.","type":"object","properties":{"BotName":{"description":"Chatbot name","type":"string"},"BotRegisterScriptId":{"format":"int32","description":"Script id to register/unregister chatbot. 0 if there is no bot","type":"integer"},"BotSessionCreatedScriptId":{"format":"int32","description":"Script id to run on new session.","type":"integer"},"BotSessionChangedScriptId":{"format":"int32","description":"Script id to run when session state changes.","type":"integer"},"BotMessageReceivedScriptId":{"format":"int32","description":"Script id to run when new messages received from customer.","type":"integer"}}},"SuperOffice.WebApi.v1.Carriers.ChatCarriers.ChatTopicEntityWithLinks":{"description":"Chat topics define who is assigned, when the channel is open for business, and look of the chat widget.\r\n<para />\r\nChatTopicEntity entity with API _Links added.","type":"object","properties":{"ChatTopicId":{"format":"int32","description":"The primary key (auto-incremented)","type":"integer"},"Name":{"description":"The name of this chat topic","type":"string"},"Description":{"description":"The descriptiong for this topic.","type":"string"},"WelcomeMessage":{"description":"The welcome message sent to the customer when the chat session starts.","type":"string"},"Language":{"$ref":"#/definitions/SuperOffice.CRM.Services.CustomerLanguage","description":"Customer language used in this topic. Optional."},"LastAccept":{"format":"date-time","description":"The last time a session was accepted from the inside for this topic.","type":"string"},"SecondsPrAccept":{"format":"int32","description":"The average number of seconds per accept for this topic.","type":"integer"},"AlertRecipient":{"description":"The recipient(s) for the alert template","type":"string"},"AlertTemplate":{"$ref":"#/definitions/SuperOffice.CRM.Services.ReplyTemplate","description":"Template to use for alerts."},"CollectConsent":{"description":"Collect consent to store from user","type":"boolean"},"BadgeHeader":{"description":"The badge header of the chat topic","type":"string"},"CustomQueueTextEnabled":{"description":"Use the custom queue message text","type":"boolean"},"CustomQueueText":{"description":"A text to be used in the queue message in the chat widget. Usage is controlled by the flags field, bit number 3","type":"string"},"WarnNewChatMinutes":{"format":"int32","description":"Contains the user notify time in minutes","type":"integer"},"WarnManagerNewChatMinutes":{"format":"int32","description":"Contains the manager notify time in minutes","type":"integer"},"TicketEnabled":{"description":"Enable ticket submission in offline mode","type":"boolean"},"TicketCategory":{"$ref":"#/definitions/SuperOffice.CRM.Services.TicketCategory","description":"Category on ticket created from off-line request"},"TicketPriority":{"$ref":"#/definitions/SuperOffice.CRM.Services.TicketPriority","description":"Priority on ticket created from off-line request"},"OpeningHoursEnabled":{"description":"Whether to use opening hours or not.","type":"boolean"},"OpeningHours":{"$ref":"#/definitions/SuperOffice.CRM.Services.ChatOpeningHours","description":"Opening hours settings"},"Widget":{"$ref":"#/definitions/SuperOffice.CRM.Services.ChatWidgetSettings","description":"Settings for the chat widget"},"BotEnabled":{"description":"Enable chatbot on this topic. Run the trigger scripts on bot events.","type":"boolean"},"BotSettings":{"$ref":"#/definitions/SuperOffice.CRM.Services.ChatBotSettings","description":"Settings for chatbot: trigger script ids to run on bot events"},"OfflineCollectConsent":{"description":"Collect offline consent to store from user","type":"boolean"},"WarnChatMessageMinutes":{"format":"int32","description":"Contains the user notify time in minutes for new chat messages","type":"integer"},"WarnManagerChatMessageMinutes":{"format":"int32","description":"Contains the manager notify time in minutes for new chat messages","type":"integer"},"UseQueueOfflineForm":{"description":"Use offline form capability from chat queue","type":"boolean"},"OfflineFormTimeLimit":{"format":"int32","description":"The number of minutes in the queue before the offline form is available","type":"integer"},"OfflineFormQueueLength":{"format":"int32","description":"The number of customers in the queue before the offline form is available","type":"integer"},"WidgetEnableRating":{"description":"Enable rating functionality in the chat widgte","type":"boolean"},"WidgetRatingText":{"description":"The text to be displayed in the widget next to the rating stars","type":"string"},"TableRight":{"$ref":"#/definitions/SuperOffice.CRM.Security.TableRight","description":"The carrier's table right"},"FieldProperties":{"description":"Field property dictionary mapping field names to field access rights.","type":"object","additionalProperties":{"$ref":"#/definitions/SuperOffice.CRM.Security.FieldProperty"}},"_Links":{"type":"object","additionalProperties":{"type":"string"}}}},"SuperOffice.Services.WebApi.OData.ODataSlimResponse":{"description":"Easy to use archive results - just a flat list of values.","type":"object","properties":{"odata.metadata":{"type":"string"},"odata.nextLink":{"type":"string"},"value":{"type":"array","items":{"type":"object","additionalProperties":{"type":"object"}}}}},"SuperOffice.CRM.Services.MDOListItem":{"description":"Carrier object for MDOListItem.\r\nServices for the MDOListItem Carrier is available from the <see cref=\"T:SuperOffice.CRM.Services.IMDOAgent\">MDO Agent</see>.","type":"object","properties":{"Id":{"format":"int32","description":"The Id of the ListItem","type":"integer"},"Name":{"description":"The name of the ListItem","type":"string"},"ToolTip":{"description":"The tooltip of the ListItem","type":"string"},"Deleted":{"description":"The deleted status of the ListItem","type":"boolean"},"Rank":{"format":"int32","description":"The rank of the ListItem","type":"integer"},"Type":{"description":"The type of the ListItem. Custom field.","type":"string"},"ChildItems":{"description":"The child items of the MDOListItem","type":"array","items":{"$ref":"#/definitions/SuperOffice.CRM.Services.MDOListItem"}},"IconHint":{"description":"The Icon hint of the ListItem. Custom field.","type":"string"},"ColorBlock":{"format":"int32","description":"The color indicator of the ListItem color block","type":"integer"},"ExtraInfo":{"description":"Extra information added to the ListItem. Could be information such as sort order etc or other meta data. Custom field.","type":"string"},"StyleHint":{"description":"Style hint indicating, information such as background color etc. Custom field.","type":"string"},"FullName":{"description":"The name of the ListItem in its context","type":"string"},"TableRight":{"$ref":"#/definitions/SuperOffice.CRM.Security.TableRight","description":"The carrier's table right"},"FieldProperties":{"description":"Field property dictionary mapping field names to field access rights.","type":"object","additionalProperties":{"$ref":"#/definitions/SuperOffice.CRM.Security.FieldProperty"}}}},"SuperOffice.CRM.Services.ChatTopicAgent":{"description":"User agents within a chat topic. Which users are assigned and what roles they have within the chat topic.\r\n<para />\r\nCarrier object for ChatTopicAgent.\r\nServices for the ChatTopicAgent Carrier is available from the <see cref=\"T:SuperOffice.CRM.Services.IChatAgent\">Chat Agent</see>.","type":"object","properties":{"TopicId":{"format":"int32","description":"The reference to the associated chat topic.","type":"integer"},"User":{"$ref":"#/definitions/SuperOffice.CRM.Services.Associate","description":"The associate that is the user agent."},"CanListen":{"description":"True of a user can listen in on this topic","type":"boolean"},"CanRespond":{"description":"True if the user can respond to chats in this topic","type":"boolean"},"CanManage":{"description":"True if the user is a manager for this topic","type":"boolean"},"CanNotify":{"description":"True if the user should receive notifications for this topic","type":"boolean"}}},"SuperOffice.CRM.Services.Associate":{"description":"Carrier object for Associate.\r\nServices for the Associate Carrier is available from the <see cref=\"T:SuperOffice.CRM.Services.IAssociateAgent\">Associate Agent</see>.","type":"object","properties":{"AssociateId":{"format":"int32","description":"Primary key","type":"integer"},"Name":{"description":"Initials, also login name, possibly database user name","type":"string"},"PersonId":{"format":"int32","description":"Owning person record \r\n<para>Use MDO List name \"person\" to get list items.</para>","type":"integer"},"Rank":{"format":"int32","description":"Rank order","type":"integer"},"Tooltip":{"description":"Tooltip or other description","type":"string"},"Type":{"description":"User type - 1 = internal user, 2 = resource, 3 = external user, 4 = anonymous, 5 = system","enum":["Unknown","InternalAssociate","ResourceAssociate","ExternalAssociate","AnonymousAssociate","SystemAssociate"],"type":"string"},"GroupIdx":{"format":"int32","description":"Primary group membership, see UserGroupLink for secondary memberships","type":"integer"},"FullName":{"description":"The associate's culture formatted fullname (firstname, middleName and lastname)","type":"string"},"FormalName":{"description":"The associate's culture formatted formalname (firstname, middleName and lastname, title, mrmrs)","type":"string"},"Deleted":{"description":"If true, the user is retired and should have no rights, not appear in lists, etc.","type":"boolean"},"EjUserId":{"format":"int32","description":"ID of the ej user record corresponding to this associate; 0 for associates that are not ej users","type":"integer"},"UserName":{"description":"User name","type":"string"},"ExtraFields":{"description":"Deprecated: Use {SuperOffice.CRM.Services.Associate.CustomFields} instead.\r\nExtra fields added to the carrier. This could be data from Plug-ins, the foreign key system, external applications, etc.","type":"object","additionalProperties":{"type":"string"}},"CustomFields":{"description":"Udef + Extra fields added to the carrier. Extra fields as defined by changes to database schema + user-defined fields as defined by admin.\r\nCustom fields combines user defined fields and extra fields into one bucket. \r\nThe individual {SuperOffice.CRM.Services.Associate.ExtraFields} and <see cref=\"!:UserDefinedFields\">UserDefinedFields</see> properties are deprecated in favor of this\r\ncombined collection.","type":"object","additionalProperties":{"type":"string"}},"TableRight":{"$ref":"#/definitions/SuperOffice.CRM.Security.TableRight","description":"The carrier's table right"},"FieldProperties":{"description":"Field property dictionary mapping field names to field access rights.","type":"object","additionalProperties":{"$ref":"#/definitions/SuperOffice.CRM.Security.FieldProperty"}}}},"SuperOffice.CRM.Services.ChatSessionEntity":{"description":"Chat sessions belong to a chat topic, and contain messages to/from users\r\n<para />\r\nCarrier object for ChatSessionEntity.\r\nServices for the ChatSessionEntity Carrier is available from the <see cref=\"T:SuperOffice.CRM.Services.IChatAgent\">Chat Agent</see>.","type":"object","properties":{"ChatSessionId":{"format":"int32","description":"The primary key (auto-incremented)","type":"integer"},"TopicId":{"format":"int32","description":"The reference to the associated chat topic.","type":"integer"},"User":{"$ref":"#/definitions/SuperOffice.CRM.Services.Associate","description":"User agent handling this session"},"Person":{"$ref":"#/definitions/SuperOffice.CRM.Services.Person","description":"Customer person in this session - could be empty if we don't know exactly."},"CustomerAlias":{"description":"The alias for the customer.","type":"string"},"CustomerHost":{"description":"The hostname or IP address for the customer.","type":"string"},"CustomerName":{"description":"The name of customer, if provided","type":"string"},"CustomerEmail":{"description":"The email address of the customer, if provided","type":"string"},"CustomerPhone":{"description":"The phone number of the customer, if provided","type":"string"},"CustomerConsented":{"description":"The customer consented when starting the session","type":"boolean"},"CustomerCompanyName":{"description":"The name of the customers company, if provided","type":"string"},"Status":{"description":"Enum indicating the status for the session (pending, active, closed, etc).","enum":["Invalid","PreChatForm","Faq","OfflineForm","InQueue","CustomerLast","UserLast","Finished","Deleted","Closed","RequestPosted","ClosedFromQueue"],"type":"string"},"FirstMessage":{"description":"A copy of the first message in the chat session","type":"string"},"LastMessage":{"description":"A copy of the last message in the chat session","type":"string"},"WhenRequested":{"format":"date-time","description":"When the session was requested by the customer.","type":"string"},"WhenStarted":{"format":"date-time","description":"When the session was accepted by a user.","type":"string"},"WhenEnded":{"format":"date-time","description":"When the session was ended.","type":"string"},"WhenIdle":{"format":"date-time","description":"The last time anyone sent a message for this session.","type":"string"},"WhenFetched":{"format":"date-time","description":"The last time the customer&amp;apos;s client refetched the data. Used to detect &amp;apos;dead&amp;apos; session.","type":"string"},"SessionKey":{"description":"Key used to authenticate the session.","type":"string"},"InitialQueuePos":{"format":"int32","description":"The initial queue pos (i.e. the number of pending sessions + 1) when the session was requested.","type":"integer"},"AlertLevel":{"format":"int32","description":"The alert level for this chat session.","type":"integer"},"Rank":{"format":"int32","description":"Lowest possible unique number for active sessions for user. User for color index. Starting at 1.","type":"integer"},"Flags":{"description":"Various flags for the chat session","enum":["CustomerIsTyping","UserIsTyping"],"type":"string"},"Contact":{"$ref":"#/definitions/SuperOffice.CRM.Services.Contact","description":"Contact this session is connected to - could be empty if we don't know exactly."},"Project":{"$ref":"#/definitions/SuperOffice.CRM.Services.Project","description":"Project the session is connectedto - could be empty if we don't know exactly."},"Sale":{"$ref":"#/definitions/SuperOffice.CRM.Services.Sale","description":"Sale the session is connected to - could be empty if we don't know exactly."},"Ticket":{"$ref":"#/definitions/SuperOffice.CRM.Services.Ticket","description":"Ticket the session is connected to - could be empty if we don't know exactly."},"TransferTo":{"$ref":"#/definitions/SuperOffice.CRM.Services.Associate","description":"User agent that has a pending transfer of the chat session"},"ChatbotIsActive":{"description":"Indicates that a chatbot is active on the session. This will cause bot triggers to fire. Set to 0 when bot hands off to user.","type":"boolean"},"Rating":{"format":"int32","description":"Rating of this chat conversation given by the customer","type":"integer"},"TableRight":{"$ref":"#/definitions/SuperOffice.CRM.Security.TableRight","description":"The carrier's table right"},"FieldProperties":{"description":"Field property dictionary mapping field names to field access rights.","type":"object","additionalProperties":{"$ref":"#/definitions/SuperOffice.CRM.Security.FieldProperty"}}}},"SuperOffice.CRM.Services.Person":{"description":"Carrier object for Person.\r\nServices for the Person Carrier is available from the <see cref=\"T:SuperOffice.CRM.Services.IPersonAgent\">Person Agent</see>.","type":"object","properties":{"Position":{"description":"The position. This is a predefined SuperOffice value, different from Title","type":"string"},"PersonId":{"format":"int32","description":"Primary key","type":"integer"},"Mrmrs":{"description":"e.g. Mrs   sex_title","type":"string"},"Firstname":{"description":"First name","type":"string"},"Lastname":{"description":"Last name","type":"string"},"MiddleName":{"description":"Middle name or 'van' etc.","type":"string"},"Title":{"description":"Title","type":"string"},"Description":{"description":"Info text/description on person.","type":"string"},"Email":{"description":"First email on contact person.","type":"string"},"FullName":{"description":"Get the persons full name (internal name used in clients for employees).","type":"string"},"DirectPhone":{"description":"Returns the direct phone that belong to the contact person.","type":"string"},"FormalName":{"description":"Get formal name for a person, as used in labels. (Full name + person title + academic title)","type":"string"},"CountryId":{"format":"int32","description":"Country","type":"integer"},"ContactId":{"format":"int32","description":"Owning contact ID","type":"integer"},"ContactName":{"description":"The persons company name","type":"string"},"Retired":{"format":"int32","description":"1 = the user is retired and should have no rights, not appear in lists, etc.","type":"integer"},"Rank":{"format":"int32","description":"Display sort sequence for default sort order","type":"integer"},"ActiveInterests":{"format":"int32","description":"Number of records in pintr table; select count(*) from pintr pi where pi.person_id = this.person_id == activeInterests is always true","type":"integer"},"ContactDepartment":{"description":"The persons contact department","type":"string"},"ContactCountryId":{"format":"int32","description":"The persons contact country id","type":"integer"},"ContactOrgNr":{"description":"The persons contact organization number","type":"string"},"FaxPhone":{"description":"Returns the fax phone that belong to the contact person.","type":"string"},"MobilePhone":{"description":"Returns the mobile phone that belong to the contact person.","type":"string"},"ContactPhone":{"description":"Returns the direct phone that belong to the persons contact.","type":"string"},"AssociateName":{"description":"Name of the person's owner","type":"string"},"AssociateId":{"format":"int32","description":"Id of the item's owner (Associate id)","type":"integer"},"UsePersonAddress":{"description":"If 1, use person's address for mailing instead of company address","type":"boolean"},"ContactFax":{"description":"Actual phone number as eneterd by the user","type":"string"},"Kanafname":{"description":"Kana first name, used in Japanese versions only","type":"string"},"Kanalname":{"description":"Kana last name, used in Japanese versions only","type":"string"},"Post1":{"description":"Postal address, used in Japanese versions only","type":"string"},"Post2":{"description":"Postal address, used in Japanese versions only","type":"string"},"Post3":{"description":"Postal address, used in Japanese versions only","type":"string"},"EmailName":{"description":"E-mail description","type":"string"},"ContactFullName":{"description":"Company full name + department","type":"string"},"ActiveErpLinks":{"format":"int32","description":"How many active ERP links are there for this person?","type":"integer"},"TicketPriorityId":{"format":"int32","description":"Ticket priority ID","type":"integer"},"SupportLanguageId":{"format":"int32","description":"Support priority ID","type":"integer"},"SupportAssociateId":{"format":"int32","description":"Our support contact for this person","type":"integer"},"CategoryName":{"description":"The category list item name","type":"string"},"PersonNumber":{"description":"Alphanumeric user field","type":"string"},"TableRight":{"$ref":"#/definitions/SuperOffice.CRM.Security.TableRight","description":"The carrier's table right"},"FieldProperties":{"description":"Field property dictionary mapping field names to field access rights.","type":"object","additionalProperties":{"$ref":"#/definitions/SuperOffice.CRM.Security.FieldProperty"}}}},"SuperOffice.CRM.Services.Contact":{"description":"Carrier object for Contact.\r\nServices for the Contact Carrier is available from the <see cref=\"T:SuperOffice.CRM.Services.IContactAgent\">Contact Agent</see>.","type":"object","properties":{"ContactId":{"format":"int32","description":"Primary key","type":"integer"},"Name":{"description":"Contact name","type":"string"},"OrgNr":{"description":"VAT number or similar","type":"string"},"Department":{"description":"Department","type":"string"},"URL":{"description":"The internet address to this contact","type":"string"},"City":{"description":"City corresponding to zip code","type":"string"},"DirectPhone":{"description":"The contacts phone","type":"string"},"AssociateId":{"format":"int32","description":"Our contact","type":"integer"},"CountryId":{"format":"int32","description":"Country","type":"integer"},"EmailAddress":{"description":"The contact email address","type":"string"},"Kananame":{"description":"Contact kana name, used in Japanese versions only","type":"string"},"EmailAddressName":{"description":"Visible field","type":"string"},"URLName":{"description":"Visible field","type":"string"},"AssociateFullName":{"description":"The associate's culture formatted fullname (firstname, middleName and lastname)","type":"string"},"BusinessName":{"description":"The business list item name","type":"string"},"CategoryName":{"description":"The category list item name","type":"string"},"CountryName":{"description":"Name of country in installed language","type":"string"},"Address":{"$ref":"#/definitions/SuperOffice.CRM.Services.Address","description":"Contact address as  a list of LocalizedFieldList objects. Used to store localized information such as formatted address data. Suitable for passing to an address control for display."},"FormattedAddress":{"description":"The contact's address, formatted with linebreaks and spaces into a single string.","type":"string"},"FullName":{"description":"","type":"string"},"IsOwnerContact":{"description":"Is the contact an owner contact.  This means that all persons on this contact can on only be internal users and not external users.","type":"boolean"},"ActiveErpLinks":{"format":"int32","description":"The number of active erp links","type":"integer"},"Number1":{"description":"Alphanumeric user field","type":"string"},"Number2":{"description":"Alphanumeric user field","type":"string"},"TableRight":{"$ref":"#/definitions/SuperOffice.CRM.Security.TableRight","description":"The carrier's table right"},"FieldProperties":{"description":"Field property dictionary mapping field names to field access rights.","type":"object","additionalProperties":{"$ref":"#/definitions/SuperOffice.CRM.Security.FieldProperty"}}}},"SuperOffice.CRM.Services.Address":{"description":"Street and/or Postal address, in both formatted and structured forms. You only need to modify one of the two for the change to be registered.\r\n<para />\r\nCarrier object for Address.","type":"object","properties":{"Wgs84Latitude":{"format":"double","description":"Latitude (that's north/south), decimal degrees, relative to WGS 84 ellipsoid. SuperOffice ASA is at 59.91892. This value needs no further grid reference or other qualifying information.","type":"number"},"Wgs84Longitude":{"format":"double","description":"Longitude (that's East/west), decimal degrees, relative to WGS 84 ellipsoid. SuperOffice ASA is at 10.73159. This value needs no further grid reference or other qualifying information.","type":"number"},"LocalizedAddress":{"description":"LocalizedFieldArray is a list of LocalizedFieldList objects. Used to store localized information such as formatted address data.","type":"array","items":{"type":"array","items":{"$ref":"#/definitions/SuperOffice.CRM.Services.LocalizedField"}}},"Street":{"$ref":"#/definitions/SuperOffice.CRM.Services.StructuredAddress","description":"Street address (company street, person address, delivery address). LocalizedAddress changes override this property, so you do not have to change both Localized and this."},"Postal":{"$ref":"#/definitions/SuperOffice.CRM.Services.StructuredAddress","description":"Postal address (company postal, billing address). LocalizedAddress changes override this property, so you do not have to change both Localized and this."},"Formatted":{"description":"Read-only formatted address multi-line string. Combines street and postal into one string. e.g.: &lt;c&gt;\"Postboks 123,\\nBrugata 123,\\n1234 OSLO\\n\"&lt;/c&gt; or &lt;c&gt;\"Postbox 123,\\nBridgelane 123,\\nWest Tooting,\\nEast Shire ES2 W31\\n\"&lt;/c&gt;.","type":"string"},"TableRight":{"$ref":"#/definitions/SuperOffice.CRM.Security.TableRight","description":"The carrier's table right"},"FieldProperties":{"description":"Field property dictionary mapping field names to field access rights.","type":"object","additionalProperties":{"$ref":"#/definitions/SuperOffice.CRM.Security.FieldProperty"}}}},"SuperOffice.CRM.Services.LocalizedField":{"description":"LocalizedField is used to store localized information such as formatted address data, a formatted phone number, etc.\r\n<para />\r\nCarrier object for LocalizedField.","type":"object","properties":{"Name":{"description":"Name of the value field","type":"string"},"Value":{"description":"The field's value","type":"string"},"Tooltip":{"description":"The tooltip","type":"string"},"Label":{"description":"The label of the field","type":"string"},"ValueLength":{"format":"int32","description":"Database length of the value","type":"integer"},"AddressType":{"description":"","type":"string"},"TableRight":{"$ref":"#/definitions/SuperOffice.CRM.Security.TableRight","description":"The carrier's table right"},"FieldProperties":{"description":"Field property dictionary mapping field names to field access rights.","type":"object","additionalProperties":{"$ref":"#/definitions/SuperOffice.CRM.Security.FieldProperty"}}}},"SuperOffice.CRM.Services.StructuredAddress":{"description":"Address with structured fields (Address1, City, Zip) - does not vary its layout by country, unliked the formatted address.\r\n<para />\r\nCarrier object for StructuredAddress.","type":"object","properties":{"AtypeIdx":{"description":"Bit mask, combines address type (EAddressType) and owner type (EOwnerType)","enum":["Unknown","ContactPostalAddress","ContactStreetAddress","PersonPrivateAddress","QuoteBillingAddress","QuoteShippingAddress"],"type":"string"},"Address1":{"description":"Address line 1","type":"string"},"Address2":{"description":"Address line 2","type":"string"},"Address3":{"description":"Address line 3","type":"string"},"City":{"description":"City corresponding to zip code","type":"string"},"County":{"description":"County (not country)","type":"string"},"State":{"description":"State","type":"string"},"Zipcode":{"description":"Zip code, alphanumeric","type":"string"},"Formatted":{"description":"Read-only formatted address multi-line string. e.g.: &lt;c&gt;\"Brugata 123,\\n1234 OSLO\\n\"&lt;/c&gt; or &lt;c&gt;\"Bridgelane 123,\\nWest Tooting,\\nThe Shire ES2 W31\\n\"&lt;/c&gt;.","type":"string"}}},"SuperOffice.CRM.Services.Project":{"description":"Carrier object for Project.\r\nServices for the Project Carrier is available from the <see cref=\"T:SuperOffice.CRM.Services.IProjectAgent\">Project Agent</see>.","type":"object","properties":{"ProjectId":{"format":"int32","description":"Primary key","type":"integer"},"Name":{"description":"Project name","type":"string"},"Description":{"description":"The projects description","type":"string"},"URL":{"description":"URL address","type":"string"},"Type":{"description":"The project type.","type":"string"},"AssociateId":{"format":"int32","description":"The project owner id (associate id)","type":"integer"},"AssociateFullName":{"description":"The project owner","type":"string"},"TypeId":{"format":"int32","description":"","type":"integer"},"Updated":{"format":"date-time","description":"Last updated date  in UTC.","type":"string"},"StatusId":{"format":"int32","description":"The projects status id","type":"integer"},"Status":{"description":"The projects status","type":"string"},"TextId":{"format":"int32","description":"The id of the description","type":"integer"},"PublishTo":{"format":"date-time","description":"Publication valid to (inclusive)","type":"string"},"PublishFrom":{"format":"date-time","description":"Publication valid from (inclusive)","type":"string"},"IsPublished":{"description":"","type":"boolean"},"URLName":{"description":"Visible field","type":"string"},"ProjectNumber":{"description":"Automatically generated number","type":"string"},"ActiveErpLinks":{"format":"int32","description":"The number of active erp links","type":"integer"},"TableRight":{"$ref":"#/definitions/SuperOffice.CRM.Security.TableRight","description":"The carrier's table right"},"FieldProperties":{"description":"Field property dictionary mapping field names to field access rights.","type":"object","additionalProperties":{"$ref":"#/definitions/SuperOffice.CRM.Security.FieldProperty"}}}},"SuperOffice.CRM.Services.Sale":{"description":"Carrier object for Sale.\r\nServices for the Sale Carrier is available from the <see cref=\"T:SuperOffice.CRM.Services.ISaleAgent\">Sale Agent</see>.","type":"object","properties":{"ContactName":{"description":"Contact name","type":"string"},"SaleDate":{"format":"date-time","description":"(expected / lost / won) sales date","type":"string"},"SaleId":{"format":"int32","description":"Primary key","type":"integer"},"Probability":{"format":"int32","description":"Actual probability, may differ from the one in the list","type":"integer"},"Title":{"description":"Sale heading (short description?)","type":"string"},"Amount":{"format":"double","description":"Total sale amount","type":"number"},"Currency":{"description":"Currency the sale was made in.","type":"string"},"ProjectName":{"description":"Project name","type":"string"},"AssociateFullName":{"description":"The sale's owner","type":"string"},"Description":{"description":"The sales description","type":"string"},"Status":{"description":"The sale's status, indicating wether the sale is open, sold or lost.","enum":["Unknown","Open","Sold","Lost","Stalled","SaintAll"],"type":"string"},"WeightedAmount":{"format":"double","description":"The weighted amount ( amount *  probability / 100)","type":"number"},"ProjectId":{"format":"int32","description":"Optional project reference","type":"integer"},"EarningPercent":{"format":"double","description":"Earning as percent of total","type":"number"},"Earning":{"format":"double","description":"Earning on sale","type":"number"},"ContactId":{"format":"int32","description":"Optional contact reference","type":"integer"},"AssociateId":{"format":"int32","description":"The sale's owner id","type":"integer"},"PersonId":{"format":"int32","description":"The sale's contact persons id","type":"integer"},"SaleTypeId":{"format":"int32","description":"The sale's type id","type":"integer"},"SaleTypeName":{"description":"The sale's type name","type":"string"},"PersonFullName":{"description":"The name of the person this sale belongs to.","type":"string"},"Completed":{"description":"The Sale completed state. The completed state is either Started or Completed. NotStarted is treated as Started. The value maps to the Done database field.","enum":["Unknown","NotStarted","Started","Completed"],"type":"string"},"ActiveErpLinks":{"format":"int32","description":"The number of active erp links","type":"integer"},"NextDueDate":{"format":"date-time","description":"Next due date, this is a denormalization of 'closest future activity date, or most recent if no future activities'. Maintained by the system, but very convenient for searching.","type":"string"},"Number":{"description":"Alphanumeric user field","type":"string"},"TableRight":{"$ref":"#/definitions/SuperOffice.CRM.Security.TableRight","description":"The carrier's table right"},"FieldProperties":{"description":"Field property dictionary mapping field names to field access rights.","type":"object","additionalProperties":{"$ref":"#/definitions/SuperOffice.CRM.Security.FieldProperty"}}}},"SuperOffice.CRM.Services.Ticket":{"description":"The ticket carrier is used for representing a service request.\r\n<para />\r\nCarrier object for Ticket.\r\nServices for the Ticket Carrier is available from the <see cref=\"T:SuperOffice.CRM.Services.ITicketAgent\">Ticket Agent</see>.","type":"object","properties":{"TicketId":{"format":"int32","description":"The primary key (auto-incremented)","type":"integer"},"Title":{"description":"The title of the ticket.","type":"string"},"CreatedAt":{"format":"date-time","description":"When the ticket was created.","type":"string"},"LastChanged":{"format":"date-time","description":"The last time the ticket was modified.","type":"string"},"ReadByOwner":{"format":"date-time","description":"The datetime for when the ticket last was read by the owner.","type":"string"},"ReadByCustomer":{"format":"date-time","description":"The datetime for when the ticket was read by the customer.","type":"string"},"FirstReadByUser":{"format":"date-time","description":"The datetime for when the ticket first was read by a user.","type":"string"},"Activate":{"format":"date-time","description":"When the ticket should be activated, if it is postponed.","type":"string"},"ClosedAt":{"format":"date-time","description":"When the ticket was closed.","type":"string"},"RepliedAt":{"format":"date-time","description":"The datetime for when the ticket was replied to. I.e. the first external message added to the ticket.","type":"string"},"AlertTimeout":{"format":"date-time","description":"The datetime for when the ticket should jump to the next alert_level.","type":"string"},"Deadline":{"format":"date-time","description":"Deadline for ticket.","type":"string"},"CreatedBy":{"format":"int32","description":"The id of the user who created the ticket. 1 (system user) if the ticket was created externally","type":"integer"},"CreatedByName":{"description":"Initials, also login name, possibly database user name","type":"string"},"Author":{"description":"A string representing the author of the ticket (same as author of first message).","type":"string"},"OwnedBy":{"format":"int32","description":"The id of the user who owns the ticket. 1 (system user) if the ticket is unassigned.","type":"integer"},"OwnedByName":{"description":"Initials, also login name, possibly database user name","type":"string"},"Category":{"format":"int32","description":"The id of the category a ticket is in.","type":"integer"},"CategoryName":{"description":"The (short) name of this category. E.g. &amp;apos;support&amp;apos;.","type":"string"},"CategoryFullname":{"description":"The fullname (compiled from parents&amp;apos; names) for this category. E.g. &amp;apos;norway/product A/support&amp;apos;.","type":"string"},"Slevel":{"description":"The securitylevel of the ticket.","enum":["Unknown","Internal","External"],"type":"string"},"Priority":{"format":"int32","description":"The reference to the ticket_priority table.","type":"integer"},"PriorityName":{"description":"The name of the priority.","type":"string"},"BaseStatus":{"description":"The status of the ticket. I.e. active/closed/postponed/deleted","enum":["Unknown","Active","Closed","Postponed","Deleted","Merged","PostponedSpecific","Postponed1Hour","Postponed2Hours","Postponed3Hours","Postponed4Hours","PostponedDay","PostponedWeek","PostponedMonth"],"type":"string"},"TicketStatus":{"format":"int32","description":"User defined ticket status","type":"integer"},"TicketStatusDisplayValue":{"description":"Get the display name of the ticket status.","type":"string"},"Origin":{"description":"What is the origin of this ticket","enum":["Unknown","Email","SMS","Fax","Phone","Facebook","Twitter","Internal","CustomerCentre","EMarketing","AutoGenerated","Chat","Form"],"type":"string"},"CustId":{"format":"int32","description":"The reference to the customer. NULL or -1 if ticket is not connected to customer.","type":"integer"},"PersonFirstname":{"description":"First name","type":"string"},"PersonMiddleName":{"description":"Middle name or 'van' etc.","type":"string"},"PersonLastname":{"description":"Last name","type":"string"},"PersonFullname":{"description":"Get the full name for the primary person (customer)","type":"string"},"AlertLevel":{"format":"int32","description":"The alert level for the ticket. Matches the level value of the ticket_alert table.","type":"integer"},"ConnectId":{"format":"int32","description":"If a ticket is connected to another ticket, this field is set to the id of the &amp;apos;master&amp;apos; ticket.","type":"integer"},"ReadStatus":{"description":"Whether the owner has read the ticket or not (red, yellow, green).","enum":["Unknown","Green","Yellow","Red"],"type":"string"},"TimeToReply":{"format":"int32","description":"The time (minutes) between when the ticket was created and when it was replied to. Calculated based on priority&amp;apos;s timeframe.","type":"integer"},"RealTimeToReply":{"format":"int32","description":"Same as time_to_reply, but not calculated based on priority.","type":"integer"},"TimeToClose":{"format":"int32","description":"The time (minutes) between when the ticket was created and when it was closed. Calculated based on priority&amp;apos;s timeframe.","type":"integer"},"RealTimeToClose":{"format":"int32","description":"Same as time_to_close, but not calculated based on priority.","type":"integer"},"TimeSpentInternally":{"format":"int32","description":"The total time (seconds) within the priority's office hours the ticket has been in an open status (configurable), not including current state","type":"integer"},"TimeSpentExternally":{"format":"int32","description":"The total time (seconds) within the priority's office hours the ticket has been in a external waiting status (configurable), not including current state","type":"integer"},"TimeSpentQueue":{"format":"int32","description":"The total time (seconds) within the priority's office hours the ticket has been in a queue status, not including current state","type":"integer"},"RealTimeSpentInternally":{"format":"int32","description":"The total time (seconds) within 24x7 the ticket has been in an open status (configurable), not including current state","type":"integer"},"RealTimeSpentExternally":{"format":"int32","description":"The total time (seconds) within 24x7 the ticket has been in a external waiting status (configurable), not including current state","type":"integer"},"RealTimeSpentQueue":{"format":"int32","description":"The total time (seconds) within 24x7 hours the ticket has been in a queue status, not including current state","type":"integer"},"TimeSpent":{"format":"int32","description":"The total time (minutes). Aggregated time spent from ticket&amp;apos;s messages. Read-only for external use.","type":"integer"},"HasAttachment":{"description":"Boolean indicating if this ticket has one or more attachments.","type":"boolean"},"NumReplies":{"format":"int32","description":"The number of replies (messages) to the customer for this request.","type":"integer"},"NumMessages":{"format":"int32","description":"The total number of messages for this request.","type":"integer"},"FromAddress":{"description":"The from-address used when this ticket got created, e.g. by email","type":"string"},"ContactId":{"format":"int32","description":"The company of the person in the cust_id field, if that person belongs to a company","type":"integer"},"ContactName":{"description":"The name of the connected contact","type":"string"},"OwnedByAssociateId":{"format":"int32","description":"The associate id of the owner of the ticket.","type":"integer"},"Language":{"description":"The language of the first external message","type":"string"},"Sentiment":{"format":"int32","description":"The sentiment index of the last external message","type":"integer"},"SentimentConfidence":{"format":"int32","description":"The sentiment confidence of the last external message","type":"integer"},"SaleId":{"format":"int32","description":"Reference to sale table","type":"integer"},"ProjectId":{"format":"int32","description":"Reference to project table","type":"integer"},"SaleHeading":{"description":"The heading of the connected sale","type":"string"},"ProjectName":{"description":"The name of the connected project","type":"string"},"FormSubmissionId":{"format":"int32","description":"If this ticket was created from a form submission, this field will point to that record","type":"integer"},"TicketTypeId":{"format":"int32","description":"The id of the Request Type","type":"integer"},"TicketTypeName":{"description":"The name of the Request Type","type":"string"},"TableRight":{"$ref":"#/definitions/SuperOffice.CRM.Security.TableRight","description":"The carrier's table right"},"FieldProperties":{"description":"Field property dictionary mapping field names to field access rights.","type":"object","additionalProperties":{"$ref":"#/definitions/SuperOffice.CRM.Security.FieldProperty"}}}}},"securityDefinitions":{"SuperOffice Password":{"type":"basic","description":"SuperOffice username:password are passed in Base64-encoded. \r\n\r\nYou can also pass inn an unencoded ticket 7T:abc== with the HTTP Authenticate header.\r\n"},"SuperId Authentication":{"type":"oauth2","description":"SuperOffice SuperId OAuth implicit flow. \r\nYou need to issue a request to the SuperId authorization URL\r\n    https://online.superoffice.com/login/common/oauth/authorize?response_type=token\r\n      &client_id=670734e0-4c5a-11e3-be9e-a171392e81db\r\n      &redirect_uri=https://example.com/spa/\r\n\r\npassing in the application id and redirect URL.\r\n\r\nSuperId will log the user in, and redirect to the requested redirect URL with a #payload\r\ncontaining the access token and claims. (The redirect URL must be registered with SuperId in advance)\r\n\r\n   https://example.com/spa#access_token=8A%3aCust12227.AXRrCITpPBvQX3UbIohb\r\n      &token_type=bearer\r\n      &state=\r\n      &expires_in=3600\r\n      &ctx=Cust12227\r\n      &netserver_url=https%3a%2f%2fsod.superoffice.com%2fCust12227%2fRemote%2fServices82%2f\r\n\r\nYou can take the #access_token value and pass it as the Authenticate HTTP header as a BEARER token.\r\n","flow":"implicit","authorizationUrl":"https://online.superoffice.com/login/common/oauth/authorize","scopes":{}}},"tags":[],"externalDocs":{"description":"The SuperOffice DevNet Community has more documentation, examples, and discussion forums.","url":"https://community.superoffice.com/en/developer/"}}