{"swagger":"2.0","info":{"version":"v1-REST","title":"SuperOffice REST API v1","description":"SuperOffice REST API - TicketType","termsOfService":"You must be an authorized user to access this API.","contact":{"name":"SuperOffice DevNet","url":"https://docs.superoffice.com/en/api/index.html","email":"sdk@superoffice.com"}},"host":"localhost:52084","schemes":["http","https"],"paths":{"/api/v1/TicketType/default":{"get":{"tags":["TicketType"],"summary":"Set default values into a new TicketTypeEntity.","description":"NetServer calculates default values on the entity, which is required when creating/storing a new instance Calls the List agent service CreateDefaultTicketTypeEntity.\r\nNsApiSlow threshold: 5000 ms.","operationId":"v1TicketTypeEntity_DefaultTicketTypeEntity","consumes":[],"produces":["application/json","text/json","application/xml","text/xml","application/json-patch+json","application/merge-patch+json"],"parameters":[{"name":"Accept-Language","in":"header","description":"Convert string references and multi-language values into a specified language (iso2) code.","required":false,"type":"string"},{"name":"SO-Language","in":"header","description":"Convert string references and multi-language values into a specified language (iso2) code. Overrides Accept-Language value.","required":false,"type":"string"},{"name":"SO-Culture","in":"header","description":"Number, date formatting in a specified culture (iso2 language) code. Partially overrides SO-Language/Accept-Language value. Ignored if no Language set.","required":false,"type":"string"},{"name":"SO-TimeZone","in":"header","description":"Specify the timezone code that you would like date/time responses converted to.","required":false,"type":"string"},{"name":"SO-AppToken","in":"header","description":"The application token that identifies the partner app. Used when calling Online WebAPI from a server.","required":false,"type":"string"}],"responses":{"200":{"description":"OK","schema":{"$ref":"#/definitions/SuperOffice.CRM.Services.TicketTypeEntity"}}},"security":[{"SuperOffice Password":[],"SuperId Authentication":[]}]}},"/api/v1/TicketType":{"post":{"tags":["TicketType"],"summary":"Creates a new TicketTypeEntity","description":"Calls the List agent service SaveTicketTypeEntity.\r\nNsApiSlow threshold: 5000 ms.","operationId":"v1TicketTypeEntity_PostTicketTypeEntity","consumes":["application/json","text/json","application/xml","text/xml","application/x-www-form-urlencoded","application/json-patch+json","application/merge-patch+json"],"produces":["application/json","text/json","application/xml","text/xml","application/json-patch+json","application/merge-patch+json"],"parameters":[{"name":"newEntity","in":"body","description":"The TicketTypeEntity to be saved.","required":true,"schema":{"$ref":"#/definitions/SuperOffice.CRM.Services.TicketTypeEntity"}},{"name":"$select","in":"query","description":"Optional comma separated list of properties to include in the result. Other fields are then nulled out to reduce payload size: \"Name,department,category\" Default = show all fields.","required":false,"type":"string"},{"name":"Accept-Language","in":"header","description":"Convert string references and multi-language values into a specified language (iso2) code.","required":false,"type":"string"},{"name":"SO-Language","in":"header","description":"Convert string references and multi-language values into a specified language (iso2) code. Overrides Accept-Language value.","required":false,"type":"string"},{"name":"SO-Culture","in":"header","description":"Number, date formatting in a specified culture (iso2 language) code. Partially overrides SO-Language/Accept-Language value. Ignored if no Language set.","required":false,"type":"string"},{"name":"SO-TimeZone","in":"header","description":"Specify the timezone code that you would like date/time responses converted to.","required":false,"type":"string"},{"name":"SO-AppToken","in":"header","description":"The application token that identifies the partner app. Used when calling Online WebAPI from a server.","required":false,"type":"string"}],"responses":{"200":{"description":"OK","schema":{"$ref":"#/definitions/SuperOffice.WebApi.v1.Carriers.ListCarriers.TicketTypeEntityWithLinks"}}},"security":[{"SuperOffice Password":[],"SuperId Authentication":[]}]}},"/api/v1/TicketType/{id}":{"get":{"tags":["TicketType"],"summary":"Gets a TicketTypeEntity object.","description":"Calls the List agent service GetTicketTypeEntity.\r\nNsApiSlow threshold: 5000 ms.","operationId":"v1TicketTypeEntity_GetTicketTypeEntity","consumes":[],"produces":["application/json","text/json","application/xml","text/xml","application/json-patch+json","application/merge-patch+json"],"parameters":[{"name":"id","in":"path","description":"The id of the TicketTypeEntity to return.","required":true,"type":"integer","format":"int32"},{"name":"$select","in":"query","description":"Optional comma separated list of properties to include in the result. Other fields are then nulled out to reduce payload size: \"Name,department,category\" Default = show all fields.","required":false,"type":"string"},{"name":"Accept-Language","in":"header","description":"Convert string references and multi-language values into a specified language (iso2) code.","required":false,"type":"string"},{"name":"SO-Language","in":"header","description":"Convert string references and multi-language values into a specified language (iso2) code. Overrides Accept-Language value.","required":false,"type":"string"},{"name":"SO-Culture","in":"header","description":"Number, date formatting in a specified culture (iso2 language) code. Partially overrides SO-Language/Accept-Language value. Ignored if no Language set.","required":false,"type":"string"},{"name":"SO-TimeZone","in":"header","description":"Specify the timezone code that you would like date/time responses converted to.","required":false,"type":"string"},{"name":"SO-AppToken","in":"header","description":"The application token that identifies the partner app. Used when calling Online WebAPI from a server.","required":false,"type":"string"}],"responses":{"200":{"description":"TicketTypeEntity found.","schema":{"$ref":"#/definitions/SuperOffice.WebApi.v1.Carriers.ListCarriers.TicketTypeEntityWithLinks"}},"404":{"description":"Not Found."}},"security":[{"SuperOffice Password":[],"SuperId Authentication":[]}]},"put":{"tags":["TicketType"],"summary":"Updates the existing TicketTypeEntity","description":"NsApiSlow threshold: 5000 ms.","operationId":"v1TicketTypeEntity_PutTicketTypeEntity","consumes":["application/json","text/json","application/xml","text/xml","application/x-www-form-urlencoded","application/json-patch+json","application/merge-patch+json"],"produces":["application/json","text/json","application/xml","text/xml","application/json-patch+json","application/merge-patch+json"],"parameters":[{"name":"id","in":"path","description":"The TicketTypeEntity id to update.","required":true,"type":"integer","format":"int32"},{"name":"entity","in":"body","description":"The TicketTypeEntity to be saved.","required":true,"schema":{"$ref":"#/definitions/SuperOffice.CRM.Services.TicketTypeEntity"}},{"name":"$select","in":"query","description":"Optional comma separated list of properties to include in the result. Other fields are then nulled out to reduce payload size: \"Name,department,category\" Default = show all fields.","required":false,"type":"string"},{"name":"Accept-Language","in":"header","description":"Convert string references and multi-language values into a specified language (iso2) code.","required":false,"type":"string"},{"name":"SO-Language","in":"header","description":"Convert string references and multi-language values into a specified language (iso2) code. Overrides Accept-Language value.","required":false,"type":"string"},{"name":"SO-Culture","in":"header","description":"Number, date formatting in a specified culture (iso2 language) code. Partially overrides SO-Language/Accept-Language value. Ignored if no Language set.","required":false,"type":"string"},{"name":"SO-TimeZone","in":"header","description":"Specify the timezone code that you would like date/time responses converted to.","required":false,"type":"string"},{"name":"SO-AppToken","in":"header","description":"The application token that identifies the partner app. Used when calling Online WebAPI from a server.","required":false,"type":"string"}],"responses":{"200":{"description":"TicketTypeEntity updated.","schema":{"$ref":"#/definitions/SuperOffice.WebApi.v1.Carriers.ListCarriers.TicketTypeEntityWithLinks"}},"400":{"description":"Bad request. Entity to save is not in request body."}},"security":[{"SuperOffice Password":[],"SuperId Authentication":[]}]},"delete":{"tags":["TicketType"],"summary":"Deletes the TicketTypeEntity","description":"Calls the List agent service DeleteTicketTypeEntity.\r\nNsApiSlow threshold: 5000 ms.","operationId":"v1TicketTypeEntity_DeleteTicketTypeEntity","consumes":[],"produces":[],"parameters":[{"name":"id","in":"path","description":"The TicketTypeEntity to be deleted.","required":true,"type":"integer","format":"int32"},{"name":"SO-AppToken","in":"header","description":"The application token that identifies the partner app. Used when calling Online WebAPI from a server.","required":false,"type":"string"}],"responses":{"204":{"description":"TicketTypeEntity deleted."}},"security":[{"SuperOffice Password":[],"SuperId Authentication":[]}]}}},"definitions":{"SuperOffice.CRM.Services.TicketTypeEntity":{"description":"Entity for a ticket (Request) type. This enables having diversified tickets needed for a specific process.\r\n<para />\r\nCarrier object for TicketTypeEntity.\r\nServices for the TicketTypeEntity Carrier is available from the <see cref=\"T:SuperOffice.CRM.Services.IListAgent\">List Agent</see>.","type":"object","properties":{"TicketTypeId":{"format":"int32","description":"Primary key","type":"integer"},"Name":{"description":"The list item","type":"string"},"Rank":{"format":"int32","description":"Rank order","type":"integer"},"Tooltip":{"description":"Tooltip or other description","type":"string"},"Icon":{"description":"Name of the icon","type":"string"},"DefaultTicketStatus":{"format":"int32","description":"Default ticket status for new tickets","type":"integer"},"TicketStatuses":{"description":"Relevant/available ticket statuses for this Request type. Empty field means all statuses are available.","type":"array","items":{"format":"int32","type":"integer"}},"DefaultTicketPriority":{"format":"int32","description":"Default ticket priority for new tickets","type":"integer"},"TicketPriorities":{"description":"Relevant/available ticket priorities for this Request type. Empty field means all priorities are available.","type":"array","items":{"format":"int32","type":"integer"}},"ReplyTemplate":{"format":"int32","description":"Reply template to use when replying to a ticket of this type","type":"integer"},"IsExternalVisible":{"description":"Is this request type visible to external people and they can submit requests of this type","type":"boolean"},"IsDefault":{"description":"Is this Ticket Type marked as default","type":"boolean"},"ShowInNew":{"description":"Enables this request type to be accessible in +New in top bar","type":"boolean"},"ExcludeSignature":{"description":"Do not insert user signature automatically","type":"boolean"},"ExcludeEmailRecipients":{"description":"Create request without initially having to send outbound e-mail","type":"boolean"},"ExternalAsDefault":{"description":"Ability to set external access level for this request type","type":"boolean"},"VisibleForGroups":{"description":"Array of references to the visible for groups","type":"array","items":{"format":"int32","type":"integer"}},"ReplyForwardNoSignature":{"description":"Do not insert user signature when replying or forwarding the message","type":"boolean"},"ReplyExternalAsDefault":{"description":"Set external access level when replying the message","type":"boolean"},"TableRight":{"$ref":"#/definitions/SuperOffice.CRM.Security.TableRight","description":"The carrier's table right"},"FieldProperties":{"description":"Field property dictionary mapping field names to field access rights.","type":"object","additionalProperties":{"$ref":"#/definitions/SuperOffice.CRM.Security.FieldProperty"}}}},"SuperOffice.CRM.Security.TableRight":{"description":"Wraps a table right together with an explanatory reason.\r\nCode can indicate why access is restricted.","type":"object","properties":{"Mask":{"type":"string"},"Reason":{"type":"string"}}},"SuperOffice.CRM.Security.FieldProperty":{"description":"Class holding properties like field length, field type about a field in the carrier.","type":"object","properties":{"FieldRight":{"$ref":"#/definitions/SuperOffice.CRM.Security.FieldRight"},"FieldType":{"type":"string"},"FieldLength":{"format":"int32","description":"","type":"integer"}}},"SuperOffice.CRM.Security.FieldRight":{"description":"Wraps the field right together with an explanatory reason.\r\nAlso adds logical operators to the field rights so that they can be easily combined.","type":"object","properties":{"Mask":{"type":"string"},"Reason":{"type":"string"}}},"SuperOffice.WebApi.v1.Carriers.ListCarriers.TicketTypeEntityWithLinks":{"description":"Entity for a ticket (Request) type. This enables having diversified tickets needed for a specific process.\r\n<para />\r\nTicketTypeEntity entity with API _Links added.","type":"object","properties":{"TicketTypeId":{"format":"int32","description":"Primary key","type":"integer"},"Name":{"description":"The list item","type":"string"},"Rank":{"format":"int32","description":"Rank order","type":"integer"},"Tooltip":{"description":"Tooltip or other description","type":"string"},"Icon":{"description":"Name of the icon","type":"string"},"DefaultTicketStatus":{"format":"int32","description":"Default ticket status for new tickets","type":"integer"},"TicketStatuses":{"description":"Relevant/available ticket statuses for this Request type. Empty field means all statuses are available.","type":"array","items":{"format":"int32","type":"integer"}},"DefaultTicketPriority":{"format":"int32","description":"Default ticket priority for new tickets","type":"integer"},"TicketPriorities":{"description":"Relevant/available ticket priorities for this Request type. Empty field means all priorities are available.","type":"array","items":{"format":"int32","type":"integer"}},"ReplyTemplate":{"format":"int32","description":"Reply template to use when replying to a ticket of this type","type":"integer"},"IsExternalVisible":{"description":"Is this request type visible to external people and they can submit requests of this type","type":"boolean"},"IsDefault":{"description":"Is this Ticket Type marked as default","type":"boolean"},"ShowInNew":{"description":"Enables this request type to be accessible in +New in top bar","type":"boolean"},"ExcludeSignature":{"description":"Do not insert user signature automatically","type":"boolean"},"ExcludeEmailRecipients":{"description":"Create request without initially having to send outbound e-mail","type":"boolean"},"ExternalAsDefault":{"description":"Ability to set external access level for this request type","type":"boolean"},"VisibleForGroups":{"description":"Array of references to the visible for groups","type":"array","items":{"format":"int32","type":"integer"}},"ReplyForwardNoSignature":{"description":"Do not insert user signature when replying or forwarding the message","type":"boolean"},"ReplyExternalAsDefault":{"description":"Set external access level when replying the message","type":"boolean"},"TableRight":{"$ref":"#/definitions/SuperOffice.CRM.Security.TableRight","description":"The carrier's table right"},"FieldProperties":{"description":"Field property dictionary mapping field names to field access rights.","type":"object","additionalProperties":{"$ref":"#/definitions/SuperOffice.CRM.Security.FieldProperty"}},"_Links":{"type":"object","additionalProperties":{"type":"string"}}}}},"securityDefinitions":{"SuperOffice Password":{"type":"basic","description":"SuperOffice username:password are passed in Base64-encoded. \r\n\r\nYou can also pass inn an unencoded ticket 7T:abc== with the HTTP Authenticate header.\r\n"},"SuperId Authentication":{"type":"oauth2","description":"SuperOffice SuperId OAuth implicit flow. \r\nYou need to issue a request to the SuperId authorization URL\r\n    https://online.superoffice.com/login/common/oauth/authorize?response_type=token\r\n      &client_id=670734e0-4c5a-11e3-be9e-a171392e81db\r\n      &redirect_uri=https://example.com/spa/\r\n\r\npassing in the application id and redirect URL.\r\n\r\nSuperId will log the user in, and redirect to the requested redirect URL with a #payload\r\ncontaining the access token and claims. (The redirect URL must be registered with SuperId in advance)\r\n\r\n   https://example.com/spa#access_token=8A%3aCust12227.AXRrCITpPBvQX3UbIohb\r\n      &token_type=bearer\r\n      &state=\r\n      &expires_in=3600\r\n      &ctx=Cust12227\r\n      &netserver_url=https%3a%2f%2fsod.superoffice.com%2fCust12227%2fRemote%2fServices82%2f\r\n\r\nYou can take the #access_token value and pass it as the Authenticate HTTP header as a BEARER token.\r\n","flow":"implicit","authorizationUrl":"https://online.superoffice.com/login/common/oauth/authorize","scopes":{}}},"tags":[],"externalDocs":{"description":"The SuperOffice DevNet Community has more documentation, examples, and discussion forums.","url":"https://community.superoffice.com/en/developer/"}}