{"swagger":"2.0","info":{"version":"v1-REST","title":"SuperOffice REST API v1","description":"SuperOffice REST API - Preference","termsOfService":"You must be an authorized user to access this API.","contact":{"name":"SuperOffice DevNet","url":"https://docs.superoffice.com/en/api/index.html","email":"sdk@superoffice.com"}},"host":"localhost:54132","schemes":["http","https"],"paths":{"/api/v1/Preference":{"get":{"tags":["Preference"],"summary":"Gets all the preference sections.","description":"Calls the MDO agent service GetList('preferencesection').","operationId":"v1Preference_GetSections","consumes":[],"produces":["application/json","text/json","application/xml","text/xml","application/json-patch+json","application/merge-patch+json"],"parameters":[{"name":"Accept-Language","in":"header","description":"Convert string references and multi-language values into a specified language (iso2) code.","required":false,"type":"string"},{"name":"SO-Language","in":"header","description":"Convert string references and multi-language values into a specified language (iso2) code. Overrides Accept-Language value.","required":false,"type":"string"},{"name":"SO-Culture","in":"header","description":"Number, date formatting in a specified culture (iso2 language) code. Partially overrides SO-Language/Accept-Language value. Ignored if no Language set.","required":false,"type":"string"},{"name":"SO-TimeZone","in":"header","description":"Specify the timezone code that you would like date/time responses converted to.","required":false,"type":"string"},{"name":"SO-AppToken","in":"header","description":"The application token that identifies the partner app. Used when calling Online WebAPI from a server.","required":false,"type":"string"}],"responses":{"200":{"description":"OK","schema":{"type":"array","items":{"$ref":"#/definitions/SuperOffice.CRM.Services.MDOListItem"}}}},"security":[{"SuperOffice Password":[],"SuperId Authentication":[]}]}},"/api/v1/Preference/{section}":{"get":{"tags":["Preference"],"summary":"Gets a list of the preference keys in a section","description":"Calls the MDO agent service GetList('preferenceKey').","operationId":"v1Preference_GetKeysInSection","consumes":[],"produces":["application/json","text/json","application/xml","text/xml","application/json-patch+json","application/merge-patch+json"],"parameters":[{"name":"section","in":"path","description":"The name of the preference section.","required":true,"type":"string"},{"name":"Accept-Language","in":"header","description":"Convert string references and multi-language values into a specified language (iso2) code.","required":false,"type":"string"},{"name":"SO-Language","in":"header","description":"Convert string references and multi-language values into a specified language (iso2) code. Overrides Accept-Language value.","required":false,"type":"string"},{"name":"SO-Culture","in":"header","description":"Number, date formatting in a specified culture (iso2 language) code. Partially overrides SO-Language/Accept-Language value. Ignored if no Language set.","required":false,"type":"string"},{"name":"SO-TimeZone","in":"header","description":"Specify the timezone code that you would like date/time responses converted to.","required":false,"type":"string"},{"name":"SO-AppToken","in":"header","description":"The application token that identifies the partner app. Used when calling Online WebAPI from a server.","required":false,"type":"string"}],"responses":{"200":{"description":"OK","schema":{"type":"array","items":{"$ref":"#/definitions/SuperOffice.CRM.Services.MDOListItem"}}}},"security":[{"SuperOffice Password":[],"SuperId Authentication":[]}]}},"/api/v1/Preference/{section}/{key}":{"get":{"tags":["Preference"],"summary":"Gets the preference value for specific section + key.","description":"Returns the value defined closest to the user. Calls the Preference agent service GetPreferenceByName.","operationId":"v1Preference_GetPrefValue","consumes":[],"produces":["application/json","text/json","application/xml","text/xml","application/json-patch+json","application/merge-patch+json"],"parameters":[{"name":"section","in":"path","description":"The name of the preference section.","required":true,"type":"string"},{"name":"key","in":"path","description":"The name of the preference key.","required":true,"type":"string"},{"name":"Accept-Language","in":"header","description":"Convert string references and multi-language values into a specified language (iso2) code.","required":false,"type":"string"},{"name":"SO-Language","in":"header","description":"Convert string references and multi-language values into a specified language (iso2) code. Overrides Accept-Language value.","required":false,"type":"string"},{"name":"SO-Culture","in":"header","description":"Number, date formatting in a specified culture (iso2 language) code. Partially overrides SO-Language/Accept-Language value. Ignored if no Language set.","required":false,"type":"string"},{"name":"SO-TimeZone","in":"header","description":"Specify the timezone code that you would like date/time responses converted to.","required":false,"type":"string"},{"name":"SO-AppToken","in":"header","description":"The application token that identifies the partner app. Used when calling Online WebAPI from a server.","required":false,"type":"string"}],"responses":{"200":{"description":"OK","schema":{"$ref":"#/definitions/SuperOffice.CRM.Services.Preference"}}},"security":[{"SuperOffice Password":[],"SuperId Authentication":[]}]},"put":{"tags":["Preference"],"summary":"Sets the preference value for specific section + key.","description":"Calls the Preference agent service SetPreference or SetPreferenceEntity.","operationId":"v1Preference_SetPrefValue","consumes":["application/json","text/json","application/xml","text/xml","application/x-www-form-urlencoded","application/json-patch+json","application/merge-patch+json"],"produces":[],"parameters":[{"name":"section","in":"path","description":"The name of the preference section.","required":true,"type":"string"},{"name":"key","in":"path","description":"The name of the preference key.","required":true,"type":"string"},{"name":"pref","in":"body","description":"The preference definition","required":true,"schema":{"$ref":"#/definitions/SuperOffice.CRM.Services.Preference"}},{"name":"SO-AppToken","in":"header","description":"The application token that identifies the partner app. Used when calling Online WebAPI from a server.","required":false,"type":"string"}],"responses":{"204":{"description":"No Content"}},"security":[{"SuperOffice Password":[],"SuperId Authentication":[]}]},"post":{"tags":["Preference"],"summary":"Sets the preference value for specific section + key.","description":"Calls the Preference agent service SetPreference or SetPreferenceEntity.","operationId":"v1Preference_SetPrefValue_POST","consumes":["application/json","text/json","application/xml","text/xml","application/x-www-form-urlencoded","application/json-patch+json","application/merge-patch+json"],"produces":[],"parameters":[{"name":"section","in":"path","description":"The name of the preference section.","required":true,"type":"string"},{"name":"key","in":"path","description":"The name of the preference key.","required":true,"type":"string"},{"name":"pref","in":"body","description":"The preference definition","required":true,"schema":{"$ref":"#/definitions/SuperOffice.CRM.Services.Preference"}},{"name":"SO-AppToken","in":"header","description":"The application token that identifies the partner app. Used when calling Online WebAPI from a server.","required":false,"type":"string"}],"responses":{"204":{"description":"No Content"}},"security":[{"SuperOffice Password":[],"SuperId Authentication":[]}]}},"/api/v1/Preference/{section}/{key}/{prefLevel}":{"get":{"tags":["Preference"],"summary":"Gets the preference value for specific section + key.","description":"Calls the Preference agent service GetPreferenceByName.","operationId":"v1Preference_GetPrefValueAtLevel","consumes":[],"produces":["application/json","text/json","application/xml","text/xml","application/json-patch+json","application/merge-patch+json"],"parameters":[{"name":"section","in":"path","description":"The name of the preference section.","required":true,"type":"string"},{"name":"key","in":"path","description":"The name of the preference key.","required":true,"type":"string"},{"name":"prefLevel","in":"path","description":"The level the preference is defined at. 0 or Undefined = the level closest to the user.","required":true,"type":"string","enum":["Undefined","HardDefault","SystemWide","Database","Group","Individual","PC"]},{"name":"Accept-Language","in":"header","description":"Convert string references and multi-language values into a specified language (iso2) code.","required":false,"type":"string"},{"name":"SO-Language","in":"header","description":"Convert string references and multi-language values into a specified language (iso2) code. Overrides Accept-Language value.","required":false,"type":"string"},{"name":"SO-Culture","in":"header","description":"Number, date formatting in a specified culture (iso2 language) code. Partially overrides SO-Language/Accept-Language value. Ignored if no Language set.","required":false,"type":"string"},{"name":"SO-TimeZone","in":"header","description":"Specify the timezone code that you would like date/time responses converted to.","required":false,"type":"string"},{"name":"SO-AppToken","in":"header","description":"The application token that identifies the partner app. Used when calling Online WebAPI from a server.","required":false,"type":"string"}],"responses":{"200":{"description":"OK","schema":{"type":"string"}}},"security":[{"SuperOffice Password":[],"SuperId Authentication":[]}]},"put":{"tags":["Preference"],"summary":"Sets the preference value for specific section + key.","description":"Calls the Preference agent service SetPreference or SetPreferenceEntity.","operationId":"v1Preference_SetPrefValueAtLevel","consumes":[],"produces":[],"parameters":[{"name":"section","in":"path","description":"The name of the preference section.","required":true,"type":"string"},{"name":"key","in":"path","description":"The name of the preference key.","required":true,"type":"string"},{"name":"prefLevel","in":"path","description":"The level the preference is defined at. 0 or Undefined = the level closest to the user.","required":true,"type":"string","enum":["Undefined","HardDefault","SystemWide","Database","Group","Individual","PC"]},{"name":"value","in":"query","description":"The preference value as a string","required":true,"type":"string"},{"name":"SO-AppToken","in":"header","description":"The application token that identifies the partner app. Used when calling Online WebAPI from a server.","required":false,"type":"string"}],"responses":{"204":{"description":"No Content"}},"security":[{"SuperOffice Password":[],"SuperId Authentication":[]}]},"post":{"tags":["Preference"],"summary":"Sets the preference value for specific section + key.","description":"Calls the Preference agent service SetPreference or SetPreferenceEntity.","operationId":"v1Preference_SetPrefValueAtLevel_POST","consumes":[],"produces":[],"parameters":[{"name":"section","in":"path","description":"The name of the preference section.","required":true,"type":"string"},{"name":"key","in":"path","description":"The name of the preference key.","required":true,"type":"string"},{"name":"prefLevel","in":"path","description":"The level the preference is defined at. 0 or Undefined = the level closest to the user.","required":true,"type":"string","enum":["Undefined","HardDefault","SystemWide","Database","Group","Individual","PC"]},{"name":"value","in":"query","description":"The preference value as a string","required":true,"type":"string"},{"name":"SO-AppToken","in":"header","description":"The application token that identifies the partner app. Used when calling Online WebAPI from a server.","required":false,"type":"string"}],"responses":{"204":{"description":"No Content"}},"security":[{"SuperOffice Password":[],"SuperId Authentication":[]}]}}},"definitions":{"SuperOffice.CRM.Services.MDOListItem":{"description":"Carrier object for MDOListItem.\r\nServices for the MDOListItem Carrier is available from the <see cref=\"T:SuperOffice.CRM.Services.IMDOAgent\">MDO Agent</see>.","type":"object","properties":{"Id":{"format":"int32","description":"The Id of the ListItem","type":"integer"},"Name":{"description":"The name of the ListItem","type":"string"},"ToolTip":{"description":"The tooltip of the ListItem","type":"string"},"Deleted":{"description":"The deleted status of the ListItem","type":"boolean"},"Rank":{"format":"int32","description":"The rank of the ListItem","type":"integer"},"Type":{"description":"The type of the ListItem. Custom field.","type":"string"},"ChildItems":{"description":"The child items of the MDOListItem","type":"array","items":{"$ref":"#/definitions/SuperOffice.CRM.Services.MDOListItem"}},"IconHint":{"description":"The Icon hint of the ListItem. Custom field.","type":"string"},"ColorBlock":{"format":"int32","description":"The color indicator of the ListItem color block","type":"integer"},"ExtraInfo":{"description":"Extra information added to the ListItem. Could be information such as sort order etc or other meta data. Custom field.","type":"string"},"StyleHint":{"description":"Style hint indicating, information such as background color etc. Custom field.","type":"string"},"FullName":{"description":"The name of the ListItem in its context","type":"string"},"TableRight":{"$ref":"#/definitions/SuperOffice.CRM.Security.TableRight","description":"The carrier's table right"},"FieldProperties":{"description":"Field property dictionary mapping field names to field access rights.","type":"object","additionalProperties":{"$ref":"#/definitions/SuperOffice.CRM.Security.FieldProperty"}}}},"SuperOffice.CRM.Security.TableRight":{"description":"Wraps a table right together with an explanatory reason.\r\nCode can indicate why access is restricted.","type":"object","properties":{"Mask":{"type":"string"},"Reason":{"type":"string"}}},"SuperOffice.CRM.Security.FieldProperty":{"description":"Class holding properties like field length, field type about a field in the carrier.","type":"object","properties":{"FieldRight":{"$ref":"#/definitions/SuperOffice.CRM.Security.FieldRight"},"FieldType":{"type":"string"},"FieldLength":{"format":"int32","description":"","type":"integer"}}},"SuperOffice.CRM.Security.FieldRight":{"description":"Wraps the field right together with an explanatory reason.\r\nAlso adds logical operators to the field rights so that they can be easily combined.","type":"object","properties":{"Mask":{"type":"string"},"Reason":{"type":"string"}}},"SuperOffice.CRM.Services.Preference":{"description":"One preference item, which contains a specification (section/key), the raw string value, and the level at which this value was found.\r\n<para />\r\nCarrier object for Preference.\r\nServices for the Preference Carrier is available from the <see cref=\"T:SuperOffice.CRM.Services.IPreferenceAgent\">Preference Agent</see>.","type":"object","properties":{"Level":{"description":"Preference level, using the standard enumerated type. Undefined is returned for preferences that do not have a current setting.","enum":["Undefined","HardDefault","SystemWide","Database","Group","Individual","PC"],"type":"string"},"RawValue":{"description":"Preference value","type":"string"},"Specification":{"$ref":"#/definitions/SuperOffice.CRM.Services.PreferenceSpec","description":"Preference specification, consisting of the section name and key name"},"DisplayValue":{"description":"Display value, populated when asked for. Suitable for binding display-datasource in lists, etc. Formatted using CultureDataFormatter.","type":"string"},"DisplayTooltip":{"description":"Display tooltip, populated when asked for. Suitable for binding display-datasource in lists, etc. Formatted using CultureDataFormatter.","type":"string"},"DisplayType":{"description":"Display type, populated when asked for.","enum":["Unknown","Number","Text","Bool","ListOfValues","ListTableRef","TimeList","ContactID","PersonID","ProjectID","SelectionID","PosSize","TimeZone","Time","Password","MultiLineText"],"type":"string"},"TabOrder":{"$ref":"#/definitions/SuperOffice.CRM.Services.TabOrder"},"TargetId":{"format":"int32","description":"The id of the target row. The table it points at is specified by the preference type.","type":"integer"},"PrefDescId":{"format":"int32","description":"The id of the prefdesc this preference is connected to","type":"integer"},"TableName":{"description":"For DisplayType=PrefDescValueType.ListTableRef, TableName will contain the name of the table which the value reference to.","type":"string"},"UserPreferenceId":{"format":"int32","description":"The id of the user preference","type":"integer"},"TableRight":{"$ref":"#/definitions/SuperOffice.CRM.Security.TableRight","description":"The carrier's table right"},"FieldProperties":{"description":"Field property dictionary mapping field names to field access rights.","type":"object","additionalProperties":{"$ref":"#/definitions/SuperOffice.CRM.Security.FieldProperty"}}}},"SuperOffice.CRM.Services.PreferenceSpec":{"description":"Preference specification, consisting of the section name and key name\r\n<para />\r\nCarrier object for PreferenceSpec.\r\nServices for the PreferenceSpec Carrier is available from the <see cref=\"T:SuperOffice.CRM.Services.IPreferenceAgent\">Preference Agent</see>.","type":"object","properties":{"Section":{"description":"Preference section name","type":"string"},"Key":{"description":"Preference key name","type":"string"},"TableRight":{"$ref":"#/definitions/SuperOffice.CRM.Security.TableRight","description":"The carrier's table right"},"FieldProperties":{"description":"Field property dictionary mapping field names to field access rights.","type":"object","additionalProperties":{"$ref":"#/definitions/SuperOffice.CRM.Security.FieldProperty"}}}},"SuperOffice.CRM.Services.TabOrder":{"description":"Carrier object for TabOrder.\r\nServices for the TabOrder Carrier is available from the <see cref=\"T:SuperOffice.CRM.Services.IPreferenceAgent\">Preference Agent</see>.","type":"object","properties":{"TabOrderId":{"format":"int32","description":"Primary key","type":"integer"},"TabName":{"description":"Name of tab control","type":"string"},"Order":{"description":"The actual tab order","type":"string"},"AssociateId":{"format":"int32","description":"Associate who owns this tab order","type":"integer"},"TableRight":{"$ref":"#/definitions/SuperOffice.CRM.Security.TableRight","description":"The carrier's table right"},"FieldProperties":{"description":"Field property dictionary mapping field names to field access rights.","type":"object","additionalProperties":{"$ref":"#/definitions/SuperOffice.CRM.Security.FieldProperty"}}}}},"securityDefinitions":{"SuperOffice Password":{"type":"basic","description":"SuperOffice username:password are passed in Base64-encoded. \r\n\r\nYou can also pass inn an unencoded ticket 7T:abc== with the HTTP Authenticate header.\r\n"},"SuperId Authentication":{"type":"oauth2","description":"SuperOffice SuperId OAuth implicit flow. \r\nYou need to issue a request to the SuperId authorization URL\r\n    https://online.superoffice.com/login/common/oauth/authorize?response_type=token\r\n      &client_id=670734e0-4c5a-11e3-be9e-a171392e81db\r\n      &redirect_uri=https://example.com/spa/\r\n\r\npassing in the application id and redirect URL.\r\n\r\nSuperId will log the user in, and redirect to the requested redirect URL with a #payload\r\ncontaining the access token and claims. (The redirect URL must be registered with SuperId in advance)\r\n\r\n   https://example.com/spa#access_token=8A%3aCust12227.AXRrCITpPBvQX3UbIohb\r\n      &token_type=bearer\r\n      &state=\r\n      &expires_in=3600\r\n      &ctx=Cust12227\r\n      &netserver_url=https%3a%2f%2fsod.superoffice.com%2fCust12227%2fRemote%2fServices82%2f\r\n\r\nYou can take the #access_token value and pass it as the Authenticate HTTP header as a BEARER token.\r\n","flow":"implicit","authorizationUrl":"https://online.superoffice.com/login/common/oauth/authorize","scopes":{}}},"tags":[],"externalDocs":{"description":"The SuperOffice DevNet Community has more documentation, examples, and discussion forums.","url":"https://community.superoffice.com/en/developer/"}}