{"swagger":"2.0","info":{"version":"v1-REST","title":"SuperOffice REST API v1","description":"SuperOffice REST API - Selection","termsOfService":"You must be an authorized user to access this API.","contact":{"name":"SuperOffice DevNet","url":"https://docs.superoffice.com/en/api/index.html","email":"sdk@superoffice.com"}},"host":"localhost:53334","schemes":["http","https"],"paths":{"/api/v1/Selection/default":{"get":{"tags":["Selection"],"summary":"Set default values into a new SelectionEntity.","description":"NetServer calculates default values on the entity, which is required when creating/storing a new instance Calls the Selection agent service CreateDefaultSelectionEntity.\r\nNsApiSlow threshold: 5000 ms.","operationId":"v1SelectionEntity_DefaultSelectionEntity","consumes":[],"produces":["application/json","text/json","application/xml","text/xml","application/json-patch+json","application/merge-patch+json"],"parameters":[{"name":"Accept-Language","in":"header","description":"Convert string references and multi-language values into a specified language (iso2) code.","required":false,"type":"string"},{"name":"SO-Language","in":"header","description":"Convert string references and multi-language values into a specified language (iso2) code. Overrides Accept-Language value.","required":false,"type":"string"},{"name":"SO-Culture","in":"header","description":"Number, date formatting in a specified culture (iso2 language) code. Partially overrides SO-Language/Accept-Language value. Ignored if no Language set.","required":false,"type":"string"},{"name":"SO-TimeZone","in":"header","description":"Specify the timezone code that you would like date/time responses converted to.","required":false,"type":"string"},{"name":"SO-AppToken","in":"header","description":"The application token that identifies the partner app. Used when calling Online WebAPI from a server.","required":false,"type":"string"}],"responses":{"200":{"description":"OK","schema":{"$ref":"#/definitions/SuperOffice.CRM.Services.SelectionEntity"}}},"security":[{"SuperOffice Password":[],"SuperId Authentication":[]}]}},"/api/v1/Selection":{"get":{"tags":["Selection"],"summary":"OData list of all SelectionEntity.","description":"Can be sorted and further filtered using OData conventions:\r\n\r\n* Selection?$select=col1,col2,abc/col3\r\n* Selection?$filter=col1 eq 'foo' and startswith(col2, 'baz')\r\n* Selection?$orderby=abc/col3,col1\r\n* Selection?$top=1000\r\n* Selection?$mode=full\r\n\r\n\r\nOData returns XML or JSON carriers depending on the Accept headers.\r\n\r\n\r\nCalls the Archive service using the \"FindSelection\" archive.\r\n\r\n\r\n## Filter Operators: ##\r\n\r\nints: eq =, ne, le, lt, gt, ge, set, equals, greater, less, unequals, between\r\n\r\nstrings: contains, is, notBegins, notContains, isNot\r\n\r\nassociate: associateIsOneOf, associateIsNotOneOf,  \r\n\r\nlist ids: oneOf, NotOneOf, \r\n\r\ndates: before, date, after, dateBetween, beforeToday\r\n\r\nUnary ops: currentAssociate, beforeToday, today, afterToday, lastWeek, thisWeek, nextWeek, lastMonth, thisMonth, nextMonth, lastQuarter, thisQuarter, nextQuarter, thisHalf, thisYear\r\n\r\nFuncs: substringof(a,b), startswith(a,b), endswith(a,b), this(f,period), next(f,n,period), previous(f,n,period), thisAndNext(f,n,period), thisAndPrevious(f,n,period), thisAndPreviousAndNext(f,period)\r\n","operationId":"v1SelectionEntity_GetAll","consumes":[],"produces":["application/json","text/json","application/xml","text/xml","application/json-patch+json","application/merge-patch+json"],"parameters":[{"name":"$select","in":"query","description":"Comma separated list of column names to return. \"nameDepartment,fullname,category\". Can also use aggregation functions and modifiers: \"Count(category):Footer\"","required":false,"type":"string"},{"name":"$filter","in":"query","description":"Expression to restrict the results. e.g.: \"name begins 'foo' and category gt 1\"","required":false,"type":"string"},{"name":"$orderBy","in":"query","description":"Comma separated list of column names to sort by, with optional direction. \"name asc,fullname,category desc\"","required":false,"type":"string"},{"name":"$entities","in":"query","description":"Comma separated list of entity names to use. Default = \"\". \"contact, person\"","required":false,"type":"string"},{"name":"$top","in":"query","description":"Number of rows to return in results","required":false,"type":"integer","format":"int32"},{"name":"$skip","in":"query","description":"Number of rows from database to skip before returning results","required":false,"type":"integer","format":"int32"},{"name":"$mode","in":"query","description":"FULL (with raw values and hints for each value) or SLIM (just the display values)","required":false,"type":"string","enum":["Slim","Wide","Full"]},{"name":"$options","in":"query","description":"Provider specific options. e.g: \"GrandTotal=true\"","required":false,"type":"string"},{"name":"$context","in":"query","description":"Provider specific context parameter.","required":false,"type":"string"},{"name":"$format","in":"query","description":"Set XML or JSON output format; override the format determined from Accept header.","required":false,"type":"string"},{"name":"$jsonSafe","in":"query","description":"Make output names into JSON safe property names. Replace all unsafe characters with _ underscore.","required":false,"type":"boolean"},{"name":"$output","in":"query","description":"Return Logical or Display values in SLIM mode. Logical returns true/false for booleans, Display returns icon hints. Dates are always returned as ISO strings.","required":false,"type":"string","enum":["Logical","Display"]},{"name":"Accept-Language","in":"header","description":"Convert string references and multi-language values into a specified language (iso2) code.","required":false,"type":"string"},{"name":"SO-Language","in":"header","description":"Convert string references and multi-language values into a specified language (iso2) code. Overrides Accept-Language value.","required":false,"type":"string"},{"name":"SO-Culture","in":"header","description":"Number, date formatting in a specified culture (iso2 language) code. Partially overrides SO-Language/Accept-Language value. Ignored if no Language set.","required":false,"type":"string"},{"name":"SO-TimeZone","in":"header","description":"Specify the timezone code that you would like date/time responses converted to.","required":false,"type":"string"},{"name":"SO-AppToken","in":"header","description":"The application token that identifies the partner app. Used when calling Online WebAPI from a server.","required":false,"type":"string"}],"responses":{"200":{"description":"OK","schema":{"$ref":"#/definitions/SuperOffice.Services.WebApi.OData.ODataSlimResponse"}}},"security":[{"SuperOffice Password":[],"SuperId Authentication":[]}]},"post":{"tags":["Selection"],"summary":"Creates a new SelectionEntity","description":"Calls the Selection agent service SaveSelectionEntity.\r\nNsApiSlow threshold: 5000 ms.","operationId":"v1SelectionEntity_PostSelectionEntity","consumes":["application/json","text/json","application/xml","text/xml","application/x-www-form-urlencoded","application/json-patch+json","application/merge-patch+json"],"produces":["application/json","text/json","application/xml","text/xml","application/json-patch+json","application/merge-patch+json"],"parameters":[{"name":"newEntity","in":"body","description":"The SelectionEntity to be saved.","required":true,"schema":{"$ref":"#/definitions/SuperOffice.CRM.Services.SelectionEntity"}},{"name":"$select","in":"query","description":"Optional comma separated list of properties to include in the result. Other fields are then nulled out to reduce payload size: \"Name,department,category\" Default = show all fields.","required":false,"type":"string"},{"name":"Accept-Language","in":"header","description":"Convert string references and multi-language values into a specified language (iso2) code.","required":false,"type":"string"},{"name":"SO-Language","in":"header","description":"Convert string references and multi-language values into a specified language (iso2) code. Overrides Accept-Language value.","required":false,"type":"string"},{"name":"SO-Culture","in":"header","description":"Number, date formatting in a specified culture (iso2 language) code. Partially overrides SO-Language/Accept-Language value. Ignored if no Language set.","required":false,"type":"string"},{"name":"SO-TimeZone","in":"header","description":"Specify the timezone code that you would like date/time responses converted to.","required":false,"type":"string"},{"name":"SO-AppToken","in":"header","description":"The application token that identifies the partner app. Used when calling Online WebAPI from a server.","required":false,"type":"string"}],"responses":{"200":{"description":"OK","schema":{"$ref":"#/definitions/SuperOffice.WebApi.v1.Carriers.SelectionCarriers.SelectionEntityWithLinks"}}},"security":[{"SuperOffice Password":[],"SuperId Authentication":[]}]}},"/api/v1/Selection/{id}":{"get":{"tags":["Selection"],"summary":"Gets a SelectionEntity object.","description":"Calls the Selection agent service GetSelectionEntity.\r\nNsApiSlow threshold: 5000 ms.","operationId":"v1SelectionEntity_GetSelectionEntity","consumes":[],"produces":["application/json","text/json","application/xml","text/xml","application/json-patch+json","application/merge-patch+json"],"parameters":[{"name":"id","in":"path","description":"The id of the SelectionEntity to return.","required":true,"type":"integer","format":"int32"},{"name":"$select","in":"query","description":"Optional comma separated list of properties to include in the result. Other fields are then nulled out to reduce payload size: \"Name,department,category\" Default = show all fields.","required":false,"type":"string"},{"name":"Accept-Language","in":"header","description":"Convert string references and multi-language values into a specified language (iso2) code.","required":false,"type":"string"},{"name":"SO-Language","in":"header","description":"Convert string references and multi-language values into a specified language (iso2) code. Overrides Accept-Language value.","required":false,"type":"string"},{"name":"SO-Culture","in":"header","description":"Number, date formatting in a specified culture (iso2 language) code. Partially overrides SO-Language/Accept-Language value. Ignored if no Language set.","required":false,"type":"string"},{"name":"SO-TimeZone","in":"header","description":"Specify the timezone code that you would like date/time responses converted to.","required":false,"type":"string"},{"name":"SO-AppToken","in":"header","description":"The application token that identifies the partner app. Used when calling Online WebAPI from a server.","required":false,"type":"string"}],"responses":{"200":{"description":"SelectionEntity found.","schema":{"$ref":"#/definitions/SuperOffice.WebApi.v1.Carriers.SelectionCarriers.SelectionEntityWithLinks"}},"304":{"description":"SelectionEntity has not changed since the requested If-Modified-Since date."},"404":{"description":"Not Found."}},"security":[{"SuperOffice Password":[],"SuperId Authentication":[]}]},"put":{"tags":["Selection"],"summary":"Updates the existing SelectionEntity","description":"NsApiSlow threshold: 5000 ms.","operationId":"v1SelectionEntity_PutSelectionEntity","consumes":["application/json","text/json","application/xml","text/xml","application/x-www-form-urlencoded","application/json-patch+json","application/merge-patch+json"],"produces":["application/json","text/json","application/xml","text/xml","application/json-patch+json","application/merge-patch+json"],"parameters":[{"name":"id","in":"path","description":"The SelectionEntity id to update.","required":true,"type":"integer","format":"int32"},{"name":"entity","in":"body","description":"The SelectionEntity to be saved.","required":true,"schema":{"$ref":"#/definitions/SuperOffice.CRM.Services.SelectionEntity"}},{"name":"$select","in":"query","description":"Optional comma separated list of properties to include in the result. Other fields are then nulled out to reduce payload size: \"Name,department,category\" Default = show all fields.","required":false,"type":"string"},{"name":"Accept-Language","in":"header","description":"Convert string references and multi-language values into a specified language (iso2) code.","required":false,"type":"string"},{"name":"SO-Language","in":"header","description":"Convert string references and multi-language values into a specified language (iso2) code. Overrides Accept-Language value.","required":false,"type":"string"},{"name":"SO-Culture","in":"header","description":"Number, date formatting in a specified culture (iso2 language) code. Partially overrides SO-Language/Accept-Language value. Ignored if no Language set.","required":false,"type":"string"},{"name":"SO-TimeZone","in":"header","description":"Specify the timezone code that you would like date/time responses converted to.","required":false,"type":"string"},{"name":"SO-AppToken","in":"header","description":"The application token that identifies the partner app. Used when calling Online WebAPI from a server.","required":false,"type":"string"}],"responses":{"200":{"description":"SelectionEntity updated.","schema":{"$ref":"#/definitions/SuperOffice.WebApi.v1.Carriers.SelectionCarriers.SelectionEntityWithLinks"}},"412":{"description":"Update stopped because SelectionEntity has changed since the requested If-Unmodified-Since timestamp."},"400":{"description":"Bad request. Entity to save is not in request body."}},"security":[{"SuperOffice Password":[],"SuperId Authentication":[]}]}},"/api/v1/Selection/{selectionId}/Members/AddPerson":{"post":{"tags":["Selection"],"summary":"Adds the collection of ContactPersonId as members to the static selection","description":"","operationId":"v1SelectionEntity_AddContactSelectionMembers","consumes":["application/json","text/json","application/xml","text/xml","application/x-www-form-urlencoded","application/json-patch+json","application/merge-patch+json"],"produces":[],"parameters":[{"name":"selectionId","in":"path","description":"The id of the selection where to members will be added to.","required":true,"type":"integer","format":"int32"},{"name":"contactPersonIds","in":"body","description":"A collection of ContactPersonId to add to the selection.","required":true,"schema":{"type":"array","items":{"$ref":"#/definitions/SuperOffice.CRM.Services.ContactPersonId"}}},{"name":"SO-AppToken","in":"header","description":"The application token that identifies the partner app. Used when calling Online WebAPI from a server.","required":false,"type":"string"}],"responses":{"204":{"description":"No Content"}},"security":[{"SuperOffice Password":[],"SuperId Authentication":[]}]}},"/api/v1/Selection/{selectionId}/Members/RemovePerson":{"post":{"tags":["Selection"],"summary":"Removes members from the selection as  specified in the collection of ContactPersonId.","description":"","operationId":"v1SelectionEntity_RemoveContactSelectionMembers","consumes":["application/json","text/json","application/xml","text/xml","application/x-www-form-urlencoded","application/json-patch+json","application/merge-patch+json"],"produces":[],"parameters":[{"name":"selectionId","in":"path","description":"The id of the selection where to members will be removed.","required":true,"type":"integer","format":"int32"},{"name":"contactPersonIds","in":"body","description":"A collection of ContactPersonId to remove from the static selection.","required":true,"schema":{"type":"array","items":{"$ref":"#/definitions/SuperOffice.CRM.Services.ContactPersonId"}}},{"name":"SO-AppToken","in":"header","description":"The application token that identifies the partner app. Used when calling Online WebAPI from a server.","required":false,"type":"string"}],"responses":{"204":{"description":"No Content"}},"security":[{"SuperOffice Password":[],"SuperId Authentication":[]}]}},"/api/v1/Selection/DuplicateRules":{"get":{"tags":["Selection"],"summary":"Retrieve all available duplicate rules for selection","description":"","operationId":"v1SelectionEntity_GetDuplicateRules","consumes":[],"produces":["application/json","text/json","application/xml","text/xml","application/json-patch+json","application/merge-patch+json"],"parameters":[{"name":"Accept-Language","in":"header","description":"Convert string references and multi-language values into a specified language (iso2) code.","required":false,"type":"string"},{"name":"SO-Language","in":"header","description":"Convert string references and multi-language values into a specified language (iso2) code. Overrides Accept-Language value.","required":false,"type":"string"},{"name":"SO-Culture","in":"header","description":"Number, date formatting in a specified culture (iso2 language) code. Partially overrides SO-Language/Accept-Language value. Ignored if no Language set.","required":false,"type":"string"},{"name":"SO-TimeZone","in":"header","description":"Specify the timezone code that you would like date/time responses converted to.","required":false,"type":"string"},{"name":"SO-AppToken","in":"header","description":"The application token that identifies the partner app. Used when calling Online WebAPI from a server.","required":false,"type":"string"}],"responses":{"200":{"description":"OK","schema":{"type":"array","items":{"$ref":"#/definitions/SuperOffice.CRM.Services.DuplicateRule"}}}},"security":[{"SuperOffice Password":[],"SuperId Authentication":[]}]},"put":{"tags":["Selection"],"summary":"Set which duplicate rules should be active or not","description":"","operationId":"v1SelectionEntity_SetDuplicateRulesStatus","consumes":["application/json","text/json","application/xml","text/xml","application/x-www-form-urlencoded","application/json-patch+json","application/merge-patch+json"],"produces":[],"parameters":[{"name":"rules","in":"body","description":"Duplicate rules to update active status for","required":true,"schema":{"type":"array","items":{"$ref":"#/definitions/SuperOffice.CRM.Services.DuplicateRule"}}},{"name":"SO-AppToken","in":"header","description":"The application token that identifies the partner app. Used when calling Online WebAPI from a server.","required":false,"type":"string"}],"responses":{"204":{"description":"No Content"}},"security":[{"SuperOffice Password":[],"SuperId Authentication":[]}]}},"/api/v1/Selection/Duplicates/{name}":{"get":{"tags":["Selection"],"summary":"Get duplicates(exact or similar in the database) based on the name","description":"","operationId":"v1SelectionEntity_GetDuplicates","consumes":[],"produces":["application/json","text/json","application/xml","text/xml","application/json-patch+json","application/merge-patch+json"],"parameters":[{"name":"name","in":"path","description":"Name used for lookup","required":true,"type":"string"},{"name":"Accept-Language","in":"header","description":"Convert string references and multi-language values into a specified language (iso2) code.","required":false,"type":"string"},{"name":"SO-Language","in":"header","description":"Convert string references and multi-language values into a specified language (iso2) code. Overrides Accept-Language value.","required":false,"type":"string"},{"name":"SO-Culture","in":"header","description":"Number, date formatting in a specified culture (iso2 language) code. Partially overrides SO-Language/Accept-Language value. Ignored if no Language set.","required":false,"type":"string"},{"name":"SO-TimeZone","in":"header","description":"Specify the timezone code that you would like date/time responses converted to.","required":false,"type":"string"},{"name":"SO-AppToken","in":"header","description":"The application token that identifies the partner app. Used when calling Online WebAPI from a server.","required":false,"type":"string"}],"responses":{"200":{"description":"OK","schema":{"type":"array","items":{"$ref":"#/definitions/SuperOffice.CRM.Services.DuplicateEntry"}}}},"security":[{"SuperOffice Password":[],"SuperId Authentication":[]}]}},"/api/v1/Selection/{selectionId}/Members/Add":{"post":{"tags":["Selection"],"summary":"Add selection members to a static selection of type others than contacts.","description":"","operationId":"v1SelectionEntity_AddSelectionMembers","consumes":["application/json","text/json","application/xml","text/xml","application/x-www-form-urlencoded","application/json-patch+json","application/merge-patch+json"],"produces":["application/json","text/json","application/xml","text/xml","application/json-patch+json","application/merge-patch+json"],"parameters":[{"name":"selectionId","in":"path","description":"The selection id to add the members to.","required":true,"type":"integer","format":"int32"},{"name":"ids","in":"body","description":"Collection of ids to add to the selection.","required":true,"schema":{"type":"array","items":{"format":"int32","type":"integer"}}},{"name":"Accept-Language","in":"header","description":"Convert string references and multi-language values into a specified language (iso2) code.","required":false,"type":"string"},{"name":"SO-Language","in":"header","description":"Convert string references and multi-language values into a specified language (iso2) code. Overrides Accept-Language value.","required":false,"type":"string"},{"name":"SO-Culture","in":"header","description":"Number, date formatting in a specified culture (iso2 language) code. Partially overrides SO-Language/Accept-Language value. Ignored if no Language set.","required":false,"type":"string"},{"name":"SO-TimeZone","in":"header","description":"Specify the timezone code that you would like date/time responses converted to.","required":false,"type":"string"},{"name":"SO-AppToken","in":"header","description":"The application token that identifies the partner app. Used when calling Online WebAPI from a server.","required":false,"type":"string"}],"responses":{"200":{"description":"OK","schema":{"format":"int32","type":"integer"}}},"security":[{"SuperOffice Password":[],"SuperId Authentication":[]}]}},"/api/v1/Selection/{selectionId}/Members/Remove":{"post":{"tags":["Selection"],"summary":"Removes members from the selection as specified in the collection of entity ids.","description":"The ids can be a collection of sale ids, or other supported types.","operationId":"v1SelectionEntity_RemoveSelectionMembersById","consumes":["application/json","text/json","application/xml","text/xml","application/x-www-form-urlencoded","application/json-patch+json","application/merge-patch+json"],"produces":[],"parameters":[{"name":"selectionId","in":"path","description":"The id of the selection where to members will be removed.","required":true,"type":"integer","format":"int32"},{"name":"ids","in":"body","description":"A collection of sale/project/contact ids to remove from the selection. The ids can be a collection of sale ids, or other supported types.","required":true,"schema":{"type":"array","items":{"format":"int32","type":"integer"}}},{"name":"SO-AppToken","in":"header","description":"The application token that identifies the partner app. Used when calling Online WebAPI from a server.","required":false,"type":"string"}],"responses":{"204":{"description":"No Content"}},"security":[{"SuperOffice Password":[],"SuperId Authentication":[]}]}},"/api/v1/Selection/{selectionId}/Criteria":{"get":{"tags":["Selection"],"summary":"Get the criteria for this dynamic selection.","description":"","operationId":"v1SelectionEntity_GetDynamicSelectionCriteria","consumes":[],"produces":["application/json","text/json","application/xml","text/xml","application/json-patch+json","application/merge-patch+json"],"parameters":[{"name":"selectionId","in":"path","description":"The id of the selection to add members","required":true,"type":"integer","format":"int32"},{"name":"Accept-Language","in":"header","description":"Convert string references and multi-language values into a specified language (iso2) code.","required":false,"type":"string"},{"name":"SO-Language","in":"header","description":"Convert string references and multi-language values into a specified language (iso2) code. Overrides Accept-Language value.","required":false,"type":"string"},{"name":"SO-Culture","in":"header","description":"Number, date formatting in a specified culture (iso2 language) code. Partially overrides SO-Language/Accept-Language value. Ignored if no Language set.","required":false,"type":"string"},{"name":"SO-TimeZone","in":"header","description":"Specify the timezone code that you would like date/time responses converted to.","required":false,"type":"string"},{"name":"SO-AppToken","in":"header","description":"The application token that identifies the partner app. Used when calling Online WebAPI from a server.","required":false,"type":"string"}],"responses":{"200":{"description":"OK","schema":{"type":"array","items":{"$ref":"#/definitions/SuperOffice.CRM.ArchiveLists.ArchiveRestrictionInfo"}}}},"security":[{"SuperOffice Password":[],"SuperId Authentication":[]}]},"put":{"tags":["Selection"],"summary":"Update the criteria for this dynamic selection.","description":"Use criteria as either restriction objects or OData string format. Criteria are parsed from the OData filter form: ''name startswith 'foo' and category in (1,2,3)''","operationId":"v1SelectionEntity_SetDynamicSelectionCriteria3","consumes":["application/json","text/json","application/xml","text/xml","application/x-www-form-urlencoded","application/json-patch+json","application/merge-patch+json"],"produces":["application/json","text/json","application/xml","text/xml","application/json-patch+json","application/merge-patch+json"],"parameters":[{"name":"selectionId","in":"path","description":"The id of the selection to add members","required":true,"type":"integer","format":"int32"},{"name":"criteria","in":"body","description":"Criteria defining the selection result. Pass NULL if using the filter string instead.","required":true,"schema":{"type":"array","items":{"$ref":"#/definitions/SuperOffice.CRM.ArchiveLists.ArchiveRestrictionInfo"}}},{"name":"$filter","in":"query","description":"Criteria defining the selection result in OData filter form: `category in (1,2,3) and name = 'foo'`. Pass NULL or empty string '' if using the criteria objects.","required":false,"type":"string"},{"name":"Accept-Language","in":"header","description":"Convert string references and multi-language values into a specified language (iso2) code.","required":false,"type":"string"},{"name":"SO-Language","in":"header","description":"Convert string references and multi-language values into a specified language (iso2) code. Overrides Accept-Language value.","required":false,"type":"string"},{"name":"SO-Culture","in":"header","description":"Number, date formatting in a specified culture (iso2 language) code. Partially overrides SO-Language/Accept-Language value. Ignored if no Language set.","required":false,"type":"string"},{"name":"SO-TimeZone","in":"header","description":"Specify the timezone code that you would like date/time responses converted to.","required":false,"type":"string"},{"name":"SO-AppToken","in":"header","description":"The application token that identifies the partner app. Used when calling Online WebAPI from a server.","required":false,"type":"string"}],"responses":{"200":{"description":"OK","schema":{"type":"array","items":{"$ref":"#/definitions/SuperOffice.CRM.ArchiveLists.ArchiveRestrictionInfo"}}}},"security":[{"SuperOffice Password":[],"SuperId Authentication":[]}]}},"/api/v1/Selection/{selectionId}/CriteriaGroups":{"get":{"tags":["Selection"],"summary":"Get the criteria for this dynamic selection.","description":"This call supports multiple criteria groups.","operationId":"v1SelectionEntity_GetDynamicSelectionCriteriaGroups","consumes":[],"produces":["application/json","text/json","application/xml","text/xml","application/json-patch+json","application/merge-patch+json"],"parameters":[{"name":"selectionId","in":"path","description":"The id of the selection to add members","required":true,"type":"integer","format":"int32"},{"name":"Accept-Language","in":"header","description":"Convert string references and multi-language values into a specified language (iso2) code.","required":false,"type":"string"},{"name":"SO-Language","in":"header","description":"Convert string references and multi-language values into a specified language (iso2) code. Overrides Accept-Language value.","required":false,"type":"string"},{"name":"SO-Culture","in":"header","description":"Number, date formatting in a specified culture (iso2 language) code. Partially overrides SO-Language/Accept-Language value. Ignored if no Language set.","required":false,"type":"string"},{"name":"SO-TimeZone","in":"header","description":"Specify the timezone code that you would like date/time responses converted to.","required":false,"type":"string"},{"name":"SO-AppToken","in":"header","description":"The application token that identifies the partner app. Used when calling Online WebAPI from a server.","required":false,"type":"string"}],"responses":{"200":{"description":"OK","schema":{"type":"array","items":{"$ref":"#/definitions/SuperOffice.CRM.ArchiveLists.ArchiveRestrictionGroup"}}}},"security":[{"SuperOffice Password":[],"SuperId Authentication":[]}]},"put":{"tags":["Selection"],"summary":"Update the criteria for this dynamic selection.","description":"Replaces existing criteria with the new values. This call supports multiple criteria groups.","operationId":"v1SelectionEntity_SetDynamicSelectionCriteriaGroups","consumes":["application/json","text/json","application/xml","text/xml","application/x-www-form-urlencoded","application/json-patch+json","application/merge-patch+json"],"produces":["application/json","text/json","application/xml","text/xml","application/json-patch+json","application/merge-patch+json"],"parameters":[{"name":"selectionId","in":"path","description":"The id of the selection to add members","required":true,"type":"integer","format":"int32"},{"name":"criteria","in":"body","description":"Criteria groups defining the selection result. Empty array is legal, simply means no criteria have been set","required":true,"schema":{"type":"array","items":{"$ref":"#/definitions/SuperOffice.CRM.ArchiveLists.ArchiveRestrictionGroup"}}},{"name":"Accept-Language","in":"header","description":"Convert string references and multi-language values into a specified language (iso2) code.","required":false,"type":"string"},{"name":"SO-Language","in":"header","description":"Convert string references and multi-language values into a specified language (iso2) code. Overrides Accept-Language value.","required":false,"type":"string"},{"name":"SO-Culture","in":"header","description":"Number, date formatting in a specified culture (iso2 language) code. Partially overrides SO-Language/Accept-Language value. Ignored if no Language set.","required":false,"type":"string"},{"name":"SO-TimeZone","in":"header","description":"Specify the timezone code that you would like date/time responses converted to.","required":false,"type":"string"},{"name":"SO-AppToken","in":"header","description":"The application token that identifies the partner app. Used when calling Online WebAPI from a server.","required":false,"type":"string"}],"responses":{"200":{"description":"OK","schema":{"type":"array","items":{"$ref":"#/definitions/SuperOffice.CRM.ArchiveLists.ArchiveRestrictionGroup"}}}},"security":[{"SuperOffice Password":[],"SuperId Authentication":[]}]}},"/api/v1/Selection/{selectionEntityId}":{"delete":{"tags":["Selection"],"summary":"Deletes the SelectionEntity","description":"","operationId":"v1SelectionEntity_DeleteSelectionEntity","consumes":[],"produces":[],"parameters":[{"name":"selectionEntityId","in":"path","description":"The identity of the SelectionEntity","required":true,"type":"integer","format":"int32"},{"name":"SO-AppToken","in":"header","description":"The application token that identifies the partner app. Used when calling Online WebAPI from a server.","required":false,"type":"string"}],"responses":{"204":{"description":"No Content"}},"security":[{"SuperOffice Password":[],"SuperId Authentication":[]}]}},"/api/v1/Selection/{selectionId}/Members":{"get":{"tags":["Selection"],"summary":"Get the list of members in this selection.","description":"The type of members depends on the target table of the selection.","operationId":"v1SelectionEntity_GetSelectionMembersArchiveRows","consumes":[],"produces":["application/json","text/json","application/xml","text/xml","application/json-patch+json","application/merge-patch+json"],"parameters":[{"name":"selectionId","in":"path","description":"The selectionId we want selection members for.","required":true,"type":"integer","format":"int32"},{"name":"$select","in":"query","description":"(optional) Comma separated Column names to include in result. List of columns varies depending on the selection's TargetTable. e.g. 'name', 'firstname', 'startTime'","required":false,"type":"string"},{"name":"$mode","in":"query","description":"FULL (with raw values and hints for each value) or SLIM (just the display values)","required":false,"type":"string"},{"name":"$format","in":"query","description":"Set XML or JSON output format; override the format determined from Accept header.","required":false,"type":"string"},{"name":"Accept-Language","in":"header","description":"Convert string references and multi-language values into a specified language (iso2) code.","required":false,"type":"string"},{"name":"SO-Language","in":"header","description":"Convert string references and multi-language values into a specified language (iso2) code. Overrides Accept-Language value.","required":false,"type":"string"},{"name":"SO-Culture","in":"header","description":"Number, date formatting in a specified culture (iso2 language) code. Partially overrides SO-Language/Accept-Language value. Ignored if no Language set.","required":false,"type":"string"},{"name":"SO-TimeZone","in":"header","description":"Specify the timezone code that you would like date/time responses converted to.","required":false,"type":"string"},{"name":"SO-AppToken","in":"header","description":"The application token that identifies the partner app. Used when calling Online WebAPI from a server.","required":false,"type":"string"}],"responses":{"200":{"description":"OK","schema":{"$ref":"#/definitions/SuperOffice.Services.WebApi.OData.ODataSlimResponse"}}},"security":[{"SuperOffice Password":[],"SuperId Authentication":[]}]}},"/api/v1/Selection/{selectionId}/ShadowMembers":{"get":{"tags":["Selection"],"summary":"Get the list of members in this selection's shadow (i.","description":"e. the list of contacts + persons referenced in the main selection).","operationId":"v1SelectionEntity_GetSelectionShadowMembersArchiveRows","consumes":[],"produces":["application/json","text/json","application/xml","text/xml","application/json-patch+json","application/merge-patch+json"],"parameters":[{"name":"selectionId","in":"path","description":"The selectionId we want selection members for.","required":true,"type":"integer","format":"int32"},{"name":"$select","in":"query","description":"(optional) Comma separated Column names to include in result. List of columns varies depending on the selection's TargetTable. e.g. 'name', 'firstname,name', 'startTime,firstname,name'","required":false,"type":"string"},{"name":"$mode","in":"query","description":"FULL (with raw values and hints for each value) or SLIM (just the display values)","required":false,"type":"string"},{"name":"$format","in":"query","description":"Set XML or JSON output format; override the format determined from Accept header.","required":false,"type":"string"},{"name":"Accept-Language","in":"header","description":"Convert string references and multi-language values into a specified language (iso2) code.","required":false,"type":"string"},{"name":"SO-Language","in":"header","description":"Convert string references and multi-language values into a specified language (iso2) code. Overrides Accept-Language value.","required":false,"type":"string"},{"name":"SO-Culture","in":"header","description":"Number, date formatting in a specified culture (iso2 language) code. Partially overrides SO-Language/Accept-Language value. Ignored if no Language set.","required":false,"type":"string"},{"name":"SO-TimeZone","in":"header","description":"Specify the timezone code that you would like date/time responses converted to.","required":false,"type":"string"},{"name":"SO-AppToken","in":"header","description":"The application token that identifies the partner app. Used when calling Online WebAPI from a server.","required":false,"type":"string"}],"responses":{"200":{"description":"OK","schema":{"$ref":"#/definitions/SuperOffice.Services.WebApi.OData.ODataSlimResponse"}}},"security":[{"SuperOffice Password":[],"SuperId Authentication":[]}]}}},"definitions":{"SuperOffice.CRM.Services.SelectionEntity":{"description":"Carrier object for SelectionEntity.\r\nServices for the SelectionEntity Carrier is available from the <see cref=\"T:SuperOffice.CRM.Services.ISelectionAgent\">Selection Agent</see>.","type":"object","properties":{"Description":{"description":"The actual text, max 2047 significant characters even though it is stored as a larger data type on some databases","type":"string"},"Postit":{"description":"The actual text, max 2047 significant characters even though it is stored as a larger data type on some databases","type":"string"},"Associate":{"$ref":"#/definitions/SuperOffice.CRM.Services.Associate","description":"Owner of the selection"},"CreatedBy":{"$ref":"#/definitions/SuperOffice.CRM.Services.Associate","description":"Who created the selection"},"UpdatedBy":{"$ref":"#/definitions/SuperOffice.CRM.Services.Associate","description":"Who last modified the selection"},"SelectionCategory":{"$ref":"#/definitions/SuperOffice.CRM.Services.SelectionCategory","description":"Selection category type (list item) \r\n<para>Use MDO List name \"searchCat\" to get list items.</para>"},"GroupIdx":{"format":"int32","description":"Original primary user group of associate","type":"integer"},"IncludePerson":{"format":"int32","description":"0 = Include first person, 1 = Include all persons, 2 = Include no persons","type":"integer"},"MemberCount":{"format":"int64","description":"How many selectionmembers (for progress bar calculations) - estimate, -1 (or 4294967295) means we don't know","type":"integer"},"Name":{"description":"Name of selection, freetext indexed","type":"string"},"PostitTextId":{"format":"int32","description":"Postit text record id.","type":"integer"},"CreatedDate":{"format":"date-time","description":"Registered when  in UTC.","type":"string"},"SelectionId":{"format":"int32","description":"Primary key","type":"integer"},"SoundEx":{"description":"What the name sounds like, for duplicate detection","type":"string"},"Source":{"format":"int32","description":"How did we get this selection? For future integration needs","type":"integer"},"TextId":{"format":"int32","description":"Description text record id","type":"integer"},"UpdatedDate":{"format":"date-time","description":"Last updated when  in UTC.","type":"string"},"UpdatedCount":{"format":"int32","description":"Number of updates made to this record","type":"integer"},"Visibility":{"format":"int32","description":"Obsolete, but still maintained denormalization of visiblefor","type":"integer"},"SelectionType":{"description":"Static/Dynamic/Combined?","enum":["Static","Dynamic","Combined"],"type":"string"},"CompanyUnique":{"description":"Filter out duplicate members based on company?","type":"boolean"},"TargetTableNumber":{"format":"int32","description":"TargetTableNumber defines the type of selection members this selection contains. e.g. the table number for 'contact', or 'project' or 'sale'","type":"integer"},"TargetTableName":{"description":"TargetTableName contains the name of the table in lowercase. defines the type of selection members this selection contains. e.g. 'contact', or 'project' or 'sale'","type":"string"},"Completed":{"description":"The Completed state.","type":"boolean"},"LeftSelectionId":{"format":"int32","description":"LeftSelectionId is used in combination with RightSelectionId and CombinationType to define an union of two selections when SelectionType=Combined.","type":"integer"},"RightSelectionId":{"format":"int32","description":"RightSelectionId  is used in combination with LeftSelectionId and CombinationType to define an union of two selections when SelectionType=Combined.","type":"integer"},"SelectionUnionType":{"description":"How to combine the two selections when SelectionType = Combined.","enum":["Unknown","SubtractRightFromLeft","SubtractLeftFromRight","Intersect","XOR","Union"],"type":"string"},"MainProviderName":{"description":"The name of the Archive Provider that will deliver the content of the archive - the actual entity rows","type":"string"},"ShadowProviderName":{"description":"The name, if relevant, of the Archive Provider that will deliver the Shadow rows: contact/person rows related to the actual entity. Can be blank, indicating that there is no shadow archive","type":"string"},"ChartKey":{"description":"ID/key of the last-used chart tile on this selection","type":"string"},"LastLoaded":{"format":"date-time","description":"The date/time this selection was last loaded (selectionentity fetched)","type":"string"},"LastLoadedBy":{"format":"int32","description":"Who last loaded this selection","type":"integer"},"LastLoadedByAssociate":{"$ref":"#/definitions/SuperOffice.CRM.Services.Associate","description":"Associate that last looked at the selection members; only date (not time) is valid"},"LastMembershipChange":{"format":"date-time","description":"The date/time the membership the selection last changed. Dynamic: change of criteria; Static: add/remove members; Combined: change of algorithm","type":"string"},"LastMembershipChangeBy":{"format":"int32","description":"Who last changed the membership","type":"integer"},"LastMembershipChangeByAssociate":{"$ref":"#/definitions/SuperOffice.CRM.Services.Associate","description":"Associate that last changed the selection membership (static members, dynamic criteria, combined parameters); only date (not time) is valid"},"MainHeading":{"description":"'Static selection of Companies', or whatever else is appropriate, made by combining text resources for the type and the entity (plural form); this string will contain resource references","type":"string"},"MemberTabHeading":{"description":"'Companies', or whatever else is appropriate - the plural form of the entity name; this string will contain resource references","type":"string"},"MailingsProviderName":{"description":"The name of the provider for the Mailings tab, if relevant; this string will contain resource references","type":"string"},"DashboardTileDefinitionId":{"format":"int32","description":"The associated tile definition","type":"integer"},"VisibleFor":{"description":"The set of users or groups the record is visible for","type":"array","items":{"$ref":"#/definitions/SuperOffice.CRM.Services.VisibleFor"}},"TableRight":{"$ref":"#/definitions/SuperOffice.CRM.Security.TableRight","description":"The carrier's table right"},"FieldProperties":{"description":"Field property dictionary mapping field names to field access rights.","type":"object","additionalProperties":{"$ref":"#/definitions/SuperOffice.CRM.Security.FieldProperty"}}}},"SuperOffice.CRM.Services.Associate":{"description":"Carrier object for Associate.\r\nServices for the Associate Carrier is available from the <see cref=\"T:SuperOffice.CRM.Services.IAssociateAgent\">Associate Agent</see>.","type":"object","properties":{"AssociateId":{"format":"int32","description":"Primary key","type":"integer"},"Name":{"description":"Initials, also login name, possibly database user name","type":"string"},"PersonId":{"format":"int32","description":"Owning person record \r\n<para>Use MDO List name \"person\" to get list items.</para>","type":"integer"},"Rank":{"format":"int32","description":"Rank order","type":"integer"},"Tooltip":{"description":"Tooltip or other description","type":"string"},"Type":{"description":"User type - 1 = internal user, 2 = resource, 3 = external user, 4 = anonymous, 5 = system","enum":["Unknown","InternalAssociate","ResourceAssociate","ExternalAssociate","AnonymousAssociate","SystemAssociate"],"type":"string"},"GroupIdx":{"format":"int32","description":"Primary group membership, see UserGroupLink for secondary memberships","type":"integer"},"FullName":{"description":"The associate's culture formatted fullname (firstname, middleName and lastname)","type":"string"},"FormalName":{"description":"The associate's culture formatted formalname (firstname, middleName and lastname, title, mrmrs)","type":"string"},"Deleted":{"description":"If true, the user is retired and should have no rights, not appear in lists, etc.","type":"boolean"},"EjUserId":{"format":"int32","description":"ID of the ej user record corresponding to this associate; 0 for associates that are not ej users","type":"integer"},"UserName":{"description":"User name","type":"string"},"ExtraFields":{"description":"Deprecated: Use {SuperOffice.CRM.Services.Associate.CustomFields} instead.\r\nExtra fields added to the carrier. This could be data from Plug-ins, the foreign key system, external applications, etc.","type":"object","additionalProperties":{"type":"string"}},"CustomFields":{"description":"Udef + Extra fields added to the carrier. Extra fields as defined by changes to database schema + user-defined fields as defined by admin.\r\nCustom fields combines user defined fields and extra fields into one bucket. \r\nThe individual {SuperOffice.CRM.Services.Associate.ExtraFields} and <see cref=\"!:UserDefinedFields\">UserDefinedFields</see> properties are deprecated in favor of this\r\ncombined collection.","type":"object","additionalProperties":{"type":"string"}},"TableRight":{"$ref":"#/definitions/SuperOffice.CRM.Security.TableRight","description":"The carrier's table right"},"FieldProperties":{"description":"Field property dictionary mapping field names to field access rights.","type":"object","additionalProperties":{"$ref":"#/definitions/SuperOffice.CRM.Security.FieldProperty"}}}},"SuperOffice.CRM.Security.TableRight":{"description":"Wraps a table right together with an explanatory reason.\r\nCode can indicate why access is restricted.","type":"object","properties":{"Mask":{"type":"string"},"Reason":{"type":"string"}}},"SuperOffice.CRM.Security.FieldProperty":{"description":"Class holding properties like field length, field type about a field in the carrier.","type":"object","properties":{"FieldRight":{"$ref":"#/definitions/SuperOffice.CRM.Security.FieldRight"},"FieldType":{"type":"string"},"FieldLength":{"format":"int32","description":"","type":"integer"}}},"SuperOffice.CRM.Security.FieldRight":{"description":"Wraps the field right together with an explanatory reason.\r\nAlso adds logical operators to the field rights so that they can be easily combined.","type":"object","properties":{"Mask":{"type":"string"},"Reason":{"type":"string"}}},"SuperOffice.CRM.Services.SelectionCategory":{"description":"Carrier object for SelectionCategory.\r\nServices for the SelectionCategory Carrier is available from the <see cref=\"T:SuperOffice.CRM.Services.IListAgent\">List Agent</see>.","type":"object","properties":{"Id":{"format":"int32","description":"The List Item Id","type":"integer"},"Value":{"description":"The List Item Value","type":"string"},"Tooltip":{"description":"The List Item Tooltip","type":"string"},"TableRight":{"$ref":"#/definitions/SuperOffice.CRM.Security.TableRight","description":"The carrier's table right"},"FieldProperties":{"description":"Field property dictionary mapping field names to field access rights.","type":"object","additionalProperties":{"$ref":"#/definitions/SuperOffice.CRM.Security.FieldProperty"}}}},"SuperOffice.CRM.Services.VisibleFor":{"description":"Carrier object for VisibleFor.\r\nServices for the VisibleFor Carrier is available from the <see cref=\"T:SuperOffice.CRM.Services.ISentryAgent\">Sentry Agent</see>.","type":"object","properties":{"VisibleId":{"format":"int32","description":"","type":"integer"},"Visibility":{"description":"","enum":["All","Associate","Group"],"type":"string"},"DisplayValue":{"description":"","type":"string"},"TableRight":{"$ref":"#/definitions/SuperOffice.CRM.Security.TableRight","description":"The carrier's table right"},"FieldProperties":{"description":"Field property dictionary mapping field names to field access rights.","type":"object","additionalProperties":{"$ref":"#/definitions/SuperOffice.CRM.Security.FieldProperty"}}}},"SuperOffice.Services.WebApi.OData.ODataSlimResponse":{"description":"Easy to use archive results - just a flat list of values.","type":"object","properties":{"odata.metadata":{"type":"string"},"odata.nextLink":{"type":"string"},"value":{"type":"array","items":{"type":"object","additionalProperties":{"type":"object"}}}}},"SuperOffice.WebApi.v1.Carriers.SelectionCarriers.SelectionEntityWithLinks":{"description":"<para />\r\n            SelectionEntity entity with API _Links added.","type":"object","properties":{"Description":{"description":"The actual text, max 2047 significant characters even though it is stored as a larger data type on some databases","type":"string"},"Postit":{"description":"The actual text, max 2047 significant characters even though it is stored as a larger data type on some databases","type":"string"},"Associate":{"$ref":"#/definitions/SuperOffice.CRM.Services.Associate","description":"Owner of the selection"},"CreatedBy":{"$ref":"#/definitions/SuperOffice.CRM.Services.Associate","description":"Who created the selection"},"UpdatedBy":{"$ref":"#/definitions/SuperOffice.CRM.Services.Associate","description":"Who last modified the selection"},"SelectionCategory":{"$ref":"#/definitions/SuperOffice.CRM.Services.SelectionCategory","description":"Selection category type (list item) \r\n<para>Use MDO List name \"searchCat\" to get list items.</para>"},"GroupIdx":{"format":"int32","description":"Original primary user group of associate","type":"integer"},"IncludePerson":{"format":"int32","description":"0 = Include first person, 1 = Include all persons, 2 = Include no persons","type":"integer"},"MemberCount":{"format":"int64","description":"How many selectionmembers (for progress bar calculations) - estimate, -1 (or 4294967295) means we don't know","type":"integer"},"Name":{"description":"Name of selection, freetext indexed","type":"string"},"PostitTextId":{"format":"int32","description":"Postit text record id.","type":"integer"},"CreatedDate":{"format":"date-time","description":"Registered when  in UTC.","type":"string"},"SelectionId":{"format":"int32","description":"Primary key","type":"integer"},"SoundEx":{"description":"What the name sounds like, for duplicate detection","type":"string"},"Source":{"format":"int32","description":"How did we get this selection? For future integration needs","type":"integer"},"TextId":{"format":"int32","description":"Description text record id","type":"integer"},"UpdatedDate":{"format":"date-time","description":"Last updated when  in UTC.","type":"string"},"UpdatedCount":{"format":"int32","description":"Number of updates made to this record","type":"integer"},"Visibility":{"format":"int32","description":"Obsolete, but still maintained denormalization of visiblefor","type":"integer"},"SelectionType":{"description":"Static/Dynamic/Combined?","enum":["Static","Dynamic","Combined"],"type":"string"},"CompanyUnique":{"description":"Filter out duplicate members based on company?","type":"boolean"},"TargetTableNumber":{"format":"int32","description":"TargetTableNumber defines the type of selection members this selection contains. e.g. the table number for 'contact', or 'project' or 'sale'","type":"integer"},"TargetTableName":{"description":"TargetTableName contains the name of the table in lowercase. defines the type of selection members this selection contains. e.g. 'contact', or 'project' or 'sale'","type":"string"},"Completed":{"description":"The Completed state.","type":"boolean"},"LeftSelectionId":{"format":"int32","description":"LeftSelectionId is used in combination with RightSelectionId and CombinationType to define an union of two selections when SelectionType=Combined.","type":"integer"},"RightSelectionId":{"format":"int32","description":"RightSelectionId  is used in combination with LeftSelectionId and CombinationType to define an union of two selections when SelectionType=Combined.","type":"integer"},"SelectionUnionType":{"description":"How to combine the two selections when SelectionType = Combined.","enum":["Unknown","SubtractRightFromLeft","SubtractLeftFromRight","Intersect","XOR","Union"],"type":"string"},"MainProviderName":{"description":"The name of the Archive Provider that will deliver the content of the archive - the actual entity rows","type":"string"},"ShadowProviderName":{"description":"The name, if relevant, of the Archive Provider that will deliver the Shadow rows: contact/person rows related to the actual entity. Can be blank, indicating that there is no shadow archive","type":"string"},"ChartKey":{"description":"ID/key of the last-used chart tile on this selection","type":"string"},"LastLoaded":{"format":"date-time","description":"The date/time this selection was last loaded (selectionentity fetched)","type":"string"},"LastLoadedBy":{"format":"int32","description":"Who last loaded this selection","type":"integer"},"LastLoadedByAssociate":{"$ref":"#/definitions/SuperOffice.CRM.Services.Associate","description":"Associate that last looked at the selection members; only date (not time) is valid"},"LastMembershipChange":{"format":"date-time","description":"The date/time the membership the selection last changed. Dynamic: change of criteria; Static: add/remove members; Combined: change of algorithm","type":"string"},"LastMembershipChangeBy":{"format":"int32","description":"Who last changed the membership","type":"integer"},"LastMembershipChangeByAssociate":{"$ref":"#/definitions/SuperOffice.CRM.Services.Associate","description":"Associate that last changed the selection membership (static members, dynamic criteria, combined parameters); only date (not time) is valid"},"MainHeading":{"description":"'Static selection of Companies', or whatever else is appropriate, made by combining text resources for the type and the entity (plural form); this string will contain resource references","type":"string"},"MemberTabHeading":{"description":"'Companies', or whatever else is appropriate - the plural form of the entity name; this string will contain resource references","type":"string"},"MailingsProviderName":{"description":"The name of the provider for the Mailings tab, if relevant; this string will contain resource references","type":"string"},"DashboardTileDefinitionId":{"format":"int32","description":"The associated tile definition","type":"integer"},"VisibleFor":{"description":"The set of users or groups the record is visible for","type":"array","items":{"$ref":"#/definitions/SuperOffice.CRM.Services.VisibleFor"}},"TableRight":{"$ref":"#/definitions/SuperOffice.CRM.Security.TableRight","description":"The carrier's table right"},"FieldProperties":{"description":"Field property dictionary mapping field names to field access rights.","type":"object","additionalProperties":{"$ref":"#/definitions/SuperOffice.CRM.Security.FieldProperty"}},"_Links":{"type":"object","additionalProperties":{"type":"string"}}}},"SuperOffice.CRM.Services.DuplicateRule":{"description":"Describes one duplicate rule to be used to find similar entries\r\n<para />\r\nCarrier object for DuplicateRule.","type":"object","properties":{"Name":{"description":"Identifying name for rule","type":"string"},"DisplayName":{"description":"Short name of rule to display to user","type":"string"},"DisplayTooltip":{"description":"Description of the rule","type":"string"},"IsActive":{"description":"Indicating if a rule is current active, and should included in the duplicate detection","type":"boolean"},"TableRight":{"$ref":"#/definitions/SuperOffice.CRM.Security.TableRight","description":"The carrier's table right"},"FieldProperties":{"description":"Field property dictionary mapping field names to field access rights.","type":"object","additionalProperties":{"$ref":"#/definitions/SuperOffice.CRM.Security.FieldProperty"}}}},"SuperOffice.CRM.Services.DuplicateEntry":{"description":"A duplicate entry\r\n<para />\r\nCarrier object for DuplicateEntry.","type":"object","properties":{"RuleName":{"description":"Identifying name for rule","type":"string"},"SoPrimaryKey":{"format":"int32","description":"Identity of an entry in the SuperOffice database. Should be 0 for matches from external systems.","type":"integer"},"EntryName":{"description":"Name of duplicate entry","type":"string"},"EntryIdentifier":{"description":"String identifier for entry. Typically used to identify an entry in an external system.","type":"string"},"RuleDisplayName":{"description":"Short name of rule to display to user","type":"string"},"TableRight":{"$ref":"#/definitions/SuperOffice.CRM.Security.TableRight","description":"The carrier's table right"},"FieldProperties":{"description":"Field property dictionary mapping field names to field access rights.","type":"object","additionalProperties":{"$ref":"#/definitions/SuperOffice.CRM.Security.FieldProperty"}}}},"SuperOffice.CRM.ArchiveLists.ArchiveRestrictionInfo":{"description":"This class carries information about a restriction on the query of an archive provider","type":"object","properties":{"Name":{"description":"The programmatic column name, including any required prefixes","type":"string"},"Operator":{"description":"The operator, such as =, etc","type":"string"},"Values":{"description":"Value(s) to test against","type":"array","items":{"type":"string"}},"DisplayValues":{"description":"Display representation of value(s) - list ID's are decoded to display texts, other values are represented in a format\r\nsuitable for decoding and display through the {SuperOffice.CRM.Globalization.CultureDataFormatter}.","type":"array","items":{"type":"string"}},"ColumnInfo":{"$ref":"#/definitions/SuperOffice.CRM.ArchiveLists.ArchiveColumnInfo","description":"Optional complete ArchiveColumnInfo for this restriction; in that case, ColumnInfo.Name == this.Name will always be true"},"IsActive":{"description":"Is this restriction active?  Inactive restrictions will not influence the generated query","type":"boolean"},"SubRestrictions":{"description":"Optional collection of sub criteria, usually null but set for Saint counter fields","type":"array","items":{"$ref":"#/definitions/SuperOffice.CRM.ArchiveLists.ArchiveRestrictionInfo"}},"InterParenthesis":{"format":"int32","description":"Get or set the parenthesis (if any) associated with this restriction. Positive values indicate a number\r\nof opening parentheses (deepening nesting level), while negative numbers indicate closing parentheses.\r\nZero means no change in nesting level (no parentheses).","type":"integer"},"InterOperator":{"description":"Get or set the inter-restriction operator that describes how this\r\nrestriction is related to the next one in an array.\r\nDefault for new ArchiveRestrictionInfo objects is And","enum":["None","And","Or"],"type":"string"},"UniqueHash":{"format":"int32","type":"integer"}}},"SuperOffice.CRM.ArchiveLists.ArchiveColumnInfo":{"description":"This class carries information about the definition and properties of an archive display column. It is used by the archive\r\nMDO providers to construct column lists for the configuration dialogs, and by the archive control to know what type\r\n(and other properties) each column has. The class is serializable and used on both the application\r\nand Web server sides.","type":"object","properties":{"DisplayName":{"description":"The column name to show, can be a resource identifier string","type":"string"},"DisplayTooltip":{"description":"The column tooltip, used in the column list and in the column headings","type":"string"},"DisplayType":{"description":"Type of column, so that the archive knows how to display it (actual display values are always strings, invariant-culture formatted).\r\nThis name can contain resource tags.","type":"string"},"CanOrderBy":{"description":"Can this column be used for sorting?","type":"boolean"},"Name":{"description":"Unique identity of this column (in this particular context); the name to be used when requesting the column from a provider,\r\nsetting restrictions or order by criteria","type":"string"},"CanRestrictBy":{"description":"Can this column be used as a restriction","type":"boolean"},"RestrictionType":{"description":"The data type of the restriction; use this to retrieve the legal operators for the restriction","type":"string"},"RestrictionListName":{"description":"If the restriction data type is 'list', this property contains the name of the SoList so that choices can be shown","type":"string"},"IsVisible":{"description":"Is this column visible to the user in configuration dialogs etc","type":"boolean"},"ExtraInfo":{"description":"Example: \"navigator\" -&gt; Should this column be mapped to a hyperlinked navigator text type?","type":"string"},"Width":{"description":"The width specification, if the column info has been extended with GUI-based information.\r\nIt is either \"n%\" or \"nc\", where n is an integer. Percent-formatted fields grow and shrink; number-of-characters\r\nformatted fields have constant width when the whole archive width changes.","type":"string"},"IconHint":{"description":"Icon hint corresponding to the display name; this icon hint is used in the configuration dialog\r\nand other places where we 'talk about' the columns of the archive. The actual heading\r\nof the archive may also contain icons in lieu of textual names, the icon hint for that\r\nis specified in {SuperOffice.CRM.ArchiveLists.ArchiveColumnInfo.HeadingIconHint} and is a different one.","type":"string"},"HeadingIconHint":{"description":"Icon hint for the archive heading only. If this is a nonempty string, the archive header\r\nshould use this icon and ignore the {SuperOffice.CRM.ArchiveLists.ArchiveColumnInfo.DisplayName}. Otherwise, the DisplayName\r\nshould be used as the heading.","type":"string"}}},"SuperOffice.CRM.ArchiveLists.ArchiveRestrictionGroup":{"description":"This class carries information about a group of restrictions","type":"object","properties":{"Name":{"description":"Name of the group","type":"string"},"Description":{"description":"Description of the group","type":"string"},"Rank":{"format":"int32","description":"Rank of group among groups","type":"integer"},"Restrictions":{"type":"array","items":{"$ref":"#/definitions/SuperOffice.CRM.ArchiveLists.ArchiveRestrictionInfo"}}}}},"securityDefinitions":{"SuperOffice Password":{"type":"basic","description":"SuperOffice username:password are passed in Base64-encoded. \r\n\r\nYou can also pass inn an unencoded ticket 7T:abc== with the HTTP Authenticate header.\r\n"},"SuperId Authentication":{"type":"oauth2","description":"SuperOffice SuperId OAuth implicit flow. \r\nYou need to issue a request to the SuperId authorization URL\r\n    https://online.superoffice.com/login/common/oauth/authorize?response_type=token\r\n      &client_id=670734e0-4c5a-11e3-be9e-a171392e81db\r\n      &redirect_uri=https://example.com/spa/\r\n\r\npassing in the application id and redirect URL.\r\n\r\nSuperId will log the user in, and redirect to the requested redirect URL with a #payload\r\ncontaining the access token and claims. (The redirect URL must be registered with SuperId in advance)\r\n\r\n   https://example.com/spa#access_token=8A%3aCust12227.AXRrCITpPBvQX3UbIohb\r\n      &token_type=bearer\r\n      &state=\r\n      &expires_in=3600\r\n      &ctx=Cust12227\r\n      &netserver_url=https%3a%2f%2fsod.superoffice.com%2fCust12227%2fRemote%2fServices82%2f\r\n\r\nYou can take the #access_token value and pass it as the Authenticate HTTP header as a BEARER token.\r\n","flow":"implicit","authorizationUrl":"https://online.superoffice.com/login/common/oauth/authorize","scopes":{}}},"tags":[],"externalDocs":{"description":"The SuperOffice DevNet Community has more documentation, examples, and discussion forums.","url":"https://community.superoffice.com/en/developer/"}}