{"swagger":"2.0","info":{"version":"v1-REST","title":"SuperOffice REST API v1","description":"SuperOffice REST API - Pricelist","termsOfService":"You must be an authorized user to access this API.","contact":{"name":"SuperOffice DevNet","url":"https://docs.superoffice.com/en/api/index.html","email":"sdk@superoffice.com"}},"host":"localhost:57576","schemes":["http","https"],"paths":{"/api/v1/Pricelist/default":{"get":{"tags":["List_Price"],"summary":"Set default values into a new PriceList.","description":"NetServer calculates default values on the entity, which is required when creating/storing a new instance Calls the Quote agent service CreateDefaultPriceList.\r\nNsApiSlow threshold: 5000 ms.","operationId":"v1PriceList_DefaultPriceList","consumes":[],"produces":["application/json","text/json","application/xml","text/xml","application/json-patch+json","application/merge-patch+json"],"parameters":[{"name":"Accept-Language","in":"header","description":"Convert string references and multi-language values into a specified language (iso2) code.","required":false,"type":"string"},{"name":"SO-Language","in":"header","description":"Convert string references and multi-language values into a specified language (iso2) code. Overrides Accept-Language value.","required":false,"type":"string"},{"name":"SO-Culture","in":"header","description":"Number, date formatting in a specified culture (iso2 language) code. Partially overrides SO-Language/Accept-Language value. Ignored if no Language set.","required":false,"type":"string"},{"name":"SO-TimeZone","in":"header","description":"Specify the timezone code that you would like date/time responses converted to.","required":false,"type":"string"},{"name":"SO-AppToken","in":"header","description":"The application token that identifies the partner app. Used when calling Online WebAPI from a server.","required":false,"type":"string"}],"responses":{"200":{"description":"OK","schema":{"$ref":"#/definitions/SuperOffice.CRM.Services.PriceList"}}},"security":[{"SuperOffice Password":[],"SuperId Authentication":[]}]}},"/api/v1/Pricelist":{"get":{"tags":["List_Price"],"summary":"OData list of all PriceList.","description":"Can be sorted and further filtered using OData conventions:\r\n\r\n* Pricelist?$select=col1,col2,abc/col3\r\n* Pricelist?$filter=col1 eq 'foo' and startswith(col2, 'baz')\r\n* Pricelist?$orderby=abc/col3,col1\r\n* Pricelist?$top=1000\r\n* Pricelist?$mode=full\r\n\r\n\r\nOData returns XML or JSON carriers depending on the Accept headers.\r\n\r\n\r\nCalls the Archive service using the \"PriceList\" archive.\r\n\r\n\r\n## Filter Operators: ##\r\n\r\nints: eq =, ne, le, lt, gt, ge, set, equals, greater, less, unequals, between\r\n\r\nstrings: contains, is, notBegins, notContains, isNot\r\n\r\nassociate: associateIsOneOf, associateIsNotOneOf,  \r\n\r\nlist ids: oneOf, NotOneOf, \r\n\r\ndates: before, date, after, dateBetween, beforeToday\r\n\r\nUnary ops: currentAssociate, beforeToday, today, afterToday, lastWeek, thisWeek, nextWeek, lastMonth, thisMonth, nextMonth, lastQuarter, thisQuarter, nextQuarter, thisHalf, thisYear\r\n\r\nFuncs: substringof(a,b), startswith(a,b), endswith(a,b), this(f,period), next(f,n,period), previous(f,n,period), thisAndNext(f,n,period), thisAndPrevious(f,n,period), thisAndPreviousAndNext(f,period)\r\n","operationId":"v1PriceList_GetAll","consumes":[],"produces":["application/json","text/json","application/xml","text/xml","application/json-patch+json","application/merge-patch+json"],"parameters":[{"name":"$select","in":"query","description":"Comma separated list of column names to return. \"nameDepartment,fullname,category\". Can also use aggregation functions and modifiers: \"Count(category):Footer\"","required":false,"type":"string"},{"name":"$filter","in":"query","description":"Expression to restrict the results. e.g.: \"name begins 'foo' and category gt 1\"","required":false,"type":"string"},{"name":"$orderBy","in":"query","description":"Comma separated list of column names to sort by, with optional direction. \"name asc,fullname,category desc\"","required":false,"type":"string"},{"name":"$entities","in":"query","description":"Comma separated list of entity names to use. Default = \"\". \"contact, person\"","required":false,"type":"string"},{"name":"$top","in":"query","description":"Number of rows to return in results","required":false,"type":"integer","format":"int32"},{"name":"$skip","in":"query","description":"Number of rows from database to skip before returning results","required":false,"type":"integer","format":"int32"},{"name":"$mode","in":"query","description":"FULL (with raw values and hints for each value) or SLIM (just the display values)","required":false,"type":"string","enum":["Slim","Wide","Full"]},{"name":"$options","in":"query","description":"Provider specific options. e.g: \"GrandTotal=true\"","required":false,"type":"string"},{"name":"$context","in":"query","description":"Provider specific context parameter.","required":false,"type":"string"},{"name":"$format","in":"query","description":"Set XML or JSON output format; override the format determined from Accept header.","required":false,"type":"string"},{"name":"$jsonSafe","in":"query","description":"Make output names into JSON safe property names. Replace all unsafe characters with _ underscore.","required":false,"type":"boolean"},{"name":"$output","in":"query","description":"Return Logical or Display values in SLIM mode. Logical returns true/false for booleans, Display returns icon hints. Dates are always returned as ISO strings.","required":false,"type":"string","enum":["Logical","Display"]},{"name":"Accept-Language","in":"header","description":"Convert string references and multi-language values into a specified language (iso2) code.","required":false,"type":"string"},{"name":"SO-Language","in":"header","description":"Convert string references and multi-language values into a specified language (iso2) code. Overrides Accept-Language value.","required":false,"type":"string"},{"name":"SO-Culture","in":"header","description":"Number, date formatting in a specified culture (iso2 language) code. Partially overrides SO-Language/Accept-Language value. Ignored if no Language set.","required":false,"type":"string"},{"name":"SO-TimeZone","in":"header","description":"Specify the timezone code that you would like date/time responses converted to.","required":false,"type":"string"},{"name":"SO-AppToken","in":"header","description":"The application token that identifies the partner app. Used when calling Online WebAPI from a server.","required":false,"type":"string"}],"responses":{"200":{"description":"OK","schema":{"$ref":"#/definitions/SuperOffice.Services.WebApi.OData.ODataSlimResponse"}}},"security":[{"SuperOffice Password":[],"SuperId Authentication":[]}]},"post":{"tags":["List_Price"],"summary":"Creates a new PriceList","description":"Calls the Quote agent service SavePriceList.\r\nNsApiSlow threshold: 5000 ms.","operationId":"v1PriceList_PostPriceList","consumes":["application/json","text/json","application/xml","text/xml","application/x-www-form-urlencoded","application/json-patch+json","application/merge-patch+json"],"produces":["application/json","text/json","application/xml","text/xml","application/json-patch+json","application/merge-patch+json"],"parameters":[{"name":"newEntity","in":"body","description":"The PriceList to be saved.","required":true,"schema":{"$ref":"#/definitions/SuperOffice.CRM.Services.PriceList"}},{"name":"$select","in":"query","description":"Optional comma separated list of properties to include in the result. Other fields are then nulled out to reduce payload size: \"Name,department,category\" Default = show all fields.","required":false,"type":"string"},{"name":"Accept-Language","in":"header","description":"Convert string references and multi-language values into a specified language (iso2) code.","required":false,"type":"string"},{"name":"SO-Language","in":"header","description":"Convert string references and multi-language values into a specified language (iso2) code. Overrides Accept-Language value.","required":false,"type":"string"},{"name":"SO-Culture","in":"header","description":"Number, date formatting in a specified culture (iso2 language) code. Partially overrides SO-Language/Accept-Language value. Ignored if no Language set.","required":false,"type":"string"},{"name":"SO-TimeZone","in":"header","description":"Specify the timezone code that you would like date/time responses converted to.","required":false,"type":"string"},{"name":"SO-AppToken","in":"header","description":"The application token that identifies the partner app. Used when calling Online WebAPI from a server.","required":false,"type":"string"}],"responses":{"200":{"description":"OK","schema":{"$ref":"#/definitions/SuperOffice.WebApi.v1.Carriers.QuoteCarriers.PriceListWithLinks"}}},"security":[{"SuperOffice Password":[],"SuperId Authentication":[]}]}},"/api/v1/Pricelist/{id}":{"get":{"tags":["List_Price"],"summary":"Gets a PriceList object.","description":"Calls the Quote agent service GetPriceList.\r\nNsApiSlow threshold: 5000 ms.","operationId":"v1PriceList_GetPriceList","consumes":[],"produces":["application/json","text/json","application/xml","text/xml","application/json-patch+json","application/merge-patch+json"],"parameters":[{"name":"id","in":"path","description":"The id of the PriceList to return.","required":true,"type":"integer","format":"int32"},{"name":"$select","in":"query","description":"Optional comma separated list of properties to include in the result. Other fields are then nulled out to reduce payload size: \"Name,department,category\" Default = show all fields.","required":false,"type":"string"},{"name":"Accept-Language","in":"header","description":"Convert string references and multi-language values into a specified language (iso2) code.","required":false,"type":"string"},{"name":"SO-Language","in":"header","description":"Convert string references and multi-language values into a specified language (iso2) code. Overrides Accept-Language value.","required":false,"type":"string"},{"name":"SO-Culture","in":"header","description":"Number, date formatting in a specified culture (iso2 language) code. Partially overrides SO-Language/Accept-Language value. Ignored if no Language set.","required":false,"type":"string"},{"name":"SO-TimeZone","in":"header","description":"Specify the timezone code that you would like date/time responses converted to.","required":false,"type":"string"},{"name":"SO-AppToken","in":"header","description":"The application token that identifies the partner app. Used when calling Online WebAPI from a server.","required":false,"type":"string"}],"responses":{"200":{"description":"PriceList found.","schema":{"$ref":"#/definitions/SuperOffice.WebApi.v1.Carriers.QuoteCarriers.PriceListWithLinks"}},"404":{"description":"Not Found."}},"security":[{"SuperOffice Password":[],"SuperId Authentication":[]}]},"put":{"tags":["List_Price"],"summary":"Updates the existing PriceList","description":"NsApiSlow threshold: 5000 ms.","operationId":"v1PriceList_PutPriceList","consumes":["application/json","text/json","application/xml","text/xml","application/x-www-form-urlencoded","application/json-patch+json","application/merge-patch+json"],"produces":["application/json","text/json","application/xml","text/xml","application/json-patch+json","application/merge-patch+json"],"parameters":[{"name":"id","in":"path","description":"The PriceList id to update.","required":true,"type":"integer","format":"int32"},{"name":"entity","in":"body","description":"The PriceList to be saved.","required":true,"schema":{"$ref":"#/definitions/SuperOffice.CRM.Services.PriceList"}},{"name":"$select","in":"query","description":"Optional comma separated list of properties to include in the result. Other fields are then nulled out to reduce payload size: \"Name,department,category\" Default = show all fields.","required":false,"type":"string"},{"name":"Accept-Language","in":"header","description":"Convert string references and multi-language values into a specified language (iso2) code.","required":false,"type":"string"},{"name":"SO-Language","in":"header","description":"Convert string references and multi-language values into a specified language (iso2) code. Overrides Accept-Language value.","required":false,"type":"string"},{"name":"SO-Culture","in":"header","description":"Number, date formatting in a specified culture (iso2 language) code. Partially overrides SO-Language/Accept-Language value. Ignored if no Language set.","required":false,"type":"string"},{"name":"SO-TimeZone","in":"header","description":"Specify the timezone code that you would like date/time responses converted to.","required":false,"type":"string"},{"name":"SO-AppToken","in":"header","description":"The application token that identifies the partner app. Used when calling Online WebAPI from a server.","required":false,"type":"string"}],"responses":{"200":{"description":"PriceList updated.","schema":{"$ref":"#/definitions/SuperOffice.WebApi.v1.Carriers.QuoteCarriers.PriceListWithLinks"}},"400":{"description":"Bad request. Entity to save is not in request body."}},"security":[{"SuperOffice Password":[],"SuperId Authentication":[]}]},"delete":{"tags":["List_Price"],"summary":"Deletes the PriceList","description":"Calls the Quote agent service DeletePriceList.\r\nNsApiSlow threshold: 5000 ms.","operationId":"v1PriceList_DeletePriceList","consumes":[],"produces":[],"parameters":[{"name":"id","in":"path","description":"The PriceList to be deleted.","required":true,"type":"integer","format":"int32"},{"name":"SO-AppToken","in":"header","description":"The application token that identifies the partner app. Used when calling Online WebAPI from a server.","required":false,"type":"string"}],"responses":{"204":{"description":"PriceList deleted."}},"security":[{"SuperOffice Password":[],"SuperId Authentication":[]}]}},"/api/v1/Pricelist/{id}/Products":{"get":{"tags":["List_Price"],"summary":"OData list of Products under a specific PriceList.","description":"Can be sorted and further filtered using OData conventions:\r\n\r\n* Pricelist/1234/Products?$select=col1,col2,abc/col3\r\n* Pricelist/1234/Products?$filter=col1 eq 'foo' and startswith(col2, 'baz')\r\n* Pricelist/1234/Products?$orderby=abc/col3,col1\r\n* Pricelist/1234/Products?$top=1000\r\n* Pricelist/1234/Products?$mode=full\r\n\r\n\r\nOData returns XML or JSON carriers depending on the HTTP Accept header.\r\n\r\n\r\nCalls the Archive service using the \"Product\" archive provider.\r\n\r\n\r\n## Filter Operators: ##\r\n\r\nints: eq =, ne, le, lt, gt, ge, set, equals, greater, less, unequals, between\r\n\r\nstrings: contains, is, notBegins, notContains, isNot\r\n\r\nassociate: associateIsOneOf, associateIsNotOneOf,  \r\n\r\nlist ids: oneOf, NotOneOf, \r\n\r\ndates: before, date, after, dateBetween, beforeToday\r\n\r\nUnary ops: currentAssociate, beforeToday, today, afterToday, lastWeek, thisWeek, nextWeek, lastMonth, thisMonth, nextMonth, lastQuarter, thisQuarter, nextQuarter, thisHalf, thisYear\r\n\r\nFuncs: substringof(a,b), startswith(a,b), endswith(a,b), this(f,period), next(f,n,period), previous(f,n,period), thisAndNext(f,n,period), thisAndPrevious(f,n,period), thisAndPreviousAndNext(f,period)\r\n","operationId":"v1PriceList_Products","consumes":[],"produces":["application/json","text/json","application/xml","text/xml","application/json-patch+json","application/merge-patch+json"],"parameters":[{"name":"id","in":"path","description":"The entity id","required":true,"type":"integer","format":"int32"},{"name":"$select","in":"query","description":"Comma separated list of column names to return. \"nameDepartment,fullname,category\". Can also use aggregation functions and modifiers: \"Count(category):Footer\"","required":false,"type":"string"},{"name":"$filter","in":"query","description":"Expression to restrict the results. e.g.: \"name begins 'foo' and category gt 1\"","required":false,"type":"string"},{"name":"$orderBy","in":"query","description":"Comma separated list of column names to sort by, with optional direction. \"name asc,fullname,category desc\"","required":false,"type":"string"},{"name":"$entities","in":"query","description":"Comma separated list of entity names to use. e.g: \"contact, person\"","required":false,"type":"string"},{"name":"$top","in":"query","description":"Number of rows to return in results","required":false,"type":"integer","format":"int32"},{"name":"$skip","in":"query","description":"Number of rows from database to skip before returning results","required":false,"type":"integer","format":"int32"},{"name":"$mode","in":"query","description":"FULL (with raw values and hints for each value) or SLIM (just the display values)","required":false,"type":"string","enum":["Slim","Wide","Full"]},{"name":"$options","in":"query","description":"Provider specific options. e.g: \"GrandTotal=true\"","required":false,"type":"string"},{"name":"$context","in":"query","description":"Provider specific context parameter.","required":false,"type":"string"},{"name":"$format","in":"query","description":"Set XML or JSON output format; override the format determined from Accept header.","required":false,"type":"string"},{"name":"$jsonSafe","in":"query","description":"Make output names into JSON safe property names. Replace all unsafe characters with _ underscore.","required":false,"type":"boolean"},{"name":"$output","in":"query","description":"Return Logical or Display values in SLIM mode. Logical returns true/false for booleans, Display returns icon hints. Dates are always returned as ISO strings.","required":false,"type":"string","enum":["Logical","Display"]},{"name":"Accept-Language","in":"header","description":"Convert string references and multi-language values into a specified language (iso2) code.","required":false,"type":"string"},{"name":"SO-Language","in":"header","description":"Convert string references and multi-language values into a specified language (iso2) code. Overrides Accept-Language value.","required":false,"type":"string"},{"name":"SO-Culture","in":"header","description":"Number, date formatting in a specified culture (iso2 language) code. Partially overrides SO-Language/Accept-Language value. Ignored if no Language set.","required":false,"type":"string"},{"name":"SO-TimeZone","in":"header","description":"Specify the timezone code that you would like date/time responses converted to.","required":false,"type":"string"},{"name":"SO-AppToken","in":"header","description":"The application token that identifies the partner app. Used when calling Online WebAPI from a server.","required":false,"type":"string"}],"responses":{"200":{"description":"OK","schema":{"$ref":"#/definitions/SuperOffice.Services.WebApi.OData.ODataSlimResponse"}},"404":{"description":"Not Found."}},"security":[{"SuperOffice Password":[],"SuperId Authentication":[]}]}},"/api/v1/Pricelist/{originalPriceListId}/CopyTo/{newName}":{"post":{"tags":["List_Price"],"summary":"Create a copy of a PriceList in the SuperOffice database","description":"","operationId":"v1PriceList_CopySuperOfficePriceList","consumes":[],"produces":["application/json","text/json","application/xml","text/xml","application/json-patch+json","application/merge-patch+json"],"parameters":[{"name":"originalPriceListId","in":"path","description":"Id of the PriceList to be copied","required":true,"type":"integer","format":"int32"},{"name":"newName","in":"path","description":"Name of the copied PriceList","required":true,"type":"string"},{"name":"validFrom","in":"query","description":"Start date for the new pricelist.","required":true,"type":"string","format":"date-time"},{"name":"validTo","in":"query","description":"End date for the new pricelist.","required":true,"type":"string","format":"date-time"},{"name":"newCurrencyId","in":"query","description":"Currency id of the copied PriceList. If 0 or the same as the original the copied products will keep their prices and the currency will be the same as the original.","required":false,"type":"integer","format":"int32"},{"name":"convertCurrency","in":"query","description":"If true, product prices will be recalculated to the new currency. If false, product prices will be set to zero.","required":false,"type":"boolean"},{"name":"Accept-Language","in":"header","description":"Convert string references and multi-language values into a specified language (iso2) code.","required":false,"type":"string"},{"name":"SO-Language","in":"header","description":"Convert string references and multi-language values into a specified language (iso2) code. Overrides Accept-Language value.","required":false,"type":"string"},{"name":"SO-Culture","in":"header","description":"Number, date formatting in a specified culture (iso2 language) code. Partially overrides SO-Language/Accept-Language value. Ignored if no Language set.","required":false,"type":"string"},{"name":"SO-TimeZone","in":"header","description":"Specify the timezone code that you would like date/time responses converted to.","required":false,"type":"string"},{"name":"SO-AppToken","in":"header","description":"The application token that identifies the partner app. Used when calling Online WebAPI from a server.","required":false,"type":"string"}],"responses":{"200":{"description":"OK","schema":{"$ref":"#/definitions/SuperOffice.CRM.Services.PriceList"}}},"security":[{"SuperOffice Password":[],"SuperId Authentication":[]}]}}},"definitions":{"SuperOffice.CRM.Services.PriceList":{"description":"A pricelist is basically a collection of products. It can be valid in a time period, and outright deactivated. All prices in the product list is in a specific currency. We have decieded not to separate prices and products, which means that we get a simpler data model, but some redundancy.\r\n<para />\r\nCarrier object for PriceList.\r\nServices for the PriceList Carrier is available from the <see cref=\"T:SuperOffice.CRM.Services.IQuoteAgent\">Quote Agent</see>.","type":"object","properties":{"PriceListId":{"format":"int32","description":"Primary key","type":"integer"},"ERPPriceListKey":{"description":"The key that uniquely identifies this pricelist in the ERP system","type":"string"},"QuoteConnectionId":{"format":"int32","description":"(Reserved for future use) The connection to the ERP system used for this pricelist","type":"integer"},"Name":{"description":"Name of this pricelist to use in the user interface.","type":"string"},"Description":{"description":"Description of this pricelist , will be used as tool-tip in the user interface.","type":"string"},"Currency":{"description":"The iso currency code, like 'USD' or 'NOK'.","type":"string"},"CurrencyName":{"description":"The name to use in the user interface, like perhaps 'US dollar' or '$'","type":"string"},"ValidFrom":{"format":"date-time","description":"The date (inclusive) the pricelist start to be valid. This can be DateTime.MinValue to signal that it doesn't have a specific start date.","type":"string"},"ValidTo":{"format":"date-time","description":"The date (inclusive) the pricelist ends to be valid. This can be DateTime.MaxValue to signal that it doesn't have a specific end date.","type":"string"},"IsActive":{"description":"Is the list active (as opposed to being worked on, suddenly canceled, etc.","type":"boolean"},"TableRight":{"$ref":"#/definitions/SuperOffice.CRM.Security.TableRight","description":"The carrier's table right"},"FieldProperties":{"description":"Field property dictionary mapping field names to field access rights.","type":"object","additionalProperties":{"$ref":"#/definitions/SuperOffice.CRM.Security.FieldProperty"}}}},"SuperOffice.CRM.Security.TableRight":{"description":"Wraps a table right together with an explanatory reason.\r\nCode can indicate why access is restricted.","type":"object","properties":{"Mask":{"type":"string"},"Reason":{"type":"string"}}},"SuperOffice.CRM.Security.FieldProperty":{"description":"Class holding properties like field length, field type about a field in the carrier.","type":"object","properties":{"FieldRight":{"$ref":"#/definitions/SuperOffice.CRM.Security.FieldRight"},"FieldType":{"type":"string"},"FieldLength":{"format":"int32","description":"","type":"integer"}}},"SuperOffice.CRM.Security.FieldRight":{"description":"Wraps the field right together with an explanatory reason.\r\nAlso adds logical operators to the field rights so that they can be easily combined.","type":"object","properties":{"Mask":{"type":"string"},"Reason":{"type":"string"}}},"SuperOffice.Services.WebApi.OData.ODataSlimResponse":{"description":"Easy to use archive results - just a flat list of values.","type":"object","properties":{"odata.metadata":{"type":"string"},"odata.nextLink":{"type":"string"},"value":{"type":"array","items":{"type":"object","additionalProperties":{"type":"object"}}}}},"SuperOffice.WebApi.v1.Carriers.QuoteCarriers.PriceListWithLinks":{"description":"A pricelist is basically a collection of products. It can be valid in a time period, and outright deactivated. All prices in the product list is in a specific currency. We have decieded not to separate prices and products, which means that we get a simpler data model, but some redundancy.\r\n<para />\r\nPriceList entity with API _Links added.","type":"object","properties":{"PriceListId":{"format":"int32","description":"Primary key","type":"integer"},"ERPPriceListKey":{"description":"The key that uniquely identifies this pricelist in the ERP system","type":"string"},"QuoteConnectionId":{"format":"int32","description":"(Reserved for future use) The connection to the ERP system used for this pricelist","type":"integer"},"Name":{"description":"Name of this pricelist to use in the user interface.","type":"string"},"Description":{"description":"Description of this pricelist , will be used as tool-tip in the user interface.","type":"string"},"Currency":{"description":"The iso currency code, like 'USD' or 'NOK'.","type":"string"},"CurrencyName":{"description":"The name to use in the user interface, like perhaps 'US dollar' or '$'","type":"string"},"ValidFrom":{"format":"date-time","description":"The date (inclusive) the pricelist start to be valid. This can be DateTime.MinValue to signal that it doesn't have a specific start date.","type":"string"},"ValidTo":{"format":"date-time","description":"The date (inclusive) the pricelist ends to be valid. This can be DateTime.MaxValue to signal that it doesn't have a specific end date.","type":"string"},"IsActive":{"description":"Is the list active (as opposed to being worked on, suddenly canceled, etc.","type":"boolean"},"TableRight":{"$ref":"#/definitions/SuperOffice.CRM.Security.TableRight","description":"The carrier's table right"},"FieldProperties":{"description":"Field property dictionary mapping field names to field access rights.","type":"object","additionalProperties":{"$ref":"#/definitions/SuperOffice.CRM.Security.FieldProperty"}},"_Links":{"type":"object","additionalProperties":{"type":"string"}}}}},"securityDefinitions":{"SuperOffice Password":{"type":"basic","description":"SuperOffice username:password are passed in Base64-encoded. \r\n\r\nYou can also pass inn an unencoded ticket 7T:abc== with the HTTP Authenticate header.\r\n"},"SuperId Authentication":{"type":"oauth2","description":"SuperOffice SuperId OAuth implicit flow. \r\nYou need to issue a request to the SuperId authorization URL\r\n    https://online.superoffice.com/login/common/oauth/authorize?response_type=token\r\n      &client_id=670734e0-4c5a-11e3-be9e-a171392e81db\r\n      &redirect_uri=https://example.com/spa/\r\n\r\npassing in the application id and redirect URL.\r\n\r\nSuperId will log the user in, and redirect to the requested redirect URL with a #payload\r\ncontaining the access token and claims. (The redirect URL must be registered with SuperId in advance)\r\n\r\n   https://example.com/spa#access_token=8A%3aCust12227.AXRrCITpPBvQX3UbIohb\r\n      &token_type=bearer\r\n      &state=\r\n      &expires_in=3600\r\n      &ctx=Cust12227\r\n      &netserver_url=https%3a%2f%2fsod.superoffice.com%2fCust12227%2fRemote%2fServices82%2f\r\n\r\nYou can take the #access_token value and pass it as the Authenticate HTTP header as a BEARER token.\r\n","flow":"implicit","authorizationUrl":"https://online.superoffice.com/login/common/oauth/authorize","scopes":{}}},"tags":[],"externalDocs":{"description":"The SuperOffice DevNet Community has more documentation, examples, and discussion forums.","url":"https://community.superoffice.com/en/developer/"}}