{"swagger":"2.0","info":{"version":"v1-REST","title":"SuperOffice REST API v1","description":"SuperOffice REST API - Product","termsOfService":"You must be an authorized user to access this API.","contact":{"name":"SuperOffice DevNet","url":"https://docs.superoffice.com/en/api/index.html","email":"sdk@superoffice.com"}},"host":"localhost:56593","schemes":["http","https"],"paths":{"/api/v1/Product/default":{"get":{"tags":["Product"],"summary":"Set default values into a new Product.","description":"NetServer calculates default values on the entity, which is required when creating/storing a new instance Calls the Quote agent service CreateDefaultProduct.\r\nNsApiSlow threshold: 5000 ms.","operationId":"v1Product_DefaultProduct","consumes":[],"produces":["application/json","text/json","application/xml","text/xml","application/json-patch+json","application/merge-patch+json"],"parameters":[{"name":"Accept-Language","in":"header","description":"Convert string references and multi-language values into a specified language (iso2) code.","required":false,"type":"string"},{"name":"SO-Language","in":"header","description":"Convert string references and multi-language values into a specified language (iso2) code. Overrides Accept-Language value.","required":false,"type":"string"},{"name":"SO-Culture","in":"header","description":"Number, date formatting in a specified culture (iso2 language) code. Partially overrides SO-Language/Accept-Language value. Ignored if no Language set.","required":false,"type":"string"},{"name":"SO-TimeZone","in":"header","description":"Specify the timezone code that you would like date/time responses converted to.","required":false,"type":"string"},{"name":"SO-AppToken","in":"header","description":"The application token that identifies the partner app. Used when calling Online WebAPI from a server.","required":false,"type":"string"}],"responses":{"200":{"description":"OK","schema":{"$ref":"#/definitions/SuperOffice.CRM.Services.Product"}}},"security":[{"SuperOffice Password":[],"SuperId Authentication":[]}]}},"/api/v1/Product":{"get":{"tags":["Product"],"summary":"OData list of all Product.","description":"Can be sorted and further filtered using OData conventions:\r\n\r\n* Product?$select=col1,col2,abc/col3\r\n* Product?$filter=col1 eq 'foo' and startswith(col2, 'baz')\r\n* Product?$orderby=abc/col3,col1\r\n* Product?$top=1000\r\n* Product?$mode=full\r\n\r\n\r\nOData returns XML or JSON carriers depending on the Accept headers.\r\n\r\n\r\nCalls the Archive service using the \"Product\" archive.\r\n\r\n\r\n## Filter Operators: ##\r\n\r\nints: eq =, ne, le, lt, gt, ge, set, equals, greater, less, unequals, between\r\n\r\nstrings: contains, is, notBegins, notContains, isNot\r\n\r\nassociate: associateIsOneOf, associateIsNotOneOf,  \r\n\r\nlist ids: oneOf, NotOneOf, \r\n\r\ndates: before, date, after, dateBetween, beforeToday\r\n\r\nUnary ops: currentAssociate, beforeToday, today, afterToday, lastWeek, thisWeek, nextWeek, lastMonth, thisMonth, nextMonth, lastQuarter, thisQuarter, nextQuarter, thisHalf, thisYear\r\n\r\nFuncs: substringof(a,b), startswith(a,b), endswith(a,b), this(f,period), next(f,n,period), previous(f,n,period), thisAndNext(f,n,period), thisAndPrevious(f,n,period), thisAndPreviousAndNext(f,period)\r\n","operationId":"v1Product_GetAll","consumes":[],"produces":["application/json","text/json","application/xml","text/xml","application/json-patch+json","application/merge-patch+json"],"parameters":[{"name":"$select","in":"query","description":"Comma separated list of column names to return. \"nameDepartment,fullname,category\". Can also use aggregation functions and modifiers: \"Count(category):Footer\"","required":false,"type":"string"},{"name":"$filter","in":"query","description":"Expression to restrict the results. e.g.: \"name begins 'foo' and category gt 1\"","required":false,"type":"string"},{"name":"$orderBy","in":"query","description":"Comma separated list of column names to sort by, with optional direction. \"name asc,fullname,category desc\"","required":false,"type":"string"},{"name":"$entities","in":"query","description":"Comma separated list of entity names to use. Default = \"\". \"contact, person\"","required":false,"type":"string"},{"name":"$top","in":"query","description":"Number of rows to return in results","required":false,"type":"integer","format":"int32"},{"name":"$skip","in":"query","description":"Number of rows from database to skip before returning results","required":false,"type":"integer","format":"int32"},{"name":"$mode","in":"query","description":"FULL (with raw values and hints for each value) or SLIM (just the display values)","required":false,"type":"string","enum":["Slim","Wide","Full"]},{"name":"$options","in":"query","description":"Provider specific options. e.g: \"GrandTotal=true\"","required":false,"type":"string"},{"name":"$context","in":"query","description":"Provider specific context parameter.","required":false,"type":"string"},{"name":"$format","in":"query","description":"Set XML or JSON output format; override the format determined from Accept header.","required":false,"type":"string"},{"name":"$jsonSafe","in":"query","description":"Make output names into JSON safe property names. Replace all unsafe characters with _ underscore.","required":false,"type":"boolean"},{"name":"$output","in":"query","description":"Return Logical or Display values in SLIM mode. Logical returns true/false for booleans, Display returns icon hints. Dates are always returned as ISO strings.","required":false,"type":"string","enum":["Logical","Display"]},{"name":"Accept-Language","in":"header","description":"Convert string references and multi-language values into a specified language (iso2) code.","required":false,"type":"string"},{"name":"SO-Language","in":"header","description":"Convert string references and multi-language values into a specified language (iso2) code. Overrides Accept-Language value.","required":false,"type":"string"},{"name":"SO-Culture","in":"header","description":"Number, date formatting in a specified culture (iso2 language) code. Partially overrides SO-Language/Accept-Language value. Ignored if no Language set.","required":false,"type":"string"},{"name":"SO-TimeZone","in":"header","description":"Specify the timezone code that you would like date/time responses converted to.","required":false,"type":"string"},{"name":"SO-AppToken","in":"header","description":"The application token that identifies the partner app. Used when calling Online WebAPI from a server.","required":false,"type":"string"}],"responses":{"200":{"description":"OK","schema":{"$ref":"#/definitions/SuperOffice.Services.WebApi.OData.ODataSlimResponse"}}},"security":[{"SuperOffice Password":[],"SuperId Authentication":[]}]},"post":{"tags":["Product"],"summary":"Creates a new Product","description":"Calls the Quote agent service SaveProduct.\r\nNsApiSlow threshold: 5000 ms.","operationId":"v1Product_PostProduct","consumes":["application/json","text/json","application/xml","text/xml","application/x-www-form-urlencoded","application/json-patch+json","application/merge-patch+json"],"produces":["application/json","text/json","application/xml","text/xml","application/json-patch+json","application/merge-patch+json"],"parameters":[{"name":"newEntity","in":"body","description":"The Product to be saved.","required":true,"schema":{"$ref":"#/definitions/SuperOffice.CRM.Services.Product"}},{"name":"$select","in":"query","description":"Optional comma separated list of properties to include in the result. Other fields are then nulled out to reduce payload size: \"Name,department,category\" Default = show all fields.","required":false,"type":"string"},{"name":"Accept-Language","in":"header","description":"Convert string references and multi-language values into a specified language (iso2) code.","required":false,"type":"string"},{"name":"SO-Language","in":"header","description":"Convert string references and multi-language values into a specified language (iso2) code. Overrides Accept-Language value.","required":false,"type":"string"},{"name":"SO-Culture","in":"header","description":"Number, date formatting in a specified culture (iso2 language) code. Partially overrides SO-Language/Accept-Language value. Ignored if no Language set.","required":false,"type":"string"},{"name":"SO-TimeZone","in":"header","description":"Specify the timezone code that you would like date/time responses converted to.","required":false,"type":"string"},{"name":"SO-AppToken","in":"header","description":"The application token that identifies the partner app. Used when calling Online WebAPI from a server.","required":false,"type":"string"}],"responses":{"200":{"description":"OK","schema":{"$ref":"#/definitions/SuperOffice.CRM.Services.Product"}}},"security":[{"SuperOffice Password":[],"SuperId Authentication":[]}]}},"/api/v1/Product/{id}":{"put":{"tags":["Product"],"summary":"Updates the existing Product","description":"NsApiSlow threshold: 5000 ms.","operationId":"v1Product_PutProduct","consumes":["application/json","text/json","application/xml","text/xml","application/x-www-form-urlencoded","application/json-patch+json","application/merge-patch+json"],"produces":["application/json","text/json","application/xml","text/xml","application/json-patch+json","application/merge-patch+json"],"parameters":[{"name":"id","in":"path","description":"The Product id to update.","required":true,"type":"integer","format":"int32"},{"name":"entity","in":"body","description":"The Product to be saved.","required":true,"schema":{"$ref":"#/definitions/SuperOffice.CRM.Services.Product"}},{"name":"$select","in":"query","description":"Optional comma separated list of properties to include in the result. Other fields are then nulled out to reduce payload size: \"Name,department,category\" Default = show all fields.","required":false,"type":"string"},{"name":"Accept-Language","in":"header","description":"Convert string references and multi-language values into a specified language (iso2) code.","required":false,"type":"string"},{"name":"SO-Language","in":"header","description":"Convert string references and multi-language values into a specified language (iso2) code. Overrides Accept-Language value.","required":false,"type":"string"},{"name":"SO-Culture","in":"header","description":"Number, date formatting in a specified culture (iso2 language) code. Partially overrides SO-Language/Accept-Language value. Ignored if no Language set.","required":false,"type":"string"},{"name":"SO-TimeZone","in":"header","description":"Specify the timezone code that you would like date/time responses converted to.","required":false,"type":"string"},{"name":"SO-AppToken","in":"header","description":"The application token that identifies the partner app. Used when calling Online WebAPI from a server.","required":false,"type":"string"}],"responses":{"200":{"description":"Product updated.","schema":{"$ref":"#/definitions/SuperOffice.CRM.Services.Product"}},"400":{"description":"Bad request. Entity to save is not in request body."}},"security":[{"SuperOffice Password":[],"SuperId Authentication":[]}]},"delete":{"tags":["Product"],"summary":"Deletes the Product","description":"Calls the Quote agent service DeleteProduct.\r\nNsApiSlow threshold: 5000 ms.","operationId":"v1Product_DeleteProduct","consumes":[],"produces":[],"parameters":[{"name":"id","in":"path","description":"The Product to be deleted.","required":true,"type":"integer","format":"int32"},{"name":"SO-AppToken","in":"header","description":"The application token that identifies the partner app. Used when calling Online WebAPI from a server.","required":false,"type":"string"}],"responses":{"204":{"description":"Product deleted."}},"security":[{"SuperOffice Password":[],"SuperId Authentication":[]}]}},"/api/v1/Product/{productId}":{"get":{"tags":["Product"],"summary":"Get a product with the given database id","description":"","operationId":"v1Product_GetProductFromDbId","consumes":[],"produces":["application/json","text/json","application/xml","text/xml","application/json-patch+json","application/merge-patch+json"],"parameters":[{"name":"productId","in":"path","description":"The database id of the product","required":true,"type":"integer","format":"int32"},{"name":"Accept-Language","in":"header","description":"Convert string references and multi-language values into a specified language (iso2) code.","required":false,"type":"string"},{"name":"SO-Language","in":"header","description":"Convert string references and multi-language values into a specified language (iso2) code. Overrides Accept-Language value.","required":false,"type":"string"},{"name":"SO-Culture","in":"header","description":"Number, date formatting in a specified culture (iso2 language) code. Partially overrides SO-Language/Accept-Language value. Ignored if no Language set.","required":false,"type":"string"},{"name":"SO-TimeZone","in":"header","description":"Specify the timezone code that you would like date/time responses converted to.","required":false,"type":"string"},{"name":"SO-AppToken","in":"header","description":"The application token that identifies the partner app. Used when calling Online WebAPI from a server.","required":false,"type":"string"}],"responses":{"200":{"description":"OK","schema":{"$ref":"#/definitions/SuperOffice.CRM.Services.Product"}}},"security":[{"SuperOffice Password":[],"SuperId Authentication":[]}]}},"/api/v1/Product/{productId}/ImageInfo":{"get":{"tags":["Product"],"summary":"Get the Blob that describes the given products picture.","description":"The actual bitmap is accessible via /api/Services80/pricelist/1/product/123/image.","operationId":"v1Product_GetImageInfo","consumes":[],"produces":["application/json","text/json","application/xml","text/xml","application/json-patch+json","application/merge-patch+json"],"parameters":[{"name":"productId","in":"path","description":"Product id","required":true,"type":"integer","format":"int32"},{"name":"Accept-Language","in":"header","description":"Convert string references and multi-language values into a specified language (iso2) code.","required":false,"type":"string"},{"name":"SO-Language","in":"header","description":"Convert string references and multi-language values into a specified language (iso2) code. Overrides Accept-Language value.","required":false,"type":"string"},{"name":"SO-Culture","in":"header","description":"Number, date formatting in a specified culture (iso2 language) code. Partially overrides SO-Language/Accept-Language value. Ignored if no Language set.","required":false,"type":"string"},{"name":"SO-TimeZone","in":"header","description":"Specify the timezone code that you would like date/time responses converted to.","required":false,"type":"string"},{"name":"SO-AppToken","in":"header","description":"The application token that identifies the partner app. Used when calling Online WebAPI from a server.","required":false,"type":"string"}],"responses":{"200":{"description":"OK","schema":{"$ref":"#/definitions/SuperOffice.CRM.Services.BlobEntity"}}},"security":[{"SuperOffice Password":[],"SuperId Authentication":[]}]},"put":{"tags":["Product"],"summary":"Update the Blob that describes the given person's picture.","description":"The actual bitmap is accessible via /api/Services80/person/123/image.","operationId":"v1Product_PutImageInfo","consumes":["application/json","text/json","application/xml","text/xml","application/x-www-form-urlencoded","application/json-patch+json","application/merge-patch+json"],"produces":["application/json","text/json","application/xml","text/xml","application/json-patch+json","application/merge-patch+json"],"parameters":[{"name":"productId","in":"path","description":"Product id","required":true,"type":"integer","format":"int32"},{"name":"imageInfo","in":"body","description":"New or Updated information about the product image.","required":true,"schema":{"$ref":"#/definitions/SuperOffice.CRM.Services.BlobEntity"}},{"name":"Accept-Language","in":"header","description":"Convert string references and multi-language values into a specified language (iso2) code.","required":false,"type":"string"},{"name":"SO-Language","in":"header","description":"Convert string references and multi-language values into a specified language (iso2) code. Overrides Accept-Language value.","required":false,"type":"string"},{"name":"SO-Culture","in":"header","description":"Number, date formatting in a specified culture (iso2 language) code. Partially overrides SO-Language/Accept-Language value. Ignored if no Language set.","required":false,"type":"string"},{"name":"SO-TimeZone","in":"header","description":"Specify the timezone code that you would like date/time responses converted to.","required":false,"type":"string"},{"name":"SO-AppToken","in":"header","description":"The application token that identifies the partner app. Used when calling Online WebAPI from a server.","required":false,"type":"string"}],"responses":{"200":{"description":"OK","schema":{"$ref":"#/definitions/SuperOffice.CRM.Services.BlobEntity"}}},"security":[{"SuperOffice Password":[],"SuperId Authentication":[]}]}},"/api/v1/Product/{productId}/Image":{"get":{"tags":["Product"],"summary":"The product's picture.","description":"The image is returned as stored. If width/height or format is specified, then the image is \r\nscaled and converted to the requested type.","operationId":"v1Product_GetImage","consumes":[],"produces":["image/png","image/jpeg","image/gif","image/tiff"],"parameters":[{"name":"productId","in":"path","description":"Product id","required":true,"type":"integer","format":"int32"},{"name":"w","in":"query","description":"Optional Width of bitmap.","required":false,"type":"integer","format":"int32"},{"name":"h","in":"query","description":"Optional Height of bitmap.","required":false,"type":"integer","format":"int32"},{"name":"type","in":"query","description":"Optional type of bitmap: JPEG or PNG or GIF","required":false,"type":"string"},{"name":"ifBlank","in":"query","description":"What to return if there is no picture (default = Null = 404 Error) (Default, ClearPixel, SrNoPhoto, SrNoPhotoWithBorder)","required":false,"type":"string","enum":["Default","ClearPixel","SrNoPhoto","SrNoPhotoWithBorder","Null","GenericFileIcon"]},{"name":"Accept-Language","in":"header","description":"Convert string references and multi-language values into a specified language (iso2) code.","required":false,"type":"string"},{"name":"SO-Language","in":"header","description":"Convert string references and multi-language values into a specified language (iso2) code. Overrides Accept-Language value.","required":false,"type":"string"},{"name":"SO-Culture","in":"header","description":"Number, date formatting in a specified culture (iso2 language) code. Partially overrides SO-Language/Accept-Language value. Ignored if no Language set.","required":false,"type":"string"},{"name":"SO-TimeZone","in":"header","description":"Specify the timezone code that you would like date/time responses converted to.","required":false,"type":"string"},{"name":"SO-AppToken","in":"header","description":"The application token that identifies the partner app. Used when calling Online WebAPI from a server.","required":false,"type":"string"}],"responses":{"200":{"description":"An image","schema":{"format":"byte","type":"string"}},"404":{"description":"No image on this product (when ifBlank not defined)"}},"security":[{"SuperOffice Password":[],"SuperId Authentication":[]}]},"put":{"tags":["Product"],"summary":"Save an image to a product","description":"Updating the image will update the ImageInfo automatically.","operationId":"v1Product_SaveImage","consumes":["image/png","image/jpeg","image/gif","image/tiff","multipart/form-data"],"produces":["application/json","text/json","application/xml","text/xml","application/json-patch+json","application/merge-patch+json"],"parameters":[{"name":"productId","in":"path","description":"Product id","required":true,"type":"integer","format":"int32"},{"name":"image","in":"formData","description":"Bitmap for the product (PNG, JPEG, GIF or TIFF format)","required":true,"type":"file","format":"binary"},{"name":"Accept-Language","in":"header","description":"Convert string references and multi-language values into a specified language (iso2) code.","required":false,"type":"string"},{"name":"SO-Language","in":"header","description":"Convert string references and multi-language values into a specified language (iso2) code. Overrides Accept-Language value.","required":false,"type":"string"},{"name":"SO-Culture","in":"header","description":"Number, date formatting in a specified culture (iso2 language) code. Partially overrides SO-Language/Accept-Language value. Ignored if no Language set.","required":false,"type":"string"},{"name":"SO-TimeZone","in":"header","description":"Specify the timezone code that you would like date/time responses converted to.","required":false,"type":"string"},{"name":"SO-AppToken","in":"header","description":"The application token that identifies the partner app. Used when calling Online WebAPI from a server.","required":false,"type":"string"}],"responses":{"200":{"description":"The blob id","schema":{"format":"int32","type":"integer"}},"400":{"description":"Image bitmap is missing from body."}},"security":[{"SuperOffice Password":[],"SuperId Authentication":[]}]},"post":{"tags":["Product"],"summary":"Save an image to a product","description":"Updating the image will update the ImageInfo automatically.","operationId":"v1Product_SaveImage_POST","consumes":["image/png","image/jpeg","image/gif","image/tiff","multipart/form-data"],"produces":["application/json","text/json","application/xml","text/xml","application/json-patch+json","application/merge-patch+json"],"parameters":[{"name":"productId","in":"path","description":"Product id","required":true,"type":"integer","format":"int32"},{"name":"image","in":"formData","description":"Bitmap for the product (PNG, JPEG, GIF or TIFF format)","required":true,"type":"file","format":"binary"},{"name":"Accept-Language","in":"header","description":"Convert string references and multi-language values into a specified language (iso2) code.","required":false,"type":"string"},{"name":"SO-Language","in":"header","description":"Convert string references and multi-language values into a specified language (iso2) code. Overrides Accept-Language value.","required":false,"type":"string"},{"name":"SO-Culture","in":"header","description":"Number, date formatting in a specified culture (iso2 language) code. Partially overrides SO-Language/Accept-Language value. Ignored if no Language set.","required":false,"type":"string"},{"name":"SO-TimeZone","in":"header","description":"Specify the timezone code that you would like date/time responses converted to.","required":false,"type":"string"},{"name":"SO-AppToken","in":"header","description":"The application token that identifies the partner app. Used when calling Online WebAPI from a server.","required":false,"type":"string"}],"responses":{"200":{"description":"The blob id","schema":{"format":"int32","type":"integer"}},"400":{"description":"Image bitmap is missing from body."}},"security":[{"SuperOffice Password":[],"SuperId Authentication":[]}]},"delete":{"tags":["Product"],"summary":"Delete image on a product.","description":"","operationId":"v1Product_DeleteImageContent","consumes":[],"produces":[],"parameters":[{"name":"productId","in":"path","description":"Product id","required":true,"type":"integer","format":"int32"},{"name":"SO-AppToken","in":"header","description":"The application token that identifies the partner app. Used when calling Online WebAPI from a server.","required":false,"type":"string"}],"responses":{"204":{"description":"No Content"}},"security":[{"SuperOffice Password":[],"SuperId Authentication":[]}]}}},"definitions":{"SuperOffice.CRM.Services.Product":{"description":"Information about a Product from the ERP system. This may be fetched from SuperOffice Product table through the SO Connector\r\n<para />\r\nCarrier object for Product.\r\nServices for the Product Carrier is available from the <see cref=\"T:SuperOffice.CRM.Services.IQuoteAgent\">Quote Agent</see>.","type":"object","properties":{"ProductId":{"format":"int32","description":"Primary key","type":"integer"},"ERPProductKey":{"description":"Reference/foreign key to the product in the given pricelist in the product supplier system, if it exists there.","type":"string"},"ERPPriceListKey":{"description":"Foreign key to the price list that this product is a part of, or the primary key of the pricelist if this is a built-in pricelist.","type":"string"},"Name":{"description":"The name to use in the user interface.","type":"string"},"Description":{"description":"The description to use, with potentially several lines. Will be used as tool-tip to use in the list user interface too.","type":"string"},"Code":{"description":"The product code / article number in the product supplier system.","type":"string"},"PriceUnit":{"description":"What is the unit (meter, ton, bushel, microsecond, gradus, τρυβλίον, 五合枡, دونم or whatever); read-only for lines that originate in defined products","type":"string"},"QuantityUnit":{"description":"What is the unit (meter, ton, bushel, microsecond, gradus, τρυβλίον, 五合枡, دونم or whatever); Connector handles conversion relative to PriceUnit if they are different","type":"string"},"IsSubscription":{"description":"Is this a subscription product, sold in repeating intervals/amounts?","type":"boolean"},"SubscriptionUnit":{"description":"Either a List id to an id from a connector provided list, or, if the connection doesn’t support lists, a text with the actual subscription unit.","type":"string"},"DefaultSubscriptionQuantity":{"format":"double","description":"The default number of SubscriptionUnits to suggest when creating quote lines from this product","type":"number"},"ItemNumber":{"description":"Line item number, NOR: «Postnummer». Specific numbers from some hierarchy, for instance “1.4.3.2P”. Typically used to sort the items in the quote by some standard way.","type":"string"},"Url":{"description":"URL to product information web page.","type":"string"},"ProductCategoryKey":{"description":"Either a List id to an id from a connector provided list, or, if the connection doesn’t support lists, a text with the actual product category.","type":"string"},"ProductFamilyKey":{"description":"Either a List id to an id from a connector provided list, or, if the connection doesn't support lists, a text with the actual product family.","type":"string"},"ProductTypeKey":{"description":"Either a List id to an id from a connector provided list, or, if the connection doesn’t support lists, a text with the actual product type.","type":"string"},"VAT":{"format":"double","description":"Tax/VAT if available from ERP system. THIS IS A PERCENTAGE. In the Superoffice product register, this field is available in the product admin GUI.","type":"number"},"VATInfo":{"description":"A field for putting VATInfo you need to show in the final quoteDocument, like the VAT type that is used. Not used in any business logic in SuperOffice; available to document templates.","type":"string"},"UnitCost":{"format":"double","description":"The cost price. Might not be given, use Decimal.MinValue to signal this.","type":"number"},"UnitMinimumPrice":{"format":"double","description":"The minimum price this salesman can offer to his customer. This might be cost price if there is no policy. Might not be given, use Decimal.MinValue to signal this.","type":"number"},"UnitListPrice":{"format":"double","description":"(Basic Price, normal price, standard price.) This is the basic price from which the discount is computed from. The ListPrice will stay the same even when a larger amount is ordered.","type":"number"},"InAssortment":{"description":"True for products that should currently be offered, false when the product is discontinued and should not ordinarily be offered. When false the product no longer appears in search results.","type":"boolean"},"Supplier":{"description":"In SuperOffice, an id from the contact table, when saved as an ERP cache, the name of the supplier","type":"string"},"SupplierCode":{"description":"Suppliers part code/number or other key-like field","type":"string"},"Rights":{"description":"Field1=right&amp;Field2=right, etc. of any fields that have non-standard field access rights. Rights can be one of: N (=None or Hidden), R (=Read-only), W (=Writeable), M (=Mandatory). The fields will mostly be from the Quoteline table, but some added fields that are conceptually part of the quoteline, like Image will also be possibly to set rights on. Will be used by SuperOffice to control the user interface when showing the record.","type":"string"},"Rule":{"description":"The names of one or more calculation rules that are in effect for this line, comma-separated case-insensitive. Will NOT be used by SuperOffice.","type":"string"},"ExtraInfo":{"description":"Extra information, supplied by QuoteConnector, used by a future dynamic GUI extension","type":"array","items":{"$ref":"#/definitions/SuperOffice.CRM.Services.ProductExtraDataField"}},"RawExtraInfo":{"description":"Read-only extra information in plain text, supplied by QuoteConnector, used by a future dynamic GUI extension","type":"string"},"ExtraField1":{"description":"This a simple field for adding information that the Connector can provide, and that the qoute document need to display.","type":"string"},"ExtraField2":{"description":"This a simple field for adding information that the Connector can provide, and that the qoute document need to display.","type":"string"},"ExtraField3":{"description":"This a simple field for adding information that the Connector can provide, and that the qoute document need to display.","type":"string"},"ExtraField4":{"description":"This a simple field for adding information that the Connector can provide, and that the qoute document need to display.","type":"string"},"ExtraField5":{"description":"This a simple field for adding information that the Connector can provide, and that the qoute document need to display.","type":"string"},"InStock":{"format":"double","description":"Negative numbers will be interpreted as how many is ordered. Might not be available.","type":"number"},"TableRight":{"$ref":"#/definitions/SuperOffice.CRM.Security.TableRight","description":"The carrier's table right"},"FieldProperties":{"description":"Field property dictionary mapping field names to field access rights.","type":"object","additionalProperties":{"$ref":"#/definitions/SuperOffice.CRM.Security.FieldProperty"}}}},"SuperOffice.CRM.Services.ProductExtraDataField":{"description":"A way to show some simple extra data on a product, typically to hep the user to identify the correct product. Basically a bucket of additional info that the ERP system would like to store and show in the user interface. Information placed here is shown in the GUI if the “provide-extra-data” capability is true.\r\n<para />\r\nCarrier object for ProductExtraDataField.\r\nServices for the ProductExtraDataField Carrier is available from the <see cref=\"T:SuperOffice.CRM.Services.IQuoteAgent\">Quote Agent</see>.","type":"object","properties":{"Name":{"description":"Label for the field","type":"string"},"Value":{"description":"Value for the field. If type is string, it can contain formatspecifiers (use this for displaying numbers correctly as the user's computer is set up).","type":"string"},"Type":{"description":"String, url, image. How the value should be interpreted.","enum":["String","Url","Image"],"type":"string"},"TableRight":{"$ref":"#/definitions/SuperOffice.CRM.Security.TableRight","description":"The carrier's table right"},"FieldProperties":{"description":"Field property dictionary mapping field names to field access rights.","type":"object","additionalProperties":{"$ref":"#/definitions/SuperOffice.CRM.Security.FieldProperty"}}}},"SuperOffice.CRM.Security.TableRight":{"description":"Wraps a table right together with an explanatory reason.\r\nCode can indicate why access is restricted.","type":"object","properties":{"Mask":{"type":"string"},"Reason":{"type":"string"}}},"SuperOffice.CRM.Security.FieldProperty":{"description":"Class holding properties like field length, field type about a field in the carrier.","type":"object","properties":{"FieldRight":{"$ref":"#/definitions/SuperOffice.CRM.Security.FieldRight"},"FieldType":{"type":"string"},"FieldLength":{"format":"int32","description":"","type":"integer"}}},"SuperOffice.CRM.Security.FieldRight":{"description":"Wraps the field right together with an explanatory reason.\r\nAlso adds logical operators to the field rights so that they can be easily combined.","type":"object","properties":{"Mask":{"type":"string"},"Reason":{"type":"string"}}},"SuperOffice.Services.WebApi.OData.ODataSlimResponse":{"description":"Easy to use archive results - just a flat list of values.","type":"object","properties":{"odata.metadata":{"type":"string"},"odata.nextLink":{"type":"string"},"value":{"type":"array","items":{"type":"object","additionalProperties":{"type":"object"}}}}},"SuperOffice.CRM.Services.BlobEntity":{"description":"Carrier object for BlobEntity.\r\nServices for the BlobEntity Carrier is available from the <see cref=\"T:SuperOffice.CRM.Services.IBLOBAgent\">BLOB Agent</see>.","type":"object","properties":{"BlobId":{"format":"int32","description":"Primary key","type":"integer"},"BlobSize":{"format":"int32","description":"The length, in bytes, of the binary data AS STORED after any encryption and/or zipping. Important to get right, since some databases will not tell us just based on the blob itself!","type":"integer"},"Description":{"description":"A description that is entered by the user, and visible to the user","type":"string"},"ExtraInfo":{"description":"Extra information, spare field, can be used for anything that makes sense. Should not refer to any particular context, that is something for the BinaryObjectLInk","type":"string"},"IsEncrypted":{"description":"Has the data been encrypted.","type":"boolean"},"IsZipped":{"description":"Has the data been zipped.","type":"boolean"},"MimeType":{"description":"Mime type, describing the technical type (image/jpeg) of the data","type":"string"},"OriginalSize":{"format":"int32","description":"Original size of the binary data, before encryption and/or zipping. This is what the ultimate client will get","type":"integer"},"CreatedDate":{"format":"date-time","description":"Registered when  in UTC.","type":"string"},"UpdatedDate":{"format":"date-time","description":"Last updated when  in UTC.","type":"string"},"CreatedBy":{"$ref":"#/definitions/SuperOffice.CRM.Services.Associate","description":"The person that first created the document. The property is read-only."},"UpdatedBy":{"$ref":"#/definitions/SuperOffice.CRM.Services.Associate","description":"The person that last updated the appointment."},"ConceptualType":{"description":"The type, for instance PHOTO, PERSONPHOTO, or whatever, that is descriptive of what kind of image or data this is","type":"string"},"TableRight":{"$ref":"#/definitions/SuperOffice.CRM.Security.TableRight","description":"The carrier's table right"},"FieldProperties":{"description":"Field property dictionary mapping field names to field access rights.","type":"object","additionalProperties":{"$ref":"#/definitions/SuperOffice.CRM.Security.FieldProperty"}}}},"SuperOffice.CRM.Services.Associate":{"description":"Carrier object for Associate.\r\nServices for the Associate Carrier is available from the <see cref=\"T:SuperOffice.CRM.Services.IAssociateAgent\">Associate Agent</see>.","type":"object","properties":{"AssociateId":{"format":"int32","description":"Primary key","type":"integer"},"Name":{"description":"Initials, also login name, possibly database user name","type":"string"},"PersonId":{"format":"int32","description":"Owning person record \r\n<para>Use MDO List name \"person\" to get list items.</para>","type":"integer"},"Rank":{"format":"int32","description":"Rank order","type":"integer"},"Tooltip":{"description":"Tooltip or other description","type":"string"},"Type":{"description":"User type - 1 = internal user, 2 = resource, 3 = external user, 4 = anonymous, 5 = system","enum":["Unknown","InternalAssociate","ResourceAssociate","ExternalAssociate","AnonymousAssociate","SystemAssociate"],"type":"string"},"GroupIdx":{"format":"int32","description":"Primary group membership, see UserGroupLink for secondary memberships","type":"integer"},"FullName":{"description":"The associate's culture formatted fullname (firstname, middleName and lastname)","type":"string"},"FormalName":{"description":"The associate's culture formatted formalname (firstname, middleName and lastname, title, mrmrs)","type":"string"},"Deleted":{"description":"If true, the user is retired and should have no rights, not appear in lists, etc.","type":"boolean"},"EjUserId":{"format":"int32","description":"ID of the ej user record corresponding to this associate; 0 for associates that are not ej users","type":"integer"},"UserName":{"description":"User name","type":"string"},"ExtraFields":{"description":"Deprecated: Use {SuperOffice.CRM.Services.Associate.CustomFields} instead.\r\nExtra fields added to the carrier. This could be data from Plug-ins, the foreign key system, external applications, etc.","type":"object","additionalProperties":{"type":"string"}},"CustomFields":{"description":"Udef + Extra fields added to the carrier. Extra fields as defined by changes to database schema + user-defined fields as defined by admin.\r\nCustom fields combines user defined fields and extra fields into one bucket. \r\nThe individual {SuperOffice.CRM.Services.Associate.ExtraFields} and <see cref=\"!:UserDefinedFields\">UserDefinedFields</see> properties are deprecated in favor of this\r\ncombined collection.","type":"object","additionalProperties":{"type":"string"}},"TableRight":{"$ref":"#/definitions/SuperOffice.CRM.Security.TableRight","description":"The carrier's table right"},"FieldProperties":{"description":"Field property dictionary mapping field names to field access rights.","type":"object","additionalProperties":{"$ref":"#/definitions/SuperOffice.CRM.Security.FieldProperty"}}}}},"securityDefinitions":{"SuperOffice Password":{"type":"basic","description":"SuperOffice username:password are passed in Base64-encoded. \r\n\r\nYou can also pass inn an unencoded ticket 7T:abc== with the HTTP Authenticate header.\r\n"},"SuperId Authentication":{"type":"oauth2","description":"SuperOffice SuperId OAuth implicit flow. \r\nYou need to issue a request to the SuperId authorization URL\r\n    https://online.superoffice.com/login/common/oauth/authorize?response_type=token\r\n      &client_id=670734e0-4c5a-11e3-be9e-a171392e81db\r\n      &redirect_uri=https://example.com/spa/\r\n\r\npassing in the application id and redirect URL.\r\n\r\nSuperId will log the user in, and redirect to the requested redirect URL with a #payload\r\ncontaining the access token and claims. (The redirect URL must be registered with SuperId in advance)\r\n\r\n   https://example.com/spa#access_token=8A%3aCust12227.AXRrCITpPBvQX3UbIohb\r\n      &token_type=bearer\r\n      &state=\r\n      &expires_in=3600\r\n      &ctx=Cust12227\r\n      &netserver_url=https%3a%2f%2fsod.superoffice.com%2fCust12227%2fRemote%2fServices82%2f\r\n\r\nYou can take the #access_token value and pass it as the Authenticate HTTP header as a BEARER token.\r\n","flow":"implicit","authorizationUrl":"https://online.superoffice.com/login/common/oauth/authorize","scopes":{}}},"tags":[],"externalDocs":{"description":"The SuperOffice DevNet Community has more documentation, examples, and discussion forums.","url":"https://community.superoffice.com/en/developer/"}}