{"swagger":"2.0","info":{"version":"v1-REST","title":"SuperOffice REST API v1","description":"SuperOffice REST API - ChatSession","termsOfService":"You must be an authorized user to access this API.","contact":{"name":"SuperOffice DevNet","url":"https://docs.superoffice.com/en/api/index.html","email":"sdk@superoffice.com"}},"host":"localhost:61900","schemes":["http","https"],"paths":{"/api/v1/ChatSession/default":{"get":{"tags":["ChatSession"],"summary":"Set default values into a new ChatSessionEntity.","description":"NetServer calculates default values on the entity, which is required when creating/storing a new instance Calls the Chat agent service CreateDefaultChatSessionEntity.\r\nNsApiSlow threshold: 5000 ms.","operationId":"v1ChatSessionEntity_DefaultChatSessionEntity","consumes":[],"produces":["application/json","text/json","application/xml","text/xml","application/json-patch+json","application/merge-patch+json"],"parameters":[{"name":"Accept-Language","in":"header","description":"Convert string references and multi-language values into a specified language (iso2) code.","required":false,"type":"string"},{"name":"SO-Language","in":"header","description":"Convert string references and multi-language values into a specified language (iso2) code. Overrides Accept-Language value.","required":false,"type":"string"},{"name":"SO-Culture","in":"header","description":"Number, date formatting in a specified culture (iso2 language) code. Partially overrides SO-Language/Accept-Language value. Ignored if no Language set.","required":false,"type":"string"},{"name":"SO-TimeZone","in":"header","description":"Specify the timezone code that you would like date/time responses converted to.","required":false,"type":"string"},{"name":"SO-AppToken","in":"header","description":"The application token that identifies the partner app. Used when calling Online WebAPI from a server.","required":false,"type":"string"}],"responses":{"200":{"description":"OK","schema":{"$ref":"#/definitions/SuperOffice.CRM.Services.ChatSessionEntity"}}},"security":[{"SuperOffice Password":[],"SuperId Authentication":[]}]}},"/api/v1/ChatSession":{"get":{"tags":["ChatSession"],"summary":"OData list of all ChatSessionEntity.","description":"Can be sorted and further filtered using OData conventions:\r\n\r\n* ChatSession?$select=col1,col2,abc/col3\r\n* ChatSession?$filter=col1 eq 'foo' and startswith(col2, 'baz')\r\n* ChatSession?$orderby=abc/col3,col1\r\n* ChatSession?$top=1000\r\n* ChatSession?$mode=full\r\n\r\n\r\nOData returns XML or JSON carriers depending on the Accept headers.\r\n\r\n\r\nCalls the Archive service using the \"ChatSession\" archive.\r\n\r\n\r\n## Filter Operators: ##\r\n\r\nints: eq =, ne, le, lt, gt, ge, set, equals, greater, less, unequals, between\r\n\r\nstrings: contains, is, notBegins, notContains, isNot\r\n\r\nassociate: associateIsOneOf, associateIsNotOneOf,  \r\n\r\nlist ids: oneOf, NotOneOf, \r\n\r\ndates: before, date, after, dateBetween, beforeToday\r\n\r\nUnary ops: currentAssociate, beforeToday, today, afterToday, lastWeek, thisWeek, nextWeek, lastMonth, thisMonth, nextMonth, lastQuarter, thisQuarter, nextQuarter, thisHalf, thisYear\r\n\r\nFuncs: substringof(a,b), startswith(a,b), endswith(a,b), this(f,period), next(f,n,period), previous(f,n,period), thisAndNext(f,n,period), thisAndPrevious(f,n,period), thisAndPreviousAndNext(f,period)\r\n","operationId":"v1ChatSessionEntity_GetAll","consumes":[],"produces":["application/json","text/json","application/xml","text/xml","application/json-patch+json","application/merge-patch+json"],"parameters":[{"name":"$select","in":"query","description":"Comma separated list of column names to return. \"nameDepartment,fullname,category\". Can also use aggregation functions and modifiers: \"Count(category):Footer\"","required":false,"type":"string"},{"name":"$filter","in":"query","description":"Expression to restrict the results. e.g.: \"name begins 'foo' and category gt 1\"","required":false,"type":"string"},{"name":"$orderBy","in":"query","description":"Comma separated list of column names to sort by, with optional direction. \"name asc,fullname,category desc\"","required":false,"type":"string"},{"name":"$entities","in":"query","description":"Comma separated list of entity names to use. Default = \"chat\". \"contact, person\"","required":false,"type":"string"},{"name":"$top","in":"query","description":"Number of rows to return in results","required":false,"type":"integer","format":"int32"},{"name":"$skip","in":"query","description":"Number of rows from database to skip before returning results","required":false,"type":"integer","format":"int32"},{"name":"$mode","in":"query","description":"FULL (with raw values and hints for each value) or SLIM (just the display values)","required":false,"type":"string","enum":["Slim","Wide","Full"]},{"name":"$options","in":"query","description":"Provider specific options. e.g: \"GrandTotal=true\"","required":false,"type":"string"},{"name":"$context","in":"query","description":"Provider specific context parameter.","required":false,"type":"string"},{"name":"$format","in":"query","description":"Set XML or JSON output format; override the format determined from Accept header.","required":false,"type":"string"},{"name":"$jsonSafe","in":"query","description":"Make output names into JSON safe property names. Replace all unsafe characters with _ underscore.","required":false,"type":"boolean"},{"name":"$output","in":"query","description":"Return Logical or Display values in SLIM mode. Logical returns true/false for booleans, Display returns icon hints. Dates are always returned as ISO strings.","required":false,"type":"string","enum":["Logical","Display"]},{"name":"Accept-Language","in":"header","description":"Convert string references and multi-language values into a specified language (iso2) code.","required":false,"type":"string"},{"name":"SO-Language","in":"header","description":"Convert string references and multi-language values into a specified language (iso2) code. Overrides Accept-Language value.","required":false,"type":"string"},{"name":"SO-Culture","in":"header","description":"Number, date formatting in a specified culture (iso2 language) code. Partially overrides SO-Language/Accept-Language value. Ignored if no Language set.","required":false,"type":"string"},{"name":"SO-TimeZone","in":"header","description":"Specify the timezone code that you would like date/time responses converted to.","required":false,"type":"string"},{"name":"SO-AppToken","in":"header","description":"The application token that identifies the partner app. Used when calling Online WebAPI from a server.","required":false,"type":"string"}],"responses":{"200":{"description":"OK","schema":{"$ref":"#/definitions/SuperOffice.Services.WebApi.OData.ODataSlimResponse"}}},"security":[{"SuperOffice Password":[],"SuperId Authentication":[]}]},"post":{"tags":["ChatSession"],"summary":"Creates a new ChatSessionEntity","description":"Calls the Chat agent service SaveChatSessionEntity.\r\nNsApiSlow threshold: 5000 ms.","operationId":"v1ChatSessionEntity_PostChatSessionEntity","consumes":["application/json","text/json","application/xml","text/xml","application/x-www-form-urlencoded","application/json-patch+json","application/merge-patch+json"],"produces":["application/json","text/json","application/xml","text/xml","application/json-patch+json","application/merge-patch+json"],"parameters":[{"name":"newEntity","in":"body","description":"The ChatSessionEntity to be saved.","required":true,"schema":{"$ref":"#/definitions/SuperOffice.CRM.Services.ChatSessionEntity"}},{"name":"$select","in":"query","description":"Optional comma separated list of properties to include in the result. Other fields are then nulled out to reduce payload size: \"Name,department,category\" Default = show all fields.","required":false,"type":"string"},{"name":"Accept-Language","in":"header","description":"Convert string references and multi-language values into a specified language (iso2) code.","required":false,"type":"string"},{"name":"SO-Language","in":"header","description":"Convert string references and multi-language values into a specified language (iso2) code. Overrides Accept-Language value.","required":false,"type":"string"},{"name":"SO-Culture","in":"header","description":"Number, date formatting in a specified culture (iso2 language) code. Partially overrides SO-Language/Accept-Language value. Ignored if no Language set.","required":false,"type":"string"},{"name":"SO-TimeZone","in":"header","description":"Specify the timezone code that you would like date/time responses converted to.","required":false,"type":"string"},{"name":"SO-AppToken","in":"header","description":"The application token that identifies the partner app. Used when calling Online WebAPI from a server.","required":false,"type":"string"}],"responses":{"200":{"description":"OK","schema":{"$ref":"#/definitions/SuperOffice.WebApi.v1.Carriers.ChatCarriers.ChatSessionEntityWithLinks"}}},"security":[{"SuperOffice Password":[],"SuperId Authentication":[]}]}},"/api/v1/ChatSession/{id}":{"get":{"tags":["ChatSession"],"summary":"Gets a ChatSessionEntity object.","description":"Calls the Chat agent service GetChatSessionEntity.\r\nNsApiSlow threshold: 5000 ms.","operationId":"v1ChatSessionEntity_GetChatSessionEntity","consumes":[],"produces":["application/json","text/json","application/xml","text/xml","application/json-patch+json","application/merge-patch+json"],"parameters":[{"name":"id","in":"path","description":"The id of the ChatSessionEntity to return.","required":true,"type":"integer","format":"int32"},{"name":"$select","in":"query","description":"Optional comma separated list of properties to include in the result. Other fields are then nulled out to reduce payload size: \"Name,department,category\" Default = show all fields.","required":false,"type":"string"},{"name":"Accept-Language","in":"header","description":"Convert string references and multi-language values into a specified language (iso2) code.","required":false,"type":"string"},{"name":"SO-Language","in":"header","description":"Convert string references and multi-language values into a specified language (iso2) code. Overrides Accept-Language value.","required":false,"type":"string"},{"name":"SO-Culture","in":"header","description":"Number, date formatting in a specified culture (iso2 language) code. Partially overrides SO-Language/Accept-Language value. Ignored if no Language set.","required":false,"type":"string"},{"name":"SO-TimeZone","in":"header","description":"Specify the timezone code that you would like date/time responses converted to.","required":false,"type":"string"},{"name":"SO-AppToken","in":"header","description":"The application token that identifies the partner app. Used when calling Online WebAPI from a server.","required":false,"type":"string"}],"responses":{"200":{"description":"ChatSessionEntity found.","schema":{"$ref":"#/definitions/SuperOffice.WebApi.v1.Carriers.ChatCarriers.ChatSessionEntityWithLinks"}},"404":{"description":"Not Found."}},"security":[{"SuperOffice Password":[],"SuperId Authentication":[]}]},"put":{"tags":["ChatSession"],"summary":"Updates the existing ChatSessionEntity","description":"NsApiSlow threshold: 5000 ms.","operationId":"v1ChatSessionEntity_PutChatSessionEntity","consumes":["application/json","text/json","application/xml","text/xml","application/x-www-form-urlencoded","application/json-patch+json","application/merge-patch+json"],"produces":["application/json","text/json","application/xml","text/xml","application/json-patch+json","application/merge-patch+json"],"parameters":[{"name":"id","in":"path","description":"The ChatSessionEntity id to update.","required":true,"type":"integer","format":"int32"},{"name":"entity","in":"body","description":"The ChatSessionEntity to be saved.","required":true,"schema":{"$ref":"#/definitions/SuperOffice.CRM.Services.ChatSessionEntity"}},{"name":"$select","in":"query","description":"Optional comma separated list of properties to include in the result. Other fields are then nulled out to reduce payload size: \"Name,department,category\" Default = show all fields.","required":false,"type":"string"},{"name":"Accept-Language","in":"header","description":"Convert string references and multi-language values into a specified language (iso2) code.","required":false,"type":"string"},{"name":"SO-Language","in":"header","description":"Convert string references and multi-language values into a specified language (iso2) code. Overrides Accept-Language value.","required":false,"type":"string"},{"name":"SO-Culture","in":"header","description":"Number, date formatting in a specified culture (iso2 language) code. Partially overrides SO-Language/Accept-Language value. Ignored if no Language set.","required":false,"type":"string"},{"name":"SO-TimeZone","in":"header","description":"Specify the timezone code that you would like date/time responses converted to.","required":false,"type":"string"},{"name":"SO-AppToken","in":"header","description":"The application token that identifies the partner app. Used when calling Online WebAPI from a server.","required":false,"type":"string"}],"responses":{"200":{"description":"ChatSessionEntity updated.","schema":{"$ref":"#/definitions/SuperOffice.WebApi.v1.Carriers.ChatCarriers.ChatSessionEntityWithLinks"}},"400":{"description":"Bad request. Entity to save is not in request body."}},"security":[{"SuperOffice Password":[],"SuperId Authentication":[]}]},"delete":{"tags":["ChatSession"],"summary":"Deletes the ChatSessionEntity","description":"Calls the Chat agent service DeleteChatSessionEntity.\r\nNsApiSlow threshold: 5000 ms.","operationId":"v1ChatSessionEntity_DeleteChatSessionEntity","consumes":[],"produces":[],"parameters":[{"name":"id","in":"path","description":"The ChatSessionEntity to be deleted.","required":true,"type":"integer","format":"int32"},{"name":"SO-AppToken","in":"header","description":"The application token that identifies the partner app. Used when calling Online WebAPI from a server.","required":false,"type":"string"}],"responses":{"204":{"description":"ChatSessionEntity deleted."}},"security":[{"SuperOffice Password":[],"SuperId Authentication":[]}]}},"/api/v1/ChatSession/ForCurrentUser":{"get":{"tags":["ChatSession"],"summary":"Get all chat sessions which this user is a member of.","description":"Members means that you have at least one of: Can Respond, Notifications, Listen or Manager","operationId":"v1ChatSessionEntity_ChatSessionsForUser","consumes":[],"produces":["application/json","text/json","application/xml","text/xml","application/json-patch+json","application/merge-patch+json"],"parameters":[{"name":"Accept-Language","in":"header","description":"Convert string references and multi-language values into a specified language (iso2) code.","required":false,"type":"string"},{"name":"SO-Language","in":"header","description":"Convert string references and multi-language values into a specified language (iso2) code. Overrides Accept-Language value.","required":false,"type":"string"},{"name":"SO-Culture","in":"header","description":"Number, date formatting in a specified culture (iso2 language) code. Partially overrides SO-Language/Accept-Language value. Ignored if no Language set.","required":false,"type":"string"},{"name":"SO-TimeZone","in":"header","description":"Specify the timezone code that you would like date/time responses converted to.","required":false,"type":"string"},{"name":"SO-AppToken","in":"header","description":"The application token that identifies the partner app. Used when calling Online WebAPI from a server.","required":false,"type":"string"}],"responses":{"200":{"description":"OK","schema":{"type":"array","items":{"$ref":"#/definitions/SuperOffice.CRM.Services.ChatSessionEntity"}}}},"security":[{"SuperOffice Password":[],"SuperId Authentication":[]}]}},"/api/v1/ChatSession/{chatSessionId}/TransferTo/{toAssociate}":{"post":{"tags":["ChatSession"],"summary":"Request to send the session to another user.","description":"If the session does not belong to the user, nothing happens.","operationId":"v1ChatSessionEntity_TransferChatSession","consumes":[],"produces":["application/json","text/json","application/xml","text/xml","application/json-patch+json","application/merge-patch+json"],"parameters":[{"name":"chatSessionId","in":"path","description":"id of the chat session to send","required":true,"type":"integer","format":"int32"},{"name":"toAssociate","in":"path","description":"Associate username or associate id to send session to.","required":true,"type":"string"},{"name":"Accept-Language","in":"header","description":"Convert string references and multi-language values into a specified language (iso2) code.","required":false,"type":"string"},{"name":"SO-Language","in":"header","description":"Convert string references and multi-language values into a specified language (iso2) code. Overrides Accept-Language value.","required":false,"type":"string"},{"name":"SO-Culture","in":"header","description":"Number, date formatting in a specified culture (iso2 language) code. Partially overrides SO-Language/Accept-Language value. Ignored if no Language set.","required":false,"type":"string"},{"name":"SO-TimeZone","in":"header","description":"Specify the timezone code that you would like date/time responses converted to.","required":false,"type":"string"},{"name":"SO-AppToken","in":"header","description":"The application token that identifies the partner app. Used when calling Online WebAPI from a server.","required":false,"type":"string"}],"responses":{"200":{"description":"OK","schema":{"$ref":"#/definitions/SuperOffice.CRM.Services.ChatSessionEntity"}}},"security":[{"SuperOffice Password":[],"SuperId Authentication":[]}]}},"/api/v1/ChatSession/{chatSessionId}/AcceptTransfer":{"post":{"tags":["ChatSession"],"summary":"Accept the transfer: assign the session to the user.","description":"If the session is not being transferred, nothing happens.","operationId":"v1ChatSessionEntity_AcceptChatSessionTransfer","consumes":[],"produces":["application/json","text/json","application/xml","text/xml","application/json-patch+json","application/merge-patch+json"],"parameters":[{"name":"chatSessionId","in":"path","description":"id of the chat session to send","required":true,"type":"integer","format":"int32"},{"name":"Accept-Language","in":"header","description":"Convert string references and multi-language values into a specified language (iso2) code.","required":false,"type":"string"},{"name":"SO-Language","in":"header","description":"Convert string references and multi-language values into a specified language (iso2) code. Overrides Accept-Language value.","required":false,"type":"string"},{"name":"SO-Culture","in":"header","description":"Number, date formatting in a specified culture (iso2 language) code. Partially overrides SO-Language/Accept-Language value. Ignored if no Language set.","required":false,"type":"string"},{"name":"SO-TimeZone","in":"header","description":"Specify the timezone code that you would like date/time responses converted to.","required":false,"type":"string"},{"name":"SO-AppToken","in":"header","description":"The application token that identifies the partner app. Used when calling Online WebAPI from a server.","required":false,"type":"string"}],"responses":{"200":{"description":"OK","schema":{"$ref":"#/definitions/SuperOffice.CRM.Services.ChatSessionEntity"}}},"security":[{"SuperOffice Password":[],"SuperId Authentication":[]}]}},"/api/v1/ChatSession/{chatSessionId}/RejectTransfer":{"post":{"tags":["ChatSession"],"summary":"Do not want.","description":"Deny the transfer to the user. If the session is not being transferred, nothing happens.","operationId":"v1ChatSessionEntity_RejectChatSessionTransfer","consumes":[],"produces":["application/json","text/json","application/xml","text/xml","application/json-patch+json","application/merge-patch+json"],"parameters":[{"name":"chatSessionId","in":"path","description":"id of the chat session to send back","required":true,"type":"integer","format":"int32"},{"name":"Accept-Language","in":"header","description":"Convert string references and multi-language values into a specified language (iso2) code.","required":false,"type":"string"},{"name":"SO-Language","in":"header","description":"Convert string references and multi-language values into a specified language (iso2) code. Overrides Accept-Language value.","required":false,"type":"string"},{"name":"SO-Culture","in":"header","description":"Number, date formatting in a specified culture (iso2 language) code. Partially overrides SO-Language/Accept-Language value. Ignored if no Language set.","required":false,"type":"string"},{"name":"SO-TimeZone","in":"header","description":"Specify the timezone code that you would like date/time responses converted to.","required":false,"type":"string"},{"name":"SO-AppToken","in":"header","description":"The application token that identifies the partner app. Used when calling Online WebAPI from a server.","required":false,"type":"string"}],"responses":{"200":{"description":"OK","schema":{"$ref":"#/definitions/SuperOffice.CRM.Services.ChatSessionEntity"}}},"security":[{"SuperOffice Password":[],"SuperId Authentication":[]}]}},"/api/v1/ChatSession/{chatSessionId}/Pickup":{"post":{"tags":["ChatSession"],"summary":"'answer' the session: assign the session to the user.","description":"The welcome message is sent to the customer. Returns NULL if session was not in queue.","operationId":"v1ChatSessionEntity_PickUpChatSession","consumes":[],"produces":["application/json","text/json","application/xml","text/xml","application/json-patch+json","application/merge-patch+json"],"parameters":[{"name":"chatSessionId","in":"path","description":"id of the chat session to answer","required":true,"type":"integer","format":"int32"},{"name":"Accept-Language","in":"header","description":"Convert string references and multi-language values into a specified language (iso2) code.","required":false,"type":"string"},{"name":"SO-Language","in":"header","description":"Convert string references and multi-language values into a specified language (iso2) code. Overrides Accept-Language value.","required":false,"type":"string"},{"name":"SO-Culture","in":"header","description":"Number, date formatting in a specified culture (iso2 language) code. Partially overrides SO-Language/Accept-Language value. Ignored if no Language set.","required":false,"type":"string"},{"name":"SO-TimeZone","in":"header","description":"Specify the timezone code that you would like date/time responses converted to.","required":false,"type":"string"},{"name":"SO-AppToken","in":"header","description":"The application token that identifies the partner app. Used when calling Online WebAPI from a server.","required":false,"type":"string"}],"responses":{"200":{"description":"OK","schema":{"$ref":"#/definitions/SuperOffice.CRM.Services.ChatSessionEntity"}}},"security":[{"SuperOffice Password":[],"SuperId Authentication":[]}]}},"/api/v1/ChatSession/Pickup":{"post":{"tags":["ChatSession"],"summary":"'answer' the first available session from the queue: assign the session to the user.","description":"The welcome message is sent to the customer.","operationId":"v1ChatSessionEntity_PickUpFirstChatSession","consumes":[],"produces":["application/json","text/json","application/xml","text/xml","application/json-patch+json","application/merge-patch+json"],"parameters":[{"name":"Accept-Language","in":"header","description":"Convert string references and multi-language values into a specified language (iso2) code.","required":false,"type":"string"},{"name":"SO-Language","in":"header","description":"Convert string references and multi-language values into a specified language (iso2) code. Overrides Accept-Language value.","required":false,"type":"string"},{"name":"SO-Culture","in":"header","description":"Number, date formatting in a specified culture (iso2 language) code. Partially overrides SO-Language/Accept-Language value. Ignored if no Language set.","required":false,"type":"string"},{"name":"SO-TimeZone","in":"header","description":"Specify the timezone code that you would like date/time responses converted to.","required":false,"type":"string"},{"name":"SO-AppToken","in":"header","description":"The application token that identifies the partner app. Used when calling Online WebAPI from a server.","required":false,"type":"string"}],"responses":{"200":{"description":"OK","schema":{"$ref":"#/definitions/SuperOffice.CRM.Services.ChatSessionEntity"}}},"security":[{"SuperOffice Password":[],"SuperId Authentication":[]}]}},"/api/v1/ChatSession/{chatSessionId}/Reset":{"post":{"tags":["ChatSession"],"summary":"Reset chat session, put it back on the queue for pickup.","description":"Used by bots to hand off a session to human","operationId":"v1ChatSessionEntity_ResetChatSession","consumes":[],"produces":["application/json","text/json","application/xml","text/xml","application/json-patch+json","application/merge-patch+json"],"parameters":[{"name":"chatSessionId","in":"path","description":"id of the chat session to reset","required":true,"type":"integer","format":"int32"},{"name":"Accept-Language","in":"header","description":"Convert string references and multi-language values into a specified language (iso2) code.","required":false,"type":"string"},{"name":"SO-Language","in":"header","description":"Convert string references and multi-language values into a specified language (iso2) code. Overrides Accept-Language value.","required":false,"type":"string"},{"name":"SO-Culture","in":"header","description":"Number, date formatting in a specified culture (iso2 language) code. Partially overrides SO-Language/Accept-Language value. Ignored if no Language set.","required":false,"type":"string"},{"name":"SO-TimeZone","in":"header","description":"Specify the timezone code that you would like date/time responses converted to.","required":false,"type":"string"},{"name":"SO-AppToken","in":"header","description":"The application token that identifies the partner app. Used when calling Online WebAPI from a server.","required":false,"type":"string"}],"responses":{"200":{"description":"OK","schema":{"$ref":"#/definitions/SuperOffice.CRM.Services.ChatSessionEntity"}}},"security":[{"SuperOffice Password":[],"SuperId Authentication":[]}]}},"/api/v1/ChatSession/{chatSessionId}/Transcript":{"post":{"tags":["ChatSession"],"summary":"Get the chat transcript, formatted as plain text or html","description":"","operationId":"v1ChatSessionEntity_GetChatTranscript","consumes":[],"produces":["application/json","text/json","application/xml","text/xml","application/json-patch+json","application/merge-patch+json"],"parameters":[{"name":"chatSessionId","in":"path","description":"id of the chat session to get the transcript for","required":true,"type":"integer","format":"int32"},{"name":"html","in":"query","description":"Get transcript as HTML","required":false,"type":"boolean"},{"name":"Accept-Language","in":"header","description":"Convert string references and multi-language values into a specified language (iso2) code.","required":false,"type":"string"},{"name":"SO-Language","in":"header","description":"Convert string references and multi-language values into a specified language (iso2) code. Overrides Accept-Language value.","required":false,"type":"string"},{"name":"SO-Culture","in":"header","description":"Number, date formatting in a specified culture (iso2 language) code. Partially overrides SO-Language/Accept-Language value. Ignored if no Language set.","required":false,"type":"string"},{"name":"SO-TimeZone","in":"header","description":"Specify the timezone code that you would like date/time responses converted to.","required":false,"type":"string"},{"name":"SO-AppToken","in":"header","description":"The application token that identifies the partner app. Used when calling Online WebAPI from a server.","required":false,"type":"string"}],"responses":{"200":{"description":"OK","schema":{"type":"string"}}},"security":[{"SuperOffice Password":[],"SuperId Authentication":[]}]}},"/api/v1/ChatSession/{chatSessionId}/Messages":{"get":{"tags":["ChatSession"],"summary":"Get all or some of the messages in a chat session","description":"","operationId":"v1ChatSessionEntity_GetChatMessages","consumes":[],"produces":["application/json","text/json","application/xml","text/xml","application/json-patch+json","application/merge-patch+json"],"parameters":[{"name":"chatSessionId","in":"path","description":"id of the chat session to reset","required":true,"type":"integer","format":"int32"},{"name":"after","in":"query","description":"Return messages after this message id","required":false,"type":"integer","format":"int32"},{"name":"Accept-Language","in":"header","description":"Convert string references and multi-language values into a specified language (iso2) code.","required":false,"type":"string"},{"name":"SO-Language","in":"header","description":"Convert string references and multi-language values into a specified language (iso2) code. Overrides Accept-Language value.","required":false,"type":"string"},{"name":"SO-Culture","in":"header","description":"Number, date formatting in a specified culture (iso2 language) code. Partially overrides SO-Language/Accept-Language value. Ignored if no Language set.","required":false,"type":"string"},{"name":"SO-TimeZone","in":"header","description":"Specify the timezone code that you would like date/time responses converted to.","required":false,"type":"string"},{"name":"SO-AppToken","in":"header","description":"The application token that identifies the partner app. Used when calling Online WebAPI from a server.","required":false,"type":"string"}],"responses":{"200":{"description":"OK","schema":{"type":"array","items":{"$ref":"#/definitions/SuperOffice.CRM.Services.ChatMessage"}}}},"security":[{"SuperOffice Password":[],"SuperId Authentication":[]}]},"post":{"tags":["ChatSession"],"summary":"Add a new message to a chat session","description":"","operationId":"v1ChatSessionEntity_AddChatMessage","consumes":["application/json","text/json","application/xml","text/xml","application/x-www-form-urlencoded","application/json-patch+json","application/merge-patch+json"],"produces":["application/json","text/json","application/xml","text/xml","application/json-patch+json","application/merge-patch+json"],"parameters":[{"name":"chatSessionId","in":"path","description":"id of the chat session to add message to","required":true,"type":"integer","format":"int32"},{"name":"message","in":"body","description":"Message to add","required":true,"schema":{"$ref":"#/definitions/SuperOffice.CRM.Services.ChatMessage"}},{"name":"Accept-Language","in":"header","description":"Convert string references and multi-language values into a specified language (iso2) code.","required":false,"type":"string"},{"name":"SO-Language","in":"header","description":"Convert string references and multi-language values into a specified language (iso2) code. Overrides Accept-Language value.","required":false,"type":"string"},{"name":"SO-Culture","in":"header","description":"Number, date formatting in a specified culture (iso2 language) code. Partially overrides SO-Language/Accept-Language value. Ignored if no Language set.","required":false,"type":"string"},{"name":"SO-TimeZone","in":"header","description":"Specify the timezone code that you would like date/time responses converted to.","required":false,"type":"string"},{"name":"SO-AppToken","in":"header","description":"The application token that identifies the partner app. Used when calling Online WebAPI from a server.","required":false,"type":"string"}],"responses":{"200":{"description":"OK","schema":{"$ref":"#/definitions/SuperOffice.CRM.Services.ChatMessage"}}},"security":[{"SuperOffice Password":[],"SuperId Authentication":[]}]}}},"definitions":{"SuperOffice.CRM.Services.ChatSessionEntity":{"description":"Chat sessions belong to a chat topic, and contain messages to/from users\r\n<para />\r\nCarrier object for ChatSessionEntity.\r\nServices for the ChatSessionEntity Carrier is available from the <see cref=\"T:SuperOffice.CRM.Services.IChatAgent\">Chat Agent</see>.","type":"object","properties":{"ChatSessionId":{"format":"int32","description":"The primary key (auto-incremented)","type":"integer"},"TopicId":{"format":"int32","description":"The reference to the associated chat topic.","type":"integer"},"User":{"$ref":"#/definitions/SuperOffice.CRM.Services.Associate","description":"User agent handling this session"},"Person":{"$ref":"#/definitions/SuperOffice.CRM.Services.Person","description":"Customer person in this session - could be empty if we don't know exactly."},"CustomerAlias":{"description":"The alias for the customer.","type":"string"},"CustomerHost":{"description":"The hostname or IP address for the customer.","type":"string"},"CustomerName":{"description":"The name of customer, if provided","type":"string"},"CustomerEmail":{"description":"The email address of the customer, if provided","type":"string"},"CustomerPhone":{"description":"The phone number of the customer, if provided","type":"string"},"CustomerConsented":{"description":"The customer consented when starting the session","type":"boolean"},"CustomerCompanyName":{"description":"The name of the customers company, if provided","type":"string"},"Status":{"description":"Enum indicating the status for the session (pending, active, closed, etc).","enum":["Invalid","PreChatForm","Faq","OfflineForm","InQueue","CustomerLast","UserLast","Finished","Deleted","Closed","RequestPosted","ClosedFromQueue"],"type":"string"},"FirstMessage":{"description":"A copy of the first message in the chat session","type":"string"},"LastMessage":{"description":"A copy of the last message in the chat session","type":"string"},"WhenRequested":{"format":"date-time","description":"When the session was requested by the customer.","type":"string"},"WhenStarted":{"format":"date-time","description":"When the session was accepted by a user.","type":"string"},"WhenEnded":{"format":"date-time","description":"When the session was ended.","type":"string"},"WhenIdle":{"format":"date-time","description":"The last time anyone sent a message for this session.","type":"string"},"WhenFetched":{"format":"date-time","description":"The last time the customer&amp;apos;s client refetched the data. Used to detect &amp;apos;dead&amp;apos; session.","type":"string"},"SessionKey":{"description":"Key used to authenticate the session.","type":"string"},"InitialQueuePos":{"format":"int32","description":"The initial queue pos (i.e. the number of pending sessions + 1) when the session was requested.","type":"integer"},"AlertLevel":{"format":"int32","description":"The alert level for this chat session.","type":"integer"},"Rank":{"format":"int32","description":"Lowest possible unique number for active sessions for user. User for color index. Starting at 1.","type":"integer"},"Flags":{"description":"Various flags for the chat session","enum":["CustomerIsTyping","UserIsTyping"],"type":"string"},"Contact":{"$ref":"#/definitions/SuperOffice.CRM.Services.Contact","description":"Contact this session is connected to - could be empty if we don't know exactly."},"Project":{"$ref":"#/definitions/SuperOffice.CRM.Services.Project","description":"Project the session is connectedto - could be empty if we don't know exactly."},"Sale":{"$ref":"#/definitions/SuperOffice.CRM.Services.Sale","description":"Sale the session is connected to - could be empty if we don't know exactly."},"Ticket":{"$ref":"#/definitions/SuperOffice.CRM.Services.Ticket","description":"Ticket the session is connected to - could be empty if we don't know exactly."},"TransferTo":{"$ref":"#/definitions/SuperOffice.CRM.Services.Associate","description":"User agent that has a pending transfer of the chat session"},"ChatbotIsActive":{"description":"Indicates that a chatbot is active on the session. This will cause bot triggers to fire. Set to 0 when bot hands off to user.","type":"boolean"},"Rating":{"format":"int32","description":"Rating of this chat conversation given by the customer","type":"integer"},"TableRight":{"$ref":"#/definitions/SuperOffice.CRM.Security.TableRight","description":"The carrier's table right"},"FieldProperties":{"description":"Field property dictionary mapping field names to field access rights.","type":"object","additionalProperties":{"$ref":"#/definitions/SuperOffice.CRM.Security.FieldProperty"}}}},"SuperOffice.CRM.Services.Associate":{"description":"Carrier object for Associate.\r\nServices for the Associate Carrier is available from the <see cref=\"T:SuperOffice.CRM.Services.IAssociateAgent\">Associate Agent</see>.","type":"object","properties":{"AssociateId":{"format":"int32","description":"Primary key","type":"integer"},"Name":{"description":"Initials, also login name, possibly database user name","type":"string"},"PersonId":{"format":"int32","description":"Owning person record \r\n<para>Use MDO List name \"person\" to get list items.</para>","type":"integer"},"Rank":{"format":"int32","description":"Rank order","type":"integer"},"Tooltip":{"description":"Tooltip or other description","type":"string"},"Type":{"description":"User type - 1 = internal user, 2 = resource, 3 = external user, 4 = anonymous, 5 = system","enum":["Unknown","InternalAssociate","ResourceAssociate","ExternalAssociate","AnonymousAssociate","SystemAssociate"],"type":"string"},"GroupIdx":{"format":"int32","description":"Primary group membership, see UserGroupLink for secondary memberships","type":"integer"},"FullName":{"description":"The associate's culture formatted fullname (firstname, middleName and lastname)","type":"string"},"FormalName":{"description":"The associate's culture formatted formalname (firstname, middleName and lastname, title, mrmrs)","type":"string"},"Deleted":{"description":"If true, the user is retired and should have no rights, not appear in lists, etc.","type":"boolean"},"EjUserId":{"format":"int32","description":"ID of the ej user record corresponding to this associate; 0 for associates that are not ej users","type":"integer"},"UserName":{"description":"User name","type":"string"},"ExtraFields":{"description":"Deprecated: Use {SuperOffice.CRM.Services.Associate.CustomFields} instead.\r\nExtra fields added to the carrier. This could be data from Plug-ins, the foreign key system, external applications, etc.","type":"object","additionalProperties":{"type":"string"}},"CustomFields":{"description":"Udef + Extra fields added to the carrier. Extra fields as defined by changes to database schema + user-defined fields as defined by admin.\r\nCustom fields combines user defined fields and extra fields into one bucket. \r\nThe individual {SuperOffice.CRM.Services.Associate.ExtraFields} and <see cref=\"!:UserDefinedFields\">UserDefinedFields</see> properties are deprecated in favor of this\r\ncombined collection.","type":"object","additionalProperties":{"type":"string"}},"TableRight":{"$ref":"#/definitions/SuperOffice.CRM.Security.TableRight","description":"The carrier's table right"},"FieldProperties":{"description":"Field property dictionary mapping field names to field access rights.","type":"object","additionalProperties":{"$ref":"#/definitions/SuperOffice.CRM.Security.FieldProperty"}}}},"SuperOffice.CRM.Security.TableRight":{"description":"Wraps a table right together with an explanatory reason.\r\nCode can indicate why access is restricted.","type":"object","properties":{"Mask":{"type":"string"},"Reason":{"type":"string"}}},"SuperOffice.CRM.Security.FieldProperty":{"description":"Class holding properties like field length, field type about a field in the carrier.","type":"object","properties":{"FieldRight":{"$ref":"#/definitions/SuperOffice.CRM.Security.FieldRight"},"FieldType":{"type":"string"},"FieldLength":{"format":"int32","description":"","type":"integer"}}},"SuperOffice.CRM.Security.FieldRight":{"description":"Wraps the field right together with an explanatory reason.\r\nAlso adds logical operators to the field rights so that they can be easily combined.","type":"object","properties":{"Mask":{"type":"string"},"Reason":{"type":"string"}}},"SuperOffice.CRM.Services.Person":{"description":"Carrier object for Person.\r\nServices for the Person Carrier is available from the <see cref=\"T:SuperOffice.CRM.Services.IPersonAgent\">Person Agent</see>.","type":"object","properties":{"Position":{"description":"The position. This is a predefined SuperOffice value, different from Title","type":"string"},"PersonId":{"format":"int32","description":"Primary key","type":"integer"},"Mrmrs":{"description":"e.g. Mrs   sex_title","type":"string"},"Firstname":{"description":"First name","type":"string"},"Lastname":{"description":"Last name","type":"string"},"MiddleName":{"description":"Middle name or 'van' etc.","type":"string"},"Title":{"description":"Title","type":"string"},"Description":{"description":"Info text/description on person.","type":"string"},"Email":{"description":"First email on contact person.","type":"string"},"FullName":{"description":"Get the persons full name (internal name used in clients for employees).","type":"string"},"DirectPhone":{"description":"Returns the direct phone that belong to the contact person.","type":"string"},"FormalName":{"description":"Get formal name for a person, as used in labels. (Full name + person title + academic title)","type":"string"},"CountryId":{"format":"int32","description":"Country","type":"integer"},"ContactId":{"format":"int32","description":"Owning contact ID","type":"integer"},"ContactName":{"description":"The persons company name","type":"string"},"Retired":{"format":"int32","description":"1 = the user is retired and should have no rights, not appear in lists, etc.","type":"integer"},"Rank":{"format":"int32","description":"Display sort sequence for default sort order","type":"integer"},"ActiveInterests":{"format":"int32","description":"Number of records in pintr table; select count(*) from pintr pi where pi.person_id = this.person_id == activeInterests is always true","type":"integer"},"ContactDepartment":{"description":"The persons contact department","type":"string"},"ContactCountryId":{"format":"int32","description":"The persons contact country id","type":"integer"},"ContactOrgNr":{"description":"The persons contact organization number","type":"string"},"FaxPhone":{"description":"Returns the fax phone that belong to the contact person.","type":"string"},"MobilePhone":{"description":"Returns the mobile phone that belong to the contact person.","type":"string"},"ContactPhone":{"description":"Returns the direct phone that belong to the persons contact.","type":"string"},"AssociateName":{"description":"Name of the person's owner","type":"string"},"AssociateId":{"format":"int32","description":"Id of the item's owner (Associate id)","type":"integer"},"UsePersonAddress":{"description":"If 1, use person's address for mailing instead of company address","type":"boolean"},"ContactFax":{"description":"Actual phone number as eneterd by the user","type":"string"},"Kanafname":{"description":"Kana first name, used in Japanese versions only","type":"string"},"Kanalname":{"description":"Kana last name, used in Japanese versions only","type":"string"},"Post1":{"description":"Postal address, used in Japanese versions only","type":"string"},"Post2":{"description":"Postal address, used in Japanese versions only","type":"string"},"Post3":{"description":"Postal address, used in Japanese versions only","type":"string"},"EmailName":{"description":"E-mail description","type":"string"},"ContactFullName":{"description":"Company full name + department","type":"string"},"ActiveErpLinks":{"format":"int32","description":"How many active ERP links are there for this person?","type":"integer"},"TicketPriorityId":{"format":"int32","description":"Ticket priority ID","type":"integer"},"SupportLanguageId":{"format":"int32","description":"Support priority ID","type":"integer"},"SupportAssociateId":{"format":"int32","description":"Our support contact for this person","type":"integer"},"CategoryName":{"description":"The category list item name","type":"string"},"PersonNumber":{"description":"Alphanumeric user field","type":"string"},"TableRight":{"$ref":"#/definitions/SuperOffice.CRM.Security.TableRight","description":"The carrier's table right"},"FieldProperties":{"description":"Field property dictionary mapping field names to field access rights.","type":"object","additionalProperties":{"$ref":"#/definitions/SuperOffice.CRM.Security.FieldProperty"}}}},"SuperOffice.CRM.Services.Contact":{"description":"Carrier object for Contact.\r\nServices for the Contact Carrier is available from the <see cref=\"T:SuperOffice.CRM.Services.IContactAgent\">Contact Agent</see>.","type":"object","properties":{"ContactId":{"format":"int32","description":"Primary key","type":"integer"},"Name":{"description":"Contact name","type":"string"},"OrgNr":{"description":"VAT number or similar","type":"string"},"Department":{"description":"Department","type":"string"},"URL":{"description":"The internet address to this contact","type":"string"},"City":{"description":"City corresponding to zip code","type":"string"},"DirectPhone":{"description":"The contacts phone","type":"string"},"AssociateId":{"format":"int32","description":"Our contact","type":"integer"},"CountryId":{"format":"int32","description":"Country","type":"integer"},"EmailAddress":{"description":"The contact email address","type":"string"},"Kananame":{"description":"Contact kana name, used in Japanese versions only","type":"string"},"EmailAddressName":{"description":"Visible field","type":"string"},"URLName":{"description":"Visible field","type":"string"},"AssociateFullName":{"description":"The associate's culture formatted fullname (firstname, middleName and lastname)","type":"string"},"BusinessName":{"description":"The business list item name","type":"string"},"CategoryName":{"description":"The category list item name","type":"string"},"CountryName":{"description":"Name of country in installed language","type":"string"},"Address":{"$ref":"#/definitions/SuperOffice.CRM.Services.Address","description":"Contact address as  a list of LocalizedFieldList objects. Used to store localized information such as formatted address data. Suitable for passing to an address control for display."},"FormattedAddress":{"description":"The contact's address, formatted with linebreaks and spaces into a single string.","type":"string"},"FullName":{"description":"","type":"string"},"IsOwnerContact":{"description":"Is the contact an owner contact.  This means that all persons on this contact can on only be internal users and not external users.","type":"boolean"},"ActiveErpLinks":{"format":"int32","description":"The number of active erp links","type":"integer"},"Number1":{"description":"Alphanumeric user field","type":"string"},"Number2":{"description":"Alphanumeric user field","type":"string"},"TableRight":{"$ref":"#/definitions/SuperOffice.CRM.Security.TableRight","description":"The carrier's table right"},"FieldProperties":{"description":"Field property dictionary mapping field names to field access rights.","type":"object","additionalProperties":{"$ref":"#/definitions/SuperOffice.CRM.Security.FieldProperty"}}}},"SuperOffice.CRM.Services.Address":{"description":"Street and/or Postal address, in both formatted and structured forms. You only need to modify one of the two for the change to be registered.\r\n<para />\r\nCarrier object for Address.","type":"object","properties":{"Wgs84Latitude":{"format":"double","description":"Latitude (that's north/south), decimal degrees, relative to WGS 84 ellipsoid. SuperOffice ASA is at 59.91892. This value needs no further grid reference or other qualifying information.","type":"number"},"Wgs84Longitude":{"format":"double","description":"Longitude (that's East/west), decimal degrees, relative to WGS 84 ellipsoid. SuperOffice ASA is at 10.73159. This value needs no further grid reference or other qualifying information.","type":"number"},"LocalizedAddress":{"description":"LocalizedFieldArray is a list of LocalizedFieldList objects. Used to store localized information such as formatted address data.","type":"array","items":{"type":"array","items":{"$ref":"#/definitions/SuperOffice.CRM.Services.LocalizedField"}}},"Street":{"$ref":"#/definitions/SuperOffice.CRM.Services.StructuredAddress","description":"Street address (company street, person address, delivery address). LocalizedAddress changes override this property, so you do not have to change both Localized and this."},"Postal":{"$ref":"#/definitions/SuperOffice.CRM.Services.StructuredAddress","description":"Postal address (company postal, billing address). LocalizedAddress changes override this property, so you do not have to change both Localized and this."},"Formatted":{"description":"Read-only formatted address multi-line string. Combines street and postal into one string. e.g.: &lt;c&gt;\"Postboks 123,\\nBrugata 123,\\n1234 OSLO\\n\"&lt;/c&gt; or &lt;c&gt;\"Postbox 123,\\nBridgelane 123,\\nWest Tooting,\\nEast Shire ES2 W31\\n\"&lt;/c&gt;.","type":"string"},"TableRight":{"$ref":"#/definitions/SuperOffice.CRM.Security.TableRight","description":"The carrier's table right"},"FieldProperties":{"description":"Field property dictionary mapping field names to field access rights.","type":"object","additionalProperties":{"$ref":"#/definitions/SuperOffice.CRM.Security.FieldProperty"}}}},"SuperOffice.CRM.Services.LocalizedField":{"description":"LocalizedField is used to store localized information such as formatted address data, a formatted phone number, etc.\r\n<para />\r\nCarrier object for LocalizedField.","type":"object","properties":{"Name":{"description":"Name of the value field","type":"string"},"Value":{"description":"The field's value","type":"string"},"Tooltip":{"description":"The tooltip","type":"string"},"Label":{"description":"The label of the field","type":"string"},"ValueLength":{"format":"int32","description":"Database length of the value","type":"integer"},"AddressType":{"description":"","type":"string"},"TableRight":{"$ref":"#/definitions/SuperOffice.CRM.Security.TableRight","description":"The carrier's table right"},"FieldProperties":{"description":"Field property dictionary mapping field names to field access rights.","type":"object","additionalProperties":{"$ref":"#/definitions/SuperOffice.CRM.Security.FieldProperty"}}}},"SuperOffice.CRM.Services.StructuredAddress":{"description":"Address with structured fields (Address1, City, Zip) - does not vary its layout by country, unliked the formatted address.\r\n<para />\r\nCarrier object for StructuredAddress.","type":"object","properties":{"AtypeIdx":{"description":"Bit mask, combines address type (EAddressType) and owner type (EOwnerType)","enum":["Unknown","ContactPostalAddress","ContactStreetAddress","PersonPrivateAddress","QuoteBillingAddress","QuoteShippingAddress"],"type":"string"},"Address1":{"description":"Address line 1","type":"string"},"Address2":{"description":"Address line 2","type":"string"},"Address3":{"description":"Address line 3","type":"string"},"City":{"description":"City corresponding to zip code","type":"string"},"County":{"description":"County (not country)","type":"string"},"State":{"description":"State","type":"string"},"Zipcode":{"description":"Zip code, alphanumeric","type":"string"},"Formatted":{"description":"Read-only formatted address multi-line string. e.g.: &lt;c&gt;\"Brugata 123,\\n1234 OSLO\\n\"&lt;/c&gt; or &lt;c&gt;\"Bridgelane 123,\\nWest Tooting,\\nThe Shire ES2 W31\\n\"&lt;/c&gt;.","type":"string"}}},"SuperOffice.CRM.Services.Project":{"description":"Carrier object for Project.\r\nServices for the Project Carrier is available from the <see cref=\"T:SuperOffice.CRM.Services.IProjectAgent\">Project Agent</see>.","type":"object","properties":{"ProjectId":{"format":"int32","description":"Primary key","type":"integer"},"Name":{"description":"Project name","type":"string"},"Description":{"description":"The projects description","type":"string"},"URL":{"description":"URL address","type":"string"},"Type":{"description":"The project type.","type":"string"},"AssociateId":{"format":"int32","description":"The project owner id (associate id)","type":"integer"},"AssociateFullName":{"description":"The project owner","type":"string"},"TypeId":{"format":"int32","description":"","type":"integer"},"Updated":{"format":"date-time","description":"Last updated date  in UTC.","type":"string"},"StatusId":{"format":"int32","description":"The projects status id","type":"integer"},"Status":{"description":"The projects status","type":"string"},"TextId":{"format":"int32","description":"The id of the description","type":"integer"},"PublishTo":{"format":"date-time","description":"Publication valid to (inclusive)","type":"string"},"PublishFrom":{"format":"date-time","description":"Publication valid from (inclusive)","type":"string"},"IsPublished":{"description":"","type":"boolean"},"URLName":{"description":"Visible field","type":"string"},"ProjectNumber":{"description":"Automatically generated number","type":"string"},"ActiveErpLinks":{"format":"int32","description":"The number of active erp links","type":"integer"},"TableRight":{"$ref":"#/definitions/SuperOffice.CRM.Security.TableRight","description":"The carrier's table right"},"FieldProperties":{"description":"Field property dictionary mapping field names to field access rights.","type":"object","additionalProperties":{"$ref":"#/definitions/SuperOffice.CRM.Security.FieldProperty"}}}},"SuperOffice.CRM.Services.Sale":{"description":"Carrier object for Sale.\r\nServices for the Sale Carrier is available from the <see cref=\"T:SuperOffice.CRM.Services.ISaleAgent\">Sale Agent</see>.","type":"object","properties":{"ContactName":{"description":"Contact name","type":"string"},"SaleDate":{"format":"date-time","description":"(expected / lost / won) sales date","type":"string"},"SaleId":{"format":"int32","description":"Primary key","type":"integer"},"Probability":{"format":"int32","description":"Actual probability, may differ from the one in the list","type":"integer"},"Title":{"description":"Sale heading (short description?)","type":"string"},"Amount":{"format":"double","description":"Total sale amount","type":"number"},"Currency":{"description":"Currency the sale was made in.","type":"string"},"ProjectName":{"description":"Project name","type":"string"},"AssociateFullName":{"description":"The sale's owner","type":"string"},"Description":{"description":"The sales description","type":"string"},"Status":{"description":"The sale's status, indicating wether the sale is open, sold or lost.","enum":["Unknown","Open","Sold","Lost","Stalled","SaintAll"],"type":"string"},"WeightedAmount":{"format":"double","description":"The weighted amount ( amount *  probability / 100)","type":"number"},"ProjectId":{"format":"int32","description":"Optional project reference","type":"integer"},"EarningPercent":{"format":"double","description":"Earning as percent of total","type":"number"},"Earning":{"format":"double","description":"Earning on sale","type":"number"},"ContactId":{"format":"int32","description":"Optional contact reference","type":"integer"},"AssociateId":{"format":"int32","description":"The sale's owner id","type":"integer"},"PersonId":{"format":"int32","description":"The sale's contact persons id","type":"integer"},"SaleTypeId":{"format":"int32","description":"The sale's type id","type":"integer"},"SaleTypeName":{"description":"The sale's type name","type":"string"},"PersonFullName":{"description":"The name of the person this sale belongs to.","type":"string"},"Completed":{"description":"The Sale completed state. The completed state is either Started or Completed. NotStarted is treated as Started. The value maps to the Done database field.","enum":["Unknown","NotStarted","Started","Completed"],"type":"string"},"ActiveErpLinks":{"format":"int32","description":"The number of active erp links","type":"integer"},"NextDueDate":{"format":"date-time","description":"Next due date, this is a denormalization of 'closest future activity date, or most recent if no future activities'. Maintained by the system, but very convenient for searching.","type":"string"},"Number":{"description":"Alphanumeric user field","type":"string"},"TableRight":{"$ref":"#/definitions/SuperOffice.CRM.Security.TableRight","description":"The carrier's table right"},"FieldProperties":{"description":"Field property dictionary mapping field names to field access rights.","type":"object","additionalProperties":{"$ref":"#/definitions/SuperOffice.CRM.Security.FieldProperty"}}}},"SuperOffice.CRM.Services.Ticket":{"description":"The ticket carrier is used for representing a service request.\r\n<para />\r\nCarrier object for Ticket.\r\nServices for the Ticket Carrier is available from the <see cref=\"T:SuperOffice.CRM.Services.ITicketAgent\">Ticket Agent</see>.","type":"object","properties":{"TicketId":{"format":"int32","description":"The primary key (auto-incremented)","type":"integer"},"Title":{"description":"The title of the ticket.","type":"string"},"CreatedAt":{"format":"date-time","description":"When the ticket was created.","type":"string"},"LastChanged":{"format":"date-time","description":"The last time the ticket was modified.","type":"string"},"ReadByOwner":{"format":"date-time","description":"The datetime for when the ticket last was read by the owner.","type":"string"},"ReadByCustomer":{"format":"date-time","description":"The datetime for when the ticket was read by the customer.","type":"string"},"FirstReadByUser":{"format":"date-time","description":"The datetime for when the ticket first was read by a user.","type":"string"},"Activate":{"format":"date-time","description":"When the ticket should be activated, if it is postponed.","type":"string"},"ClosedAt":{"format":"date-time","description":"When the ticket was closed.","type":"string"},"RepliedAt":{"format":"date-time","description":"The datetime for when the ticket was replied to. I.e. the first external message added to the ticket.","type":"string"},"AlertTimeout":{"format":"date-time","description":"The datetime for when the ticket should jump to the next alert_level.","type":"string"},"Deadline":{"format":"date-time","description":"Deadline for ticket.","type":"string"},"CreatedBy":{"format":"int32","description":"The id of the user who created the ticket. 1 (system user) if the ticket was created externally","type":"integer"},"CreatedByName":{"description":"Initials, also login name, possibly database user name","type":"string"},"Author":{"description":"A string representing the author of the ticket (same as author of first message).","type":"string"},"OwnedBy":{"format":"int32","description":"The id of the user who owns the ticket. 1 (system user) if the ticket is unassigned.","type":"integer"},"OwnedByName":{"description":"Initials, also login name, possibly database user name","type":"string"},"Category":{"format":"int32","description":"The id of the category a ticket is in.","type":"integer"},"CategoryName":{"description":"The (short) name of this category. E.g. &amp;apos;support&amp;apos;.","type":"string"},"CategoryFullname":{"description":"The fullname (compiled from parents&amp;apos; names) for this category. E.g. &amp;apos;norway/product A/support&amp;apos;.","type":"string"},"Slevel":{"description":"The securitylevel of the ticket.","enum":["Unknown","Internal","External"],"type":"string"},"Priority":{"format":"int32","description":"The reference to the ticket_priority table.","type":"integer"},"PriorityName":{"description":"The name of the priority.","type":"string"},"BaseStatus":{"description":"The status of the ticket. I.e. active/closed/postponed/deleted","enum":["Unknown","Active","Closed","Postponed","Deleted","Merged","PostponedSpecific","Postponed1Hour","Postponed2Hours","Postponed3Hours","Postponed4Hours","PostponedDay","PostponedWeek","PostponedMonth"],"type":"string"},"TicketStatus":{"format":"int32","description":"User defined ticket status","type":"integer"},"TicketStatusDisplayValue":{"description":"Get the display name of the ticket status.","type":"string"},"Origin":{"description":"What is the origin of this ticket","enum":["Unknown","Email","SMS","Fax","Phone","Facebook","Twitter","Internal","CustomerCentre","EMarketing","AutoGenerated","Chat","Form"],"type":"string"},"CustId":{"format":"int32","description":"The reference to the customer. NULL or -1 if ticket is not connected to customer.","type":"integer"},"PersonFirstname":{"description":"First name","type":"string"},"PersonMiddleName":{"description":"Middle name or 'van' etc.","type":"string"},"PersonLastname":{"description":"Last name","type":"string"},"PersonFullname":{"description":"Get the full name for the primary person (customer)","type":"string"},"AlertLevel":{"format":"int32","description":"The alert level for the ticket. Matches the level value of the ticket_alert table.","type":"integer"},"ConnectId":{"format":"int32","description":"If a ticket is connected to another ticket, this field is set to the id of the &amp;apos;master&amp;apos; ticket.","type":"integer"},"ReadStatus":{"description":"Whether the owner has read the ticket or not (red, yellow, green).","enum":["Unknown","Green","Yellow","Red"],"type":"string"},"TimeToReply":{"format":"int32","description":"The time (minutes) between when the ticket was created and when it was replied to. Calculated based on priority&amp;apos;s timeframe.","type":"integer"},"RealTimeToReply":{"format":"int32","description":"Same as time_to_reply, but not calculated based on priority.","type":"integer"},"TimeToClose":{"format":"int32","description":"The time (minutes) between when the ticket was created and when it was closed. Calculated based on priority&amp;apos;s timeframe.","type":"integer"},"RealTimeToClose":{"format":"int32","description":"Same as time_to_close, but not calculated based on priority.","type":"integer"},"TimeSpentInternally":{"format":"int32","description":"The total time (seconds) within the priority's office hours the ticket has been in an open status (configurable), not including current state","type":"integer"},"TimeSpentExternally":{"format":"int32","description":"The total time (seconds) within the priority's office hours the ticket has been in a external waiting status (configurable), not including current state","type":"integer"},"TimeSpentQueue":{"format":"int32","description":"The total time (seconds) within the priority's office hours the ticket has been in a queue status, not including current state","type":"integer"},"RealTimeSpentInternally":{"format":"int32","description":"The total time (seconds) within 24x7 the ticket has been in an open status (configurable), not including current state","type":"integer"},"RealTimeSpentExternally":{"format":"int32","description":"The total time (seconds) within 24x7 the ticket has been in a external waiting status (configurable), not including current state","type":"integer"},"RealTimeSpentQueue":{"format":"int32","description":"The total time (seconds) within 24x7 hours the ticket has been in a queue status, not including current state","type":"integer"},"TimeSpent":{"format":"int32","description":"The total time (minutes). Aggregated time spent from ticket&amp;apos;s messages. Read-only for external use.","type":"integer"},"HasAttachment":{"description":"Boolean indicating if this ticket has one or more attachments.","type":"boolean"},"NumReplies":{"format":"int32","description":"The number of replies (messages) to the customer for this request.","type":"integer"},"NumMessages":{"format":"int32","description":"The total number of messages for this request.","type":"integer"},"FromAddress":{"description":"The from-address used when this ticket got created, e.g. by email","type":"string"},"ContactId":{"format":"int32","description":"The company of the person in the cust_id field, if that person belongs to a company","type":"integer"},"ContactName":{"description":"The name of the connected contact","type":"string"},"OwnedByAssociateId":{"format":"int32","description":"The associate id of the owner of the ticket.","type":"integer"},"Language":{"description":"The language of the first external message","type":"string"},"Sentiment":{"format":"int32","description":"The sentiment index of the last external message","type":"integer"},"SentimentConfidence":{"format":"int32","description":"The sentiment confidence of the last external message","type":"integer"},"SaleId":{"format":"int32","description":"Reference to sale table","type":"integer"},"ProjectId":{"format":"int32","description":"Reference to project table","type":"integer"},"SaleHeading":{"description":"The heading of the connected sale","type":"string"},"ProjectName":{"description":"The name of the connected project","type":"string"},"FormSubmissionId":{"format":"int32","description":"If this ticket was created from a form submission, this field will point to that record","type":"integer"},"TicketTypeId":{"format":"int32","description":"The id of the Request Type","type":"integer"},"TicketTypeName":{"description":"The name of the Request Type","type":"string"},"TableRight":{"$ref":"#/definitions/SuperOffice.CRM.Security.TableRight","description":"The carrier's table right"},"FieldProperties":{"description":"Field property dictionary mapping field names to field access rights.","type":"object","additionalProperties":{"$ref":"#/definitions/SuperOffice.CRM.Security.FieldProperty"}}}},"SuperOffice.Services.WebApi.OData.ODataSlimResponse":{"description":"Easy to use archive results - just a flat list of values.","type":"object","properties":{"odata.metadata":{"type":"string"},"odata.nextLink":{"type":"string"},"value":{"type":"array","items":{"type":"object","additionalProperties":{"type":"object"}}}}},"SuperOffice.WebApi.v1.Carriers.ChatCarriers.ChatSessionEntityWithLinks":{"description":"Chat sessions belong to a chat topic, and contain messages to/from users\r\n<para />\r\nChatSessionEntity entity with API _Links added.","type":"object","properties":{"ChatSessionId":{"format":"int32","description":"The primary key (auto-incremented)","type":"integer"},"TopicId":{"format":"int32","description":"The reference to the associated chat topic.","type":"integer"},"User":{"$ref":"#/definitions/SuperOffice.CRM.Services.Associate","description":"User agent handling this session"},"Person":{"$ref":"#/definitions/SuperOffice.CRM.Services.Person","description":"Customer person in this session - could be empty if we don't know exactly."},"CustomerAlias":{"description":"The alias for the customer.","type":"string"},"CustomerHost":{"description":"The hostname or IP address for the customer.","type":"string"},"CustomerName":{"description":"The name of customer, if provided","type":"string"},"CustomerEmail":{"description":"The email address of the customer, if provided","type":"string"},"CustomerPhone":{"description":"The phone number of the customer, if provided","type":"string"},"CustomerConsented":{"description":"The customer consented when starting the session","type":"boolean"},"CustomerCompanyName":{"description":"The name of the customers company, if provided","type":"string"},"Status":{"description":"Enum indicating the status for the session (pending, active, closed, etc).","enum":["Invalid","PreChatForm","Faq","OfflineForm","InQueue","CustomerLast","UserLast","Finished","Deleted","Closed","RequestPosted","ClosedFromQueue"],"type":"string"},"FirstMessage":{"description":"A copy of the first message in the chat session","type":"string"},"LastMessage":{"description":"A copy of the last message in the chat session","type":"string"},"WhenRequested":{"format":"date-time","description":"When the session was requested by the customer.","type":"string"},"WhenStarted":{"format":"date-time","description":"When the session was accepted by a user.","type":"string"},"WhenEnded":{"format":"date-time","description":"When the session was ended.","type":"string"},"WhenIdle":{"format":"date-time","description":"The last time anyone sent a message for this session.","type":"string"},"WhenFetched":{"format":"date-time","description":"The last time the customer&amp;apos;s client refetched the data. Used to detect &amp;apos;dead&amp;apos; session.","type":"string"},"SessionKey":{"description":"Key used to authenticate the session.","type":"string"},"InitialQueuePos":{"format":"int32","description":"The initial queue pos (i.e. the number of pending sessions + 1) when the session was requested.","type":"integer"},"AlertLevel":{"format":"int32","description":"The alert level for this chat session.","type":"integer"},"Rank":{"format":"int32","description":"Lowest possible unique number for active sessions for user. User for color index. Starting at 1.","type":"integer"},"Flags":{"description":"Various flags for the chat session","enum":["CustomerIsTyping","UserIsTyping"],"type":"string"},"Contact":{"$ref":"#/definitions/SuperOffice.CRM.Services.Contact","description":"Contact this session is connected to - could be empty if we don't know exactly."},"Project":{"$ref":"#/definitions/SuperOffice.CRM.Services.Project","description":"Project the session is connectedto - could be empty if we don't know exactly."},"Sale":{"$ref":"#/definitions/SuperOffice.CRM.Services.Sale","description":"Sale the session is connected to - could be empty if we don't know exactly."},"Ticket":{"$ref":"#/definitions/SuperOffice.CRM.Services.Ticket","description":"Ticket the session is connected to - could be empty if we don't know exactly."},"TransferTo":{"$ref":"#/definitions/SuperOffice.CRM.Services.Associate","description":"User agent that has a pending transfer of the chat session"},"ChatbotIsActive":{"description":"Indicates that a chatbot is active on the session. This will cause bot triggers to fire. Set to 0 when bot hands off to user.","type":"boolean"},"Rating":{"format":"int32","description":"Rating of this chat conversation given by the customer","type":"integer"},"TableRight":{"$ref":"#/definitions/SuperOffice.CRM.Security.TableRight","description":"The carrier's table right"},"FieldProperties":{"description":"Field property dictionary mapping field names to field access rights.","type":"object","additionalProperties":{"$ref":"#/definitions/SuperOffice.CRM.Security.FieldProperty"}},"_Links":{"type":"object","additionalProperties":{"type":"string"}}}},"SuperOffice.CRM.Services.ChatMessage":{"description":"A message in a chat session\r\n<para />\r\nCarrier object for ChatMessage.\r\nServices for the ChatMessage Carrier is available from the <see cref=\"T:SuperOffice.CRM.Services.IChatAgent\">Chat Agent</see>.","type":"object","properties":{"ChatMessageId":{"format":"int32","description":"The primary key (auto-incremented)","type":"integer"},"ChatSessionId":{"format":"int32","description":"The reference to the associated chat session.","type":"integer"},"Type":{"description":"The type of the message.","enum":["Invalid","ToCustomer","ToUser","Special"],"type":"string"},"Message":{"description":"The message.","type":"string"},"Author":{"description":"The author of the message.","type":"string"},"ReadByCustomer":{"format":"int32","description":"Whether the message has been read by the customer or not.","type":"integer"},"SpecialType":{"description":"Enum indicating if it is a special message, such as an URL redirection, etc.","enum":["None","Welcome","Url","Block","NewSession","TransferedSession","Error","SessionDeleted","FaqSuccessQuestion","ClosedByUser","ClosedByCustomer","ClosedByIdle","TransferRejected","ReopenedByCustomer","ClickedOption","BotMessage","Options","IllegalFileType"],"type":"string"},"SpecialParam":{"description":"Special parameter for the special_type.","type":"string"},"WhenPosted":{"format":"date-time","description":"When the message was posted (UTC timestamp).","type":"string"}}}},"securityDefinitions":{"SuperOffice Password":{"type":"basic","description":"SuperOffice username:password are passed in Base64-encoded. \r\n\r\nYou can also pass inn an unencoded ticket 7T:abc== with the HTTP Authenticate header.\r\n"},"SuperId Authentication":{"type":"oauth2","description":"SuperOffice SuperId OAuth implicit flow. \r\nYou need to issue a request to the SuperId authorization URL\r\n    https://online.superoffice.com/login/common/oauth/authorize?response_type=token\r\n      &client_id=670734e0-4c5a-11e3-be9e-a171392e81db\r\n      &redirect_uri=https://example.com/spa/\r\n\r\npassing in the application id and redirect URL.\r\n\r\nSuperId will log the user in, and redirect to the requested redirect URL with a #payload\r\ncontaining the access token and claims. (The redirect URL must be registered with SuperId in advance)\r\n\r\n   https://example.com/spa#access_token=8A%3aCust12227.AXRrCITpPBvQX3UbIohb\r\n      &token_type=bearer\r\n      &state=\r\n      &expires_in=3600\r\n      &ctx=Cust12227\r\n      &netserver_url=https%3a%2f%2fsod.superoffice.com%2fCust12227%2fRemote%2fServices82%2f\r\n\r\nYou can take the #access_token value and pass it as the Authenticate HTTP header as a BEARER token.\r\n","flow":"implicit","authorizationUrl":"https://online.superoffice.com/login/common/oauth/authorize","scopes":{}}},"tags":[],"externalDocs":{"description":"The SuperOffice DevNet Community has more documentation, examples, and discussion forums.","url":"https://community.superoffice.com/en/developer/"}}