{"swagger":"2.0","info":{"version":"v1-REST","title":"SuperOffice REST API v1","description":"SuperOffice REST API - TimeZone","termsOfService":"You must be an authorized user to access this API.","contact":{"name":"SuperOffice DevNet","url":"https://docs.superoffice.com/en/api/index.html","email":"sdk@superoffice.com"}},"host":"localhost:51273","schemes":["http","https"],"paths":{"/api/v1/TimeZone":{"get":{"tags":["TimeZone"],"summary":"List of timezones","description":"Use with SO-TIMEZONE header to specify times.","operationId":"v1TimeZone_GetTimeZonesArchive","consumes":[],"produces":["application/json","text/json","application/xml","text/xml","application/json-patch+json","application/merge-patch+json"],"parameters":[{"name":"$select","in":"query","required":false,"type":"string"},{"name":"$filter","in":"query","required":false,"type":"string"},{"name":"$orderBy","in":"query","required":false,"type":"string"},{"name":"$entities","in":"query","required":false,"type":"string"},{"name":"$top","in":"query","required":false,"type":"integer","format":"int32"},{"name":"$skip","in":"query","required":false,"type":"integer","format":"int32"},{"name":"$mode","in":"query","required":false,"type":"string"},{"name":"$options","in":"query","required":false,"type":"string"},{"name":"$context","in":"query","required":false,"type":"string"},{"name":"$format","in":"query","required":false,"type":"string"},{"name":"Accept-Language","in":"header","description":"Convert string references and multi-language values into a specified language (iso2) code.","required":false,"type":"string"},{"name":"SO-Language","in":"header","description":"Convert string references and multi-language values into a specified language (iso2) code. Overrides Accept-Language value.","required":false,"type":"string"},{"name":"SO-Culture","in":"header","description":"Number, date formatting in a specified culture (iso2 language) code. Partially overrides SO-Language/Accept-Language value. Ignored if no Language set.","required":false,"type":"string"},{"name":"SO-TimeZone","in":"header","description":"Specify the timezone code that you would like date/time responses converted to.","required":false,"type":"string"},{"name":"SO-AppToken","in":"header","description":"The application token that identifies the partner app. Used when calling Online WebAPI from a server.","required":false,"type":"string"}],"responses":{"200":{"description":"OK","schema":{"$ref":"#/definitions/SuperOffice.Services.WebApi.OData.ODataSlimResponse"}}},"security":[{"SuperOffice Password":[],"SuperId Authentication":[]}]}},"/api/v1/TimeZone/base":{"get":{"tags":["TimeZone"],"summary":"Base Time Zone info.","description":"This is the time zone used internally for storing data.","operationId":"v1TimeZone_GetBaseTimeZone","consumes":[],"produces":["application/json","text/json","application/xml","text/xml","application/json-patch+json","application/merge-patch+json"],"parameters":[{"name":"Accept-Language","in":"header","description":"Convert string references and multi-language values into a specified language (iso2) code.","required":false,"type":"string"},{"name":"SO-Language","in":"header","description":"Convert string references and multi-language values into a specified language (iso2) code. Overrides Accept-Language value.","required":false,"type":"string"},{"name":"SO-Culture","in":"header","description":"Number, date formatting in a specified culture (iso2 language) code. Partially overrides SO-Language/Accept-Language value. Ignored if no Language set.","required":false,"type":"string"},{"name":"SO-TimeZone","in":"header","description":"Specify the timezone code that you would like date/time responses converted to.","required":false,"type":"string"},{"name":"SO-AppToken","in":"header","description":"The application token that identifies the partner app. Used when calling Online WebAPI from a server.","required":false,"type":"string"}],"responses":{"200":{"description":"OK","schema":{"$ref":"#/definitions/SuperOffice.CRM.TimeZoneData"}}},"security":[{"SuperOffice Password":[],"SuperId Authentication":[]}]}},"/api/v1/TimeZone/current":{"get":{"tags":["TimeZone"],"summary":"Base Time Zone info.","description":"This is the time zone used internally for storing data.","operationId":"v1TimeZone_GetCurrentTimeZone","consumes":[],"produces":["application/json","text/json","application/xml","text/xml","application/json-patch+json","application/merge-patch+json"],"parameters":[{"name":"Accept-Language","in":"header","description":"Convert string references and multi-language values into a specified language (iso2) code.","required":false,"type":"string"},{"name":"SO-Language","in":"header","description":"Convert string references and multi-language values into a specified language (iso2) code. Overrides Accept-Language value.","required":false,"type":"string"},{"name":"SO-Culture","in":"header","description":"Number, date formatting in a specified culture (iso2 language) code. Partially overrides SO-Language/Accept-Language value. Ignored if no Language set.","required":false,"type":"string"},{"name":"SO-TimeZone","in":"header","description":"Specify the timezone code that you would like date/time responses converted to.","required":false,"type":"string"},{"name":"SO-AppToken","in":"header","description":"The application token that identifies the partner app. Used when calling Online WebAPI from a server.","required":false,"type":"string"}],"responses":{"200":{"description":"OK","schema":{"$ref":"#/definitions/SuperOffice.CRM.TimeZoneData"}}},"security":[{"SuperOffice Password":[],"SuperId Authentication":[]}]}}},"definitions":{"SuperOffice.Services.WebApi.OData.ODataSlimResponse":{"description":"Easy to use archive results - just a flat list of values.","type":"object","properties":{"odata.metadata":{"type":"string"},"odata.nextLink":{"type":"string"},"value":{"type":"array","items":{"type":"object","additionalProperties":{"type":"object"}}}}},"SuperOffice.CRM.TimeZoneData":{"type":"object","properties":{"TZLocationID":{"format":"int32","description":"Timezone location ID - primary key.","type":"integer"},"Name":{"description":"Name associated with the location: Country name + region name, Norway, United States - Alaska","type":"string"},"TZLocationCode":{"description":"Code associated with location: UTC, AR-NQ, AU-QLD, PF2A\r\nNot the an ISO country code. Unique.","type":"string"},"TZLocationCities":{"description":"Cities associated with location: Oslo, London, Rio de Janeiro","type":"string"},"IsoNumber":{"format":"int32","description":"Country ISO code associated with location: 578","type":"integer"},"TimeZoneSTDRules":{"description":"Dictionary of standard rules","type":"object","additionalProperties":{"$ref":"#/definitions/SuperOffice.CRM.TimeZoneRule"}},"TimeZoneDSTRules":{"description":"Dictionary of Daylight saving time rules","type":"object","additionalProperties":{"$ref":"#/definitions/SuperOffice.CRM.TimeZoneRule"}}}},"SuperOffice.CRM.TimeZoneRule":{"type":"object","properties":{"StartDay":{"format":"int32","type":"integer"},"StartMonth":{"format":"int32","type":"integer"},"EndDay":{"format":"int32","type":"integer"},"EndMonth":{"format":"int32","type":"integer"},"TZOffset":{"format":"int32","type":"integer"},"StartRulePattern":{"type":"string"},"EndRulePattern":{"type":"string"}}}},"securityDefinitions":{"Password":{"type":"basic","description":"SuperOffice username:password are passed in Base64-encoded. \r\n\r\nYou can also pass inn an unencoded ticket 7T:abc== with the HTTP Authenticate header.\r\n"},"SuperId":{"type":"oauth2","description":"SuperOffice SuperId OAuth implicit flow. \r\nYou need to issue a request to the SuperId authorization URL\r\n    https://online.superoffice.com/login/common/oauth/authorize?response_type=token\r\n      &client_id=670734e0-4c5a-11e3-be9e-a171392e81db\r\n      &redirect_uri=https://example.com/spa/\r\n\r\npassing in the application id and redirect URL.\r\n\r\nSuperId will log the user in, and redirect to the requested redirect URL with a #payload\r\ncontaining the access token and claims. (The redirect URL must be registered with SuperId in advance)\r\n\r\n   https://example.com/spa#access_token=8A%3aCust12227.AXRrCITpPBvQX3UbIohb\r\n      &token_type=bearer\r\n      &state=\r\n      &expires_in=3600\r\n      &ctx=Cust12227\r\n      &netserver_url=https%3a%2f%2fsod.superoffice.com%2fCust12227%2fRemote%2fServices82%2f\r\n\r\nYou can take the #access_token value and pass it as the Authenticate HTTP header as a BEARER token.\r\n","flow":"implicit","authorizationUrl":"https://online.superoffice.com/login/common/oauth/authorize","scopes":{}}},"tags":[],"externalDocs":{"description":"The SuperOffice DevNet Community has more documentation, examples, and discussion forums.","url":"https://community.superoffice.com/en/developer/"}}