{"swagger":"2.0","info":{"version":"v1-REST","title":"SuperOffice REST API v1","description":"SuperOffice REST API - Attachment","termsOfService":"You must be an authorized user to access this API.","contact":{"name":"SuperOffice DevNet","url":"https://docs.superoffice.com/en/api/index.html","email":"sdk@superoffice.com"}},"host":"localhost:55929","schemes":["http","https"],"paths":{"/api/v1/Attachment/default":{"get":{"tags":["Attachment"],"summary":"Set default values into a new AttachmentEntity.","description":"NetServer calculates default values on the entity, which is required when creating/storing a new instance Calls the Ticket agent service CreateDefaultAttachmentEntity.\r\nNsApiSlow threshold: 5000 ms.","operationId":"v1AttachmentEntity_DefaultAttachmentEntity","consumes":[],"produces":["application/json","text/json","application/xml","text/xml","application/json-patch+json","application/merge-patch+json"],"parameters":[{"name":"Accept-Language","in":"header","description":"Convert string references and multi-language values into a specified language (iso2) code.","required":false,"type":"string"},{"name":"SO-Language","in":"header","description":"Convert string references and multi-language values into a specified language (iso2) code. Overrides Accept-Language value.","required":false,"type":"string"},{"name":"SO-Culture","in":"header","description":"Number, date formatting in a specified culture (iso2 language) code. Partially overrides SO-Language/Accept-Language value. Ignored if no Language set.","required":false,"type":"string"},{"name":"SO-TimeZone","in":"header","description":"Specify the timezone code that you would like date/time responses converted to.","required":false,"type":"string"},{"name":"SO-AppToken","in":"header","description":"The application token that identifies the partner app. Used when calling Online WebAPI from a server.","required":false,"type":"string"}],"responses":{"200":{"description":"OK","schema":{"$ref":"#/definitions/SuperOffice.CRM.Services.AttachmentEntity"}}},"security":[{"SuperOffice Password":[],"SuperId Authentication":[]}]}},"/api/v1/Attachment":{"post":{"tags":["Attachment"],"summary":"Creates a new AttachmentEntity","description":"Calls the Ticket agent service SaveAttachmentEntity.\r\nNsApiSlow threshold: 5000 ms.","operationId":"v1AttachmentEntity_PostAttachmentEntity","consumes":["application/json","text/json","application/xml","text/xml","application/x-www-form-urlencoded","application/json-patch+json","application/merge-patch+json"],"produces":["application/json","text/json","application/xml","text/xml","application/json-patch+json","application/merge-patch+json"],"parameters":[{"name":"newEntity","in":"body","description":"The AttachmentEntity to be saved.","required":true,"schema":{"$ref":"#/definitions/SuperOffice.CRM.Services.AttachmentEntity"}},{"name":"$select","in":"query","description":"Optional comma separated list of properties to include in the result. Other fields are then nulled out to reduce payload size: \"Name,department,category\" Default = show all fields.","required":false,"type":"string"},{"name":"Accept-Language","in":"header","description":"Convert string references and multi-language values into a specified language (iso2) code.","required":false,"type":"string"},{"name":"SO-Language","in":"header","description":"Convert string references and multi-language values into a specified language (iso2) code. Overrides Accept-Language value.","required":false,"type":"string"},{"name":"SO-Culture","in":"header","description":"Number, date formatting in a specified culture (iso2 language) code. Partially overrides SO-Language/Accept-Language value. Ignored if no Language set.","required":false,"type":"string"},{"name":"SO-TimeZone","in":"header","description":"Specify the timezone code that you would like date/time responses converted to.","required":false,"type":"string"},{"name":"SO-AppToken","in":"header","description":"The application token that identifies the partner app. Used when calling Online WebAPI from a server.","required":false,"type":"string"}],"responses":{"200":{"description":"OK","schema":{"$ref":"#/definitions/SuperOffice.WebApi.v1.Carriers.TicketCarriers.AttachmentEntityWithLinks"}}},"security":[{"SuperOffice Password":[],"SuperId Authentication":[]}]}},"/api/v1/Attachment/{id}":{"get":{"tags":["Attachment"],"summary":"Gets a AttachmentEntity object.","description":"Calls the Ticket agent service GetAttachmentEntity.\r\nNsApiSlow threshold: 5000 ms.","operationId":"v1AttachmentEntity_GetAttachmentEntity","consumes":[],"produces":["application/json","text/json","application/xml","text/xml","application/json-patch+json","application/merge-patch+json"],"parameters":[{"name":"id","in":"path","description":"The id of the AttachmentEntity to return.","required":true,"type":"integer","format":"int32"},{"name":"$select","in":"query","description":"Optional comma separated list of properties to include in the result. Other fields are then nulled out to reduce payload size: \"Name,department,category\" Default = show all fields.","required":false,"type":"string"},{"name":"Accept-Language","in":"header","description":"Convert string references and multi-language values into a specified language (iso2) code.","required":false,"type":"string"},{"name":"SO-Language","in":"header","description":"Convert string references and multi-language values into a specified language (iso2) code. Overrides Accept-Language value.","required":false,"type":"string"},{"name":"SO-Culture","in":"header","description":"Number, date formatting in a specified culture (iso2 language) code. Partially overrides SO-Language/Accept-Language value. Ignored if no Language set.","required":false,"type":"string"},{"name":"SO-TimeZone","in":"header","description":"Specify the timezone code that you would like date/time responses converted to.","required":false,"type":"string"},{"name":"SO-AppToken","in":"header","description":"The application token that identifies the partner app. Used when calling Online WebAPI from a server.","required":false,"type":"string"}],"responses":{"200":{"description":"AttachmentEntity found.","schema":{"$ref":"#/definitions/SuperOffice.WebApi.v1.Carriers.TicketCarriers.AttachmentEntityWithLinks"}},"404":{"description":"Not Found."}},"security":[{"SuperOffice Password":[],"SuperId Authentication":[]}]},"put":{"tags":["Attachment"],"summary":"Updates the existing AttachmentEntity","description":"NsApiSlow threshold: 5000 ms.","operationId":"v1AttachmentEntity_PutAttachmentEntity","consumes":["application/json","text/json","application/xml","text/xml","application/x-www-form-urlencoded","application/json-patch+json","application/merge-patch+json"],"produces":["application/json","text/json","application/xml","text/xml","application/json-patch+json","application/merge-patch+json"],"parameters":[{"name":"id","in":"path","description":"The AttachmentEntity id to update.","required":true,"type":"integer","format":"int32"},{"name":"entity","in":"body","description":"The AttachmentEntity to be saved.","required":true,"schema":{"$ref":"#/definitions/SuperOffice.CRM.Services.AttachmentEntity"}},{"name":"$select","in":"query","description":"Optional comma separated list of properties to include in the result. Other fields are then nulled out to reduce payload size: \"Name,department,category\" Default = show all fields.","required":false,"type":"string"},{"name":"Accept-Language","in":"header","description":"Convert string references and multi-language values into a specified language (iso2) code.","required":false,"type":"string"},{"name":"SO-Language","in":"header","description":"Convert string references and multi-language values into a specified language (iso2) code. Overrides Accept-Language value.","required":false,"type":"string"},{"name":"SO-Culture","in":"header","description":"Number, date formatting in a specified culture (iso2 language) code. Partially overrides SO-Language/Accept-Language value. Ignored if no Language set.","required":false,"type":"string"},{"name":"SO-TimeZone","in":"header","description":"Specify the timezone code that you would like date/time responses converted to.","required":false,"type":"string"},{"name":"SO-AppToken","in":"header","description":"The application token that identifies the partner app. Used when calling Online WebAPI from a server.","required":false,"type":"string"}],"responses":{"200":{"description":"AttachmentEntity updated.","schema":{"$ref":"#/definitions/SuperOffice.WebApi.v1.Carriers.TicketCarriers.AttachmentEntityWithLinks"}},"400":{"description":"Bad request. Entity to save is not in request body."}},"security":[{"SuperOffice Password":[],"SuperId Authentication":[]}]}},"/api/v1/Attachment/CopyFromCRMDocument/{documentId}":{"post":{"tags":["Attachment"],"summary":"Copy CRM document to an attachment","description":"","operationId":"v1AttachmentEntity_CopyFromCRMDocument","consumes":[],"produces":["application/json","text/json","application/xml","text/xml","application/json-patch+json","application/merge-patch+json"],"parameters":[{"name":"documentId","in":"path","description":"The id of the document to copy to an attachment","required":true,"type":"integer","format":"int32"},{"name":"Accept-Language","in":"header","description":"Convert string references and multi-language values into a specified language (iso2) code.","required":false,"type":"string"},{"name":"SO-Language","in":"header","description":"Convert string references and multi-language values into a specified language (iso2) code. Overrides Accept-Language value.","required":false,"type":"string"},{"name":"SO-Culture","in":"header","description":"Number, date formatting in a specified culture (iso2 language) code. Partially overrides SO-Language/Accept-Language value. Ignored if no Language set.","required":false,"type":"string"},{"name":"SO-TimeZone","in":"header","description":"Specify the timezone code that you would like date/time responses converted to.","required":false,"type":"string"},{"name":"SO-AppToken","in":"header","description":"The application token that identifies the partner app. Used when calling Online WebAPI from a server.","required":false,"type":"string"}],"responses":{"200":{"description":"OK","schema":{"$ref":"#/definitions/SuperOffice.CRM.Services.AttachmentEntity"}}},"security":[{"SuperOffice Password":[],"SuperId Authentication":[]}]}},"/api/v1/Attachment/{attachmentId}/Content":{"get":{"tags":["Attachment"],"summary":"Get the content of an attachment","description":"","operationId":"v1AttachmentEntity_GetAttachmentStream","consumes":[],"produces":["application/json","text/json","application/xml","text/xml","image/jpeg","image/jpg","image/png","image/gif","image/bmp","image/tiff","application/octet-stream","application/msword","application/rtf","application/vnd.openxmlformats-officedocument.wordprocessingml.document","application/vnd.ms-excel","application/vnd.openxmlformats-officedocument.spreadsheetml.sheet","application/vnd.ms-powerpoint","application/vnd.openxmlformats-officedocument.presentationml.presentation","application/json-patch+json","application/merge-patch+json","application/pdf","text/html","text/plain","multipart/related"],"parameters":[{"name":"attachmentId","in":"path","description":"The id of the attachment to retrieve","required":true,"type":"integer","format":"int32"},{"name":"Accept-Language","in":"header","description":"Convert string references and multi-language values into a specified language (iso2) code.","required":false,"type":"string"},{"name":"SO-Language","in":"header","description":"Convert string references and multi-language values into a specified language (iso2) code. Overrides Accept-Language value.","required":false,"type":"string"},{"name":"SO-Culture","in":"header","description":"Number, date formatting in a specified culture (iso2 language) code. Partially overrides SO-Language/Accept-Language value. Ignored if no Language set.","required":false,"type":"string"},{"name":"SO-TimeZone","in":"header","description":"Specify the timezone code that you would like date/time responses converted to.","required":false,"type":"string"},{"name":"SO-AppToken","in":"header","description":"The application token that identifies the partner app. Used when calling Online WebAPI from a server.","required":false,"type":"string"}],"responses":{"200":{"description":"OK","schema":{"format":"byte","type":"string"}}},"security":[{"SuperOffice Password":[],"SuperId Authentication":[]}]},"post":{"tags":["Attachment"],"summary":"Upload the content for an attachment","description":"","operationId":"v1AttachmentEntity_UploadAttachment","consumes":["application/json","text/json","application/xml","text/xml","application/x-www-form-urlencoded","image/jpeg","image/jpg","image/png","image/gif","image/bmp","image/tiff","application/octet-stream","application/msword","application/rtf","application/vnd.openxmlformats-officedocument.wordprocessingml.document","application/vnd.ms-excel","application/vnd.openxmlformats-officedocument.spreadsheetml.sheet","application/vnd.ms-powerpoint","application/vnd.openxmlformats-officedocument.presentationml.presentation","multipart/form-data","application/json-patch+json","application/merge-patch+json"],"produces":[],"parameters":[{"name":"attachmentId","in":"path","description":"The id of the attachment row, for which to attach the upload data","required":true,"type":"integer","format":"int32"},{"name":"content","in":"body","description":"A stream to the content to be uploaded","required":true,"schema":{"format":"byte","type":"string"}},{"name":"SO-AppToken","in":"header","description":"The application token that identifies the partner app. Used when calling Online WebAPI from a server.","required":false,"type":"string"}],"responses":{"204":{"description":"No Content"}},"security":[{"SuperOffice Password":[],"SuperId Authentication":[]}]}}},"definitions":{"SuperOffice.CRM.Services.AttachmentEntity":{"description":"The Attachment carrier represent meta data for a Service attachment\r\n<para />\r\nCarrier object for AttachmentEntity.\r\nServices for the AttachmentEntity Carrier is available from the <see cref=\"T:SuperOffice.CRM.Services.ITicketAgent\">Ticket Agent</see>.","type":"object","properties":{"AttachmentId":{"format":"int32","description":"The primary key (auto-incremented)","type":"integer"},"Name":{"description":"The filename for the attachment.","type":"string"},"ContentType":{"description":"The content type for the attachment (e.g. &amp;apos;applaction/octet-stream&amp;apos; or &amp;apos;application/vnd.openxmlformats-officedocument.wordprocessingml.document&amp;apos;).","type":"string"},"AttSize":{"format":"int32","description":"The size (in bytes) for the attachment.","type":"integer"},"InlineImage":{"description":"True if this attachment is inlined in the html_body.","type":"boolean"},"ContentId":{"description":"The content_id of this attachment, used for inline images","type":"string"},"AuthKey":{"description":"The key used for authenticating access to this attachment.","type":"string"},"IsSafeFileExtension":{"description":"Is file considered to be safe (based on extension and settings)","type":"boolean"},"TableRight":{"$ref":"#/definitions/SuperOffice.CRM.Security.TableRight","description":"The carrier's table right"},"FieldProperties":{"description":"Field property dictionary mapping field names to field access rights.","type":"object","additionalProperties":{"$ref":"#/definitions/SuperOffice.CRM.Security.FieldProperty"}}}},"SuperOffice.CRM.Security.TableRight":{"description":"Wraps a table right together with an explanatory reason.\r\nCode can indicate why access is restricted.","type":"object","properties":{"Mask":{"type":"string"},"Reason":{"type":"string"}}},"SuperOffice.CRM.Security.FieldProperty":{"description":"Class holding properties like field length, field type about a field in the carrier.","type":"object","properties":{"FieldRight":{"$ref":"#/definitions/SuperOffice.CRM.Security.FieldRight"},"FieldType":{"type":"string"},"FieldLength":{"format":"int32","description":"","type":"integer"}}},"SuperOffice.CRM.Security.FieldRight":{"description":"Wraps the field right together with an explanatory reason.\r\nAlso adds logical operators to the field rights so that they can be easily combined.","type":"object","properties":{"Mask":{"type":"string"},"Reason":{"type":"string"}}},"SuperOffice.WebApi.v1.Carriers.TicketCarriers.AttachmentEntityWithLinks":{"description":"The Attachment carrier represent meta data for a Service attachment\r\n<para />\r\nAttachmentEntity entity with API _Links added.","type":"object","properties":{"AttachmentId":{"format":"int32","description":"The primary key (auto-incremented)","type":"integer"},"Name":{"description":"The filename for the attachment.","type":"string"},"ContentType":{"description":"The content type for the attachment (e.g. &amp;apos;applaction/octet-stream&amp;apos; or &amp;apos;application/vnd.openxmlformats-officedocument.wordprocessingml.document&amp;apos;).","type":"string"},"AttSize":{"format":"int32","description":"The size (in bytes) for the attachment.","type":"integer"},"InlineImage":{"description":"True if this attachment is inlined in the html_body.","type":"boolean"},"ContentId":{"description":"The content_id of this attachment, used for inline images","type":"string"},"AuthKey":{"description":"The key used for authenticating access to this attachment.","type":"string"},"IsSafeFileExtension":{"description":"Is file considered to be safe (based on extension and settings)","type":"boolean"},"TableRight":{"$ref":"#/definitions/SuperOffice.CRM.Security.TableRight","description":"The carrier's table right"},"FieldProperties":{"description":"Field property dictionary mapping field names to field access rights.","type":"object","additionalProperties":{"$ref":"#/definitions/SuperOffice.CRM.Security.FieldProperty"}},"_Links":{"type":"object","additionalProperties":{"type":"string"}}}}},"securityDefinitions":{"SuperOffice Password":{"type":"basic","description":"SuperOffice username:password are passed in Base64-encoded. \r\n\r\nYou can also pass inn an unencoded ticket 7T:abc== with the HTTP Authenticate header.\r\n"},"SuperId Authentication":{"type":"oauth2","description":"SuperOffice SuperId OAuth implicit flow. \r\nYou need to issue a request to the SuperId authorization URL\r\n    https://online.superoffice.com/login/common/oauth/authorize?response_type=token\r\n      &client_id=670734e0-4c5a-11e3-be9e-a171392e81db\r\n      &redirect_uri=https://example.com/spa/\r\n\r\npassing in the application id and redirect URL.\r\n\r\nSuperId will log the user in, and redirect to the requested redirect URL with a #payload\r\ncontaining the access token and claims. (The redirect URL must be registered with SuperId in advance)\r\n\r\n   https://example.com/spa#access_token=8A%3aCust12227.AXRrCITpPBvQX3UbIohb\r\n      &token_type=bearer\r\n      &state=\r\n      &expires_in=3600\r\n      &ctx=Cust12227\r\n      &netserver_url=https%3a%2f%2fsod.superoffice.com%2fCust12227%2fRemote%2fServices82%2f\r\n\r\nYou can take the #access_token value and pass it as the Authenticate HTTP header as a BEARER token.\r\n","flow":"implicit","authorizationUrl":"https://online.superoffice.com/login/common/oauth/authorize","scopes":{}}},"tags":[],"externalDocs":{"description":"The SuperOffice DevNet Community has more documentation, examples, and discussion forums.","url":"https://community.superoffice.com/en/developer/"}}