{"swagger":"2.0","info":{"version":"v1-REST","title":"SuperOffice REST API v1","description":"SuperOffice REST API - ForeignApp","termsOfService":"You must be an authorized user to access this API.","contact":{"name":"SuperOffice DevNet","url":"https://docs.superoffice.com/en/api/index.html","email":"sdk@superoffice.com"}},"host":"localhost:56593","schemes":["http","https"],"paths":{"/api/v1/ForeignApp/{appName}":{"put":{"tags":["ForeignApp"],"summary":"Creates a new ForeignApp","description":"Calls the ForeignSystem agent service SaveForeignAppEntity.","operationId":"v1ForeignAppEntity_PostForeignApp_PUT","consumes":[],"produces":["application/json","text/json","application/xml","text/xml","application/json-patch+json","application/merge-patch+json"],"parameters":[{"name":"appName","in":"path","description":"The ForeignApp to be saved.","required":true,"type":"string"},{"name":"Accept-Language","in":"header","description":"Convert string references and multi-language values into a specified language (iso2) code.","required":false,"type":"string"},{"name":"SO-Language","in":"header","description":"Convert string references and multi-language values into a specified language (iso2) code. Overrides Accept-Language value.","required":false,"type":"string"},{"name":"SO-Culture","in":"header","description":"Number, date formatting in a specified culture (iso2 language) code. Partially overrides SO-Language/Accept-Language value. Ignored if no Language set.","required":false,"type":"string"},{"name":"SO-TimeZone","in":"header","description":"Specify the timezone code that you would like date/time responses converted to.","required":false,"type":"string"},{"name":"SO-AppToken","in":"header","description":"The application token that identifies the partner app. Used when calling Online WebAPI from a server.","required":false,"type":"string"}],"responses":{"200":{"description":"OK","schema":{"$ref":"#/definitions/SuperOffice.CRM.Services.ForeignAppEntity"}}},"security":[{"SuperOffice Password":[],"SuperId Authentication":[]}]},"post":{"tags":["ForeignApp"],"summary":"Creates a new ForeignApp","description":"Calls the ForeignSystem agent service SaveForeignAppEntity.","operationId":"v1ForeignAppEntity_PostForeignApp","consumes":[],"produces":["application/json","text/json","application/xml","text/xml","application/json-patch+json","application/merge-patch+json"],"parameters":[{"name":"appName","in":"path","description":"The ForeignApp to be saved.","required":true,"type":"string"},{"name":"Accept-Language","in":"header","description":"Convert string references and multi-language values into a specified language (iso2) code.","required":false,"type":"string"},{"name":"SO-Language","in":"header","description":"Convert string references and multi-language values into a specified language (iso2) code. Overrides Accept-Language value.","required":false,"type":"string"},{"name":"SO-Culture","in":"header","description":"Number, date formatting in a specified culture (iso2 language) code. Partially overrides SO-Language/Accept-Language value. Ignored if no Language set.","required":false,"type":"string"},{"name":"SO-TimeZone","in":"header","description":"Specify the timezone code that you would like date/time responses converted to.","required":false,"type":"string"},{"name":"SO-AppToken","in":"header","description":"The application token that identifies the partner app. Used when calling Online WebAPI from a server.","required":false,"type":"string"}],"responses":{"200":{"description":"OK","schema":{"$ref":"#/definitions/SuperOffice.CRM.Services.ForeignAppEntity"}}},"security":[{"SuperOffice Password":[],"SuperId Authentication":[]}]}},"/api/v1/ForeignApp/default":{"get":{"tags":["ForeignApp"],"summary":"Set default values into a new ForeignAppEntity.","description":"NetServer calculates default values on the entity, which is required when creating/storing a new instance Calls the ForeignSystem agent service CreateDefaultForeignAppEntity.\r\nNsApiSlow threshold: 5000 ms.","operationId":"v1ForeignAppEntity_DefaultForeignAppEntity","consumes":[],"produces":["application/json","text/json","application/xml","text/xml","application/json-patch+json","application/merge-patch+json"],"parameters":[{"name":"Accept-Language","in":"header","description":"Convert string references and multi-language values into a specified language (iso2) code.","required":false,"type":"string"},{"name":"SO-Language","in":"header","description":"Convert string references and multi-language values into a specified language (iso2) code. Overrides Accept-Language value.","required":false,"type":"string"},{"name":"SO-Culture","in":"header","description":"Number, date formatting in a specified culture (iso2 language) code. Partially overrides SO-Language/Accept-Language value. Ignored if no Language set.","required":false,"type":"string"},{"name":"SO-TimeZone","in":"header","description":"Specify the timezone code that you would like date/time responses converted to.","required":false,"type":"string"},{"name":"SO-AppToken","in":"header","description":"The application token that identifies the partner app. Used when calling Online WebAPI from a server.","required":false,"type":"string"}],"responses":{"200":{"description":"OK","schema":{"$ref":"#/definitions/SuperOffice.CRM.Services.ForeignAppEntity"}}},"security":[{"SuperOffice Password":[],"SuperId Authentication":[]}]}},"/api/v1/ForeignApp":{"get":{"tags":["ForeignApp"],"summary":"OData list of all ForeignAppEntity.","description":"Can be sorted and further filtered using OData conventions:\r\n\r\n* ForeignApp?$select=col1,col2,abc/col3\r\n* ForeignApp?$filter=col1 eq 'foo' and startswith(col2, 'baz')\r\n* ForeignApp?$orderby=abc/col3,col1\r\n* ForeignApp?$top=1000\r\n* ForeignApp?$mode=full\r\n\r\n\r\nOData returns XML or JSON carriers depending on the Accept headers.\r\n\r\n\r\nCalls the Archive service using the \"ForeignKeys\" archive.\r\n\r\n\r\n## Filter Operators: ##\r\n\r\nints: eq =, ne, le, lt, gt, ge, set, equals, greater, less, unequals, between\r\n\r\nstrings: contains, is, notBegins, notContains, isNot\r\n\r\nassociate: associateIsOneOf, associateIsNotOneOf,  \r\n\r\nlist ids: oneOf, NotOneOf, \r\n\r\ndates: before, date, after, dateBetween, beforeToday\r\n\r\nUnary ops: currentAssociate, beforeToday, today, afterToday, lastWeek, thisWeek, nextWeek, lastMonth, thisMonth, nextMonth, lastQuarter, thisQuarter, nextQuarter, thisHalf, thisYear\r\n\r\nFuncs: substringof(a,b), startswith(a,b), endswith(a,b), this(f,period), next(f,n,period), previous(f,n,period), thisAndNext(f,n,period), thisAndPrevious(f,n,period), thisAndPreviousAndNext(f,period)\r\n","operationId":"v1ForeignAppEntity_GetAll","consumes":[],"produces":["application/json","text/json","application/xml","text/xml","application/json-patch+json","application/merge-patch+json"],"parameters":[{"name":"$select","in":"query","description":"Comma separated list of column names to return. \"nameDepartment,fullname,category\". Can also use aggregation functions and modifiers: \"Count(category):Footer\"","required":false,"type":"string"},{"name":"$filter","in":"query","description":"Expression to restrict the results. e.g.: \"name begins 'foo' and category gt 1\"","required":false,"type":"string"},{"name":"$orderBy","in":"query","description":"Comma separated list of column names to sort by, with optional direction. \"name asc,fullname,category desc\"","required":false,"type":"string"},{"name":"$entities","in":"query","description":"Comma separated list of entity names to use. Default = \"\". \"contact, person\"","required":false,"type":"string"},{"name":"$top","in":"query","description":"Number of rows to return in results","required":false,"type":"integer","format":"int32"},{"name":"$skip","in":"query","description":"Number of rows from database to skip before returning results","required":false,"type":"integer","format":"int32"},{"name":"$mode","in":"query","description":"FULL (with raw values and hints for each value) or SLIM (just the display values)","required":false,"type":"string","enum":["Slim","Wide","Full"]},{"name":"$options","in":"query","description":"Provider specific options. e.g: \"GrandTotal=true\"","required":false,"type":"string"},{"name":"$context","in":"query","description":"Provider specific context parameter.","required":false,"type":"string"},{"name":"$format","in":"query","description":"Set XML or JSON output format; override the format determined from Accept header.","required":false,"type":"string"},{"name":"$jsonSafe","in":"query","description":"Make output names into JSON safe property names. Replace all unsafe characters with _ underscore.","required":false,"type":"boolean"},{"name":"$output","in":"query","description":"Return Logical or Display values in SLIM mode. Logical returns true/false for booleans, Display returns icon hints. Dates are always returned as ISO strings.","required":false,"type":"string","enum":["Logical","Display"]},{"name":"Accept-Language","in":"header","description":"Convert string references and multi-language values into a specified language (iso2) code.","required":false,"type":"string"},{"name":"SO-Language","in":"header","description":"Convert string references and multi-language values into a specified language (iso2) code. Overrides Accept-Language value.","required":false,"type":"string"},{"name":"SO-Culture","in":"header","description":"Number, date formatting in a specified culture (iso2 language) code. Partially overrides SO-Language/Accept-Language value. Ignored if no Language set.","required":false,"type":"string"},{"name":"SO-TimeZone","in":"header","description":"Specify the timezone code that you would like date/time responses converted to.","required":false,"type":"string"},{"name":"SO-AppToken","in":"header","description":"The application token that identifies the partner app. Used when calling Online WebAPI from a server.","required":false,"type":"string"}],"responses":{"200":{"description":"OK","schema":{"$ref":"#/definitions/SuperOffice.Services.WebApi.OData.ODataSlimResponse"}}},"security":[{"SuperOffice Password":[],"SuperId Authentication":[]}]},"post":{"tags":["ForeignApp"],"summary":"Creates a new ForeignAppEntity","description":"Calls the ForeignSystem agent service SaveForeignAppEntity.\r\nNsApiSlow threshold: 5000 ms.","operationId":"v1ForeignAppEntity_PostForeignAppEntity","consumes":["application/json","text/json","application/xml","text/xml","application/x-www-form-urlencoded","application/json-patch+json","application/merge-patch+json"],"produces":["application/json","text/json","application/xml","text/xml","application/json-patch+json","application/merge-patch+json"],"parameters":[{"name":"newEntity","in":"body","description":"The ForeignAppEntity to be saved.","required":true,"schema":{"$ref":"#/definitions/SuperOffice.CRM.Services.ForeignAppEntity"}},{"name":"$select","in":"query","description":"Optional comma separated list of properties to include in the result. Other fields are then nulled out to reduce payload size: \"Name,department,category\" Default = show all fields.","required":false,"type":"string"},{"name":"Accept-Language","in":"header","description":"Convert string references and multi-language values into a specified language (iso2) code.","required":false,"type":"string"},{"name":"SO-Language","in":"header","description":"Convert string references and multi-language values into a specified language (iso2) code. Overrides Accept-Language value.","required":false,"type":"string"},{"name":"SO-Culture","in":"header","description":"Number, date formatting in a specified culture (iso2 language) code. Partially overrides SO-Language/Accept-Language value. Ignored if no Language set.","required":false,"type":"string"},{"name":"SO-TimeZone","in":"header","description":"Specify the timezone code that you would like date/time responses converted to.","required":false,"type":"string"},{"name":"SO-AppToken","in":"header","description":"The application token that identifies the partner app. Used when calling Online WebAPI from a server.","required":false,"type":"string"}],"responses":{"200":{"description":"OK","schema":{"$ref":"#/definitions/SuperOffice.WebApi.v1.Carriers.ForeignSystemCarriers.ForeignAppEntityWithLinks"}}},"security":[{"SuperOffice Password":[],"SuperId Authentication":[]}]}},"/api/v1/ForeignApp/{id}":{"get":{"tags":["ForeignApp"],"summary":"Gets a ForeignAppEntity object.","description":"Calls the ForeignSystem agent service GetForeignAppEntity.\r\nNsApiSlow threshold: 5000 ms.","operationId":"v1ForeignAppEntity_GetForeignAppEntity","consumes":[],"produces":["application/json","text/json","application/xml","text/xml","application/json-patch+json","application/merge-patch+json"],"parameters":[{"name":"id","in":"path","description":"The id of the ForeignAppEntity to return.","required":true,"type":"integer","format":"int32"},{"name":"$select","in":"query","description":"Optional comma separated list of properties to include in the result. Other fields are then nulled out to reduce payload size: \"Name,department,category\" Default = show all fields.","required":false,"type":"string"},{"name":"Accept-Language","in":"header","description":"Convert string references and multi-language values into a specified language (iso2) code.","required":false,"type":"string"},{"name":"SO-Language","in":"header","description":"Convert string references and multi-language values into a specified language (iso2) code. Overrides Accept-Language value.","required":false,"type":"string"},{"name":"SO-Culture","in":"header","description":"Number, date formatting in a specified culture (iso2 language) code. Partially overrides SO-Language/Accept-Language value. Ignored if no Language set.","required":false,"type":"string"},{"name":"SO-TimeZone","in":"header","description":"Specify the timezone code that you would like date/time responses converted to.","required":false,"type":"string"},{"name":"SO-AppToken","in":"header","description":"The application token that identifies the partner app. Used when calling Online WebAPI from a server.","required":false,"type":"string"}],"responses":{"200":{"description":"ForeignAppEntity found.","schema":{"$ref":"#/definitions/SuperOffice.WebApi.v1.Carriers.ForeignSystemCarriers.ForeignAppEntityWithLinks"}},"304":{"description":"ForeignAppEntity has not changed since the requested If-Modified-Since date."},"404":{"description":"Not Found."}},"security":[{"SuperOffice Password":[],"SuperId Authentication":[]}]},"put":{"tags":["ForeignApp"],"summary":"Updates the existing ForeignAppEntity","description":"NsApiSlow threshold: 5000 ms.","operationId":"v1ForeignAppEntity_PutForeignAppEntity","consumes":["application/json","text/json","application/xml","text/xml","application/x-www-form-urlencoded","application/json-patch+json","application/merge-patch+json"],"produces":["application/json","text/json","application/xml","text/xml","application/json-patch+json","application/merge-patch+json"],"parameters":[{"name":"id","in":"path","description":"The ForeignAppEntity id to update.","required":true,"type":"integer","format":"int32"},{"name":"entity","in":"body","description":"The ForeignAppEntity to be saved.","required":true,"schema":{"$ref":"#/definitions/SuperOffice.CRM.Services.ForeignAppEntity"}},{"name":"$select","in":"query","description":"Optional comma separated list of properties to include in the result. Other fields are then nulled out to reduce payload size: \"Name,department,category\" Default = show all fields.","required":false,"type":"string"},{"name":"Accept-Language","in":"header","description":"Convert string references and multi-language values into a specified language (iso2) code.","required":false,"type":"string"},{"name":"SO-Language","in":"header","description":"Convert string references and multi-language values into a specified language (iso2) code. Overrides Accept-Language value.","required":false,"type":"string"},{"name":"SO-Culture","in":"header","description":"Number, date formatting in a specified culture (iso2 language) code. Partially overrides SO-Language/Accept-Language value. Ignored if no Language set.","required":false,"type":"string"},{"name":"SO-TimeZone","in":"header","description":"Specify the timezone code that you would like date/time responses converted to.","required":false,"type":"string"},{"name":"SO-AppToken","in":"header","description":"The application token that identifies the partner app. Used when calling Online WebAPI from a server.","required":false,"type":"string"}],"responses":{"200":{"description":"ForeignAppEntity updated.","schema":{"$ref":"#/definitions/SuperOffice.WebApi.v1.Carriers.ForeignSystemCarriers.ForeignAppEntityWithLinks"}},"412":{"description":"Update stopped because ForeignAppEntity has changed since the requested If-Unmodified-Since timestamp."},"400":{"description":"Bad request. Entity to save is not in request body."}},"security":[{"SuperOffice Password":[],"SuperId Authentication":[]}]},"delete":{"tags":["ForeignApp"],"summary":"Deletes the ForeignAppEntity","description":"Calls the ForeignSystem agent service DeleteForeignAppEntity.\r\nNsApiSlow threshold: 5000 ms.","operationId":"v1ForeignAppEntity_DeleteForeignAppEntity","consumes":[],"produces":[],"parameters":[{"name":"id","in":"path","description":"The ForeignAppEntity to be deleted.","required":true,"type":"integer","format":"int32"},{"name":"SO-AppToken","in":"header","description":"The application token that identifies the partner app. Used when calling Online WebAPI from a server.","required":false,"type":"string"}],"responses":{"204":{"description":"ForeignAppEntity deleted."},"412":{"description":"Delete aborted because ForeignAppEntity has changed since the requested If-Unmodified-Since timestamp."}},"security":[{"SuperOffice Password":[],"SuperId Authentication":[]}]}},"/api/v1/ForeignApp/{applicationName}":{"get":{"tags":["ForeignApp"],"summary":"Gets the ForeignApp with the given name.","description":"","operationId":"v1ForeignAppEntity_GetAppByName","consumes":[],"produces":["application/json","text/json","application/xml","text/xml","application/json-patch+json","application/merge-patch+json"],"parameters":[{"name":"applicationName","in":"path","description":"The name of the foreign application.","required":true,"type":"string"},{"name":"Accept-Language","in":"header","description":"Convert string references and multi-language values into a specified language (iso2) code.","required":false,"type":"string"},{"name":"SO-Language","in":"header","description":"Convert string references and multi-language values into a specified language (iso2) code. Overrides Accept-Language value.","required":false,"type":"string"},{"name":"SO-Culture","in":"header","description":"Number, date formatting in a specified culture (iso2 language) code. Partially overrides SO-Language/Accept-Language value. Ignored if no Language set.","required":false,"type":"string"},{"name":"SO-TimeZone","in":"header","description":"Specify the timezone code that you would like date/time responses converted to.","required":false,"type":"string"},{"name":"SO-AppToken","in":"header","description":"The application token that identifies the partner app. Used when calling Online WebAPI from a server.","required":false,"type":"string"}],"responses":{"200":{"description":"OK","schema":{"$ref":"#/definitions/SuperOffice.CRM.Services.ForeignAppEntity"}}},"security":[{"SuperOffice Password":[],"SuperId Authentication":[]}]}},"/api/v1/ForeignApp/{applicationName}/Devices":{"get":{"tags":["ForeignApp"],"summary":"Gets all devices that belong to a foreign application.","description":"","operationId":"v1ForeignAppEntity_GetApplicationDevices","consumes":[],"produces":["application/json","text/json","application/xml","text/xml","application/json-patch+json","application/merge-patch+json"],"parameters":[{"name":"applicationName","in":"path","description":"The foreign application name","required":true,"type":"string"},{"name":"Accept-Language","in":"header","description":"Convert string references and multi-language values into a specified language (iso2) code.","required":false,"type":"string"},{"name":"SO-Language","in":"header","description":"Convert string references and multi-language values into a specified language (iso2) code. Overrides Accept-Language value.","required":false,"type":"string"},{"name":"SO-Culture","in":"header","description":"Number, date formatting in a specified culture (iso2 language) code. Partially overrides SO-Language/Accept-Language value. Ignored if no Language set.","required":false,"type":"string"},{"name":"SO-TimeZone","in":"header","description":"Specify the timezone code that you would like date/time responses converted to.","required":false,"type":"string"},{"name":"SO-AppToken","in":"header","description":"The application token that identifies the partner app. Used when calling Online WebAPI from a server.","required":false,"type":"string"}],"responses":{"200":{"description":"OK","schema":{"type":"array","items":{"$ref":"#/definitions/SuperOffice.CRM.Services.ForeignDevice"}}}},"security":[{"SuperOffice Password":[],"SuperId Authentication":[]}]}},"/api/v1/ForeignApp/{applicationName}/{deviceName}/{deviceIdentifier}":{"get":{"tags":["ForeignApp"],"summary":"Gets a ForeignDevice with deviceName and deviceIdentifier that belongs to the application with applicationName.","description":"","operationId":"v1ForeignAppEntity_GetDeviceByIdentifier","consumes":[],"produces":["application/json","text/json","application/xml","text/xml","application/json-patch+json","application/merge-patch+json"],"parameters":[{"name":"applicationName","in":"path","description":"The name of the foreign application.","required":true,"type":"string"},{"name":"deviceName","in":"path","description":"The name of the foreign device.","required":true,"type":"string"},{"name":"deviceIdentifier","in":"path","description":"Optional unique id of device (Palm pilot device ID, version number, etc)","required":true,"type":"string"},{"name":"Accept-Language","in":"header","description":"Convert string references and multi-language values into a specified language (iso2) code.","required":false,"type":"string"},{"name":"SO-Language","in":"header","description":"Convert string references and multi-language values into a specified language (iso2) code. Overrides Accept-Language value.","required":false,"type":"string"},{"name":"SO-Culture","in":"header","description":"Number, date formatting in a specified culture (iso2 language) code. Partially overrides SO-Language/Accept-Language value. Ignored if no Language set.","required":false,"type":"string"},{"name":"SO-TimeZone","in":"header","description":"Specify the timezone code that you would like date/time responses converted to.","required":false,"type":"string"},{"name":"SO-AppToken","in":"header","description":"The application token that identifies the partner app. Used when calling Online WebAPI from a server.","required":false,"type":"string"}],"responses":{"200":{"description":"OK","schema":{"$ref":"#/definitions/SuperOffice.CRM.Services.ForeignDevice"}}},"security":[{"SuperOffice Password":[],"SuperId Authentication":[]}]},"put":{"tags":["ForeignApp"],"summary":"Updates a ForeignDevice with deviceName that belongs to the application with applicationName.","description":"","operationId":"v1ForeignAppEntity_SaveDeviceByIdentifier","consumes":["application/json","text/json","application/xml","text/xml","application/x-www-form-urlencoded","application/json-patch+json","application/merge-patch+json"],"produces":["application/json","text/json","application/xml","text/xml","application/json-patch+json","application/merge-patch+json"],"parameters":[{"name":"applicationName","in":"path","description":"The name of the foreign application.","required":true,"type":"string"},{"name":"deviceName","in":"path","description":"The name of the foreign device.","required":true,"type":"string"},{"name":"foreignDevice","in":"body","description":"Foreign device to save. Can be null if adding new device.","required":true,"schema":{"$ref":"#/definitions/SuperOffice.CRM.Services.ForeignDevice"}},{"name":"deviceIdentifier","in":"path","description":"Unique id of device (Palm pilot device ID, version number, etc)","required":true,"type":"string"},{"name":"Accept-Language","in":"header","description":"Convert string references and multi-language values into a specified language (iso2) code.","required":false,"type":"string"},{"name":"SO-Language","in":"header","description":"Convert string references and multi-language values into a specified language (iso2) code. Overrides Accept-Language value.","required":false,"type":"string"},{"name":"SO-Culture","in":"header","description":"Number, date formatting in a specified culture (iso2 language) code. Partially overrides SO-Language/Accept-Language value. Ignored if no Language set.","required":false,"type":"string"},{"name":"SO-TimeZone","in":"header","description":"Specify the timezone code that you would like date/time responses converted to.","required":false,"type":"string"},{"name":"SO-AppToken","in":"header","description":"The application token that identifies the partner app. Used when calling Online WebAPI from a server.","required":false,"type":"string"}],"responses":{"200":{"description":"OK","schema":{"$ref":"#/definitions/SuperOffice.CRM.Services.ForeignDevice"}}},"security":[{"SuperOffice Password":[],"SuperId Authentication":[]}]},"post":{"tags":["ForeignApp"],"summary":"Adds a new ForeignDevice with deviceName that belongs to the application with applicationName, with an optional device-specific identifier.","description":"","operationId":"v1ForeignAppEntity_AddDeviceByIdentifier","consumes":[],"produces":["application/json","text/json","application/xml","text/xml","application/json-patch+json","application/merge-patch+json"],"parameters":[{"name":"applicationName","in":"path","description":"The name of the foreign application.","required":true,"type":"string"},{"name":"deviceName","in":"path","description":"The name of the foreign device.","required":true,"type":"string"},{"name":"deviceIdentifier","in":"path","description":"Unique id of device (Palm pilot device ID, version number, etc)","required":true,"type":"string"},{"name":"Accept-Language","in":"header","description":"Convert string references and multi-language values into a specified language (iso2) code.","required":false,"type":"string"},{"name":"SO-Language","in":"header","description":"Convert string references and multi-language values into a specified language (iso2) code. Overrides Accept-Language value.","required":false,"type":"string"},{"name":"SO-Culture","in":"header","description":"Number, date formatting in a specified culture (iso2 language) code. Partially overrides SO-Language/Accept-Language value. Ignored if no Language set.","required":false,"type":"string"},{"name":"SO-TimeZone","in":"header","description":"Specify the timezone code that you would like date/time responses converted to.","required":false,"type":"string"},{"name":"SO-AppToken","in":"header","description":"The application token that identifies the partner app. Used when calling Online WebAPI from a server.","required":false,"type":"string"}],"responses":{"200":{"description":"OK","schema":{"$ref":"#/definitions/SuperOffice.CRM.Services.ForeignDevice"}}},"security":[{"SuperOffice Password":[],"SuperId Authentication":[]}]},"delete":{"tags":["ForeignApp"],"summary":"Delete a ForeignDevice with deviceName and deviceIdentifier that belongs to the application with applicationName.","description":"","operationId":"v1ForeignAppEntity_DeleteDeviceByIdentifier","consumes":[],"produces":[],"parameters":[{"name":"applicationName","in":"path","description":"The name of the foreign application.","required":true,"type":"string"},{"name":"deviceName","in":"path","description":"The name of the foreign device.","required":true,"type":"string"},{"name":"deviceIdentifier","in":"path","description":"Unique id of device (Palm pilot device ID, version number, etc)","required":true,"type":"string"},{"name":"SO-AppToken","in":"header","description":"The application token that identifies the partner app. Used when calling Online WebAPI from a server.","required":false,"type":"string"}],"responses":{"204":{"description":"No Content"}},"security":[{"SuperOffice Password":[],"SuperId Authentication":[]}]}},"/api/v1/ForeignApp/{applicationName}/{deviceName}/Key/{keyName}/{tableName}/{recordId}":{"get":{"tags":["ForeignApp"],"summary":"Returning a foreign key by its key name, that belongs to the specified device and application.","description":"A table name and record ID can also be specified.","operationId":"v1ForeignAppEntity_GetKey","consumes":[],"produces":["application/json","text/json","application/xml","text/xml","application/json-patch+json","application/merge-patch+json"],"parameters":[{"name":"applicationName","in":"path","description":"The name of the foreign application.","required":true,"type":"string"},{"name":"deviceName","in":"path","description":"The name of the foreign device.","required":true,"type":"string"},{"name":"keyName","in":"path","description":"The name of the foreign key.","required":true,"type":"string"},{"name":"tableName","in":"path","description":"Table name, transformed to and from numeric table id by the service layer.&lt;p/&gt;Use an empty string to indicate that your key is not bound to any specific table.","required":true,"type":"string"},{"name":"recordId","in":"path","description":"Id of record that this key refers to. If the table name was blank, then this parameter must be 0. It can also be 0 to mean that the foreign key record was not bound to any particular record of the target table.","required":true,"type":"integer","format":"int32"},{"name":"Accept-Language","in":"header","description":"Convert string references and multi-language values into a specified language (iso2) code.","required":false,"type":"string"},{"name":"SO-Language","in":"header","description":"Convert string references and multi-language values into a specified language (iso2) code. Overrides Accept-Language value.","required":false,"type":"string"},{"name":"SO-Culture","in":"header","description":"Number, date formatting in a specified culture (iso2 language) code. Partially overrides SO-Language/Accept-Language value. Ignored if no Language set.","required":false,"type":"string"},{"name":"SO-TimeZone","in":"header","description":"Specify the timezone code that you would like date/time responses converted to.","required":false,"type":"string"},{"name":"SO-AppToken","in":"header","description":"The application token that identifies the partner app. Used when calling Online WebAPI from a server.","required":false,"type":"string"}],"responses":{"200":{"description":"OK","schema":{"$ref":"#/definitions/SuperOffice.CRM.Services.ForeignKey"}}},"security":[{"SuperOffice Password":[],"SuperId Authentication":[]}]}},"/api/v1/ForeignApp/{applicationName}/{deviceName}/Key/{keyName}/{tableName}/{recordId}/Value":{"get":{"tags":["ForeignApp"],"summary":"Gets the string value of a ForeignKey, that belongs to the specified device and application.","description":"The table name and record ID must also be specified.","operationId":"v1ForeignAppEntity_GetKeyValue","consumes":[],"produces":["application/json","text/json","application/xml","text/xml","application/json-patch+json","application/merge-patch+json"],"parameters":[{"name":"applicationName","in":"path","description":"The name of the foreign application.","required":true,"type":"string"},{"name":"deviceName","in":"path","description":"The name of the foreign device.","required":true,"type":"string"},{"name":"keyName","in":"path","description":"The name of the foreign key.","required":true,"type":"string"},{"name":"tableName","in":"path","description":"Table name, transformed to and from numeric table id by the service layer.&lt;p/&gt;Use an empty string to indicate that your key is not bound to any specific table.","required":true,"type":"string"},{"name":"recordId","in":"path","description":"Id of record that this key refers to. If the table name was blank, then this parameter must be 0. It can also be 0 to mean that the foreign key record was not bound to any particular record of the target table.","required":true,"type":"integer","format":"int32"},{"name":"Accept-Language","in":"header","description":"Convert string references and multi-language values into a specified language (iso2) code.","required":false,"type":"string"},{"name":"SO-Language","in":"header","description":"Convert string references and multi-language values into a specified language (iso2) code. Overrides Accept-Language value.","required":false,"type":"string"},{"name":"SO-Culture","in":"header","description":"Number, date formatting in a specified culture (iso2 language) code. Partially overrides SO-Language/Accept-Language value. Ignored if no Language set.","required":false,"type":"string"},{"name":"SO-TimeZone","in":"header","description":"Specify the timezone code that you would like date/time responses converted to.","required":false,"type":"string"},{"name":"SO-AppToken","in":"header","description":"The application token that identifies the partner app. Used when calling Online WebAPI from a server.","required":false,"type":"string"}],"responses":{"200":{"description":"OK","schema":{"type":"string"}}},"security":[{"SuperOffice Password":[],"SuperId Authentication":[]}]}},"/api/v1/ForeignApp/{applicationName}/{deviceName}/{deviceIdentifier}/Key/{keyName}/{tableName}/{recordId}":{"get":{"tags":["ForeignApp"],"summary":"Returning a foreign key by its key name and device identifier, that belongs to the specified device and application.","description":"A table name and record ID can also be specified.","operationId":"v1ForeignAppEntity_GetKeyOnDeviceIdentifier","consumes":[],"produces":["application/json","text/json","application/xml","text/xml","application/json-patch+json","application/merge-patch+json"],"parameters":[{"name":"applicationName","in":"path","description":"The name of the foreign application.","required":true,"type":"string"},{"name":"deviceName","in":"path","description":"The name of the foreign device.","required":true,"type":"string"},{"name":"deviceIdentifier","in":"path","description":"The device identifier.","required":true,"type":"string"},{"name":"keyName","in":"path","description":"The name of the foreign key.","required":true,"type":"string"},{"name":"tableName","in":"path","description":"Table name, transformed to and from numeric table id by the service layer.&lt;p/&gt;Use an empty string to indicate that your key is not bound to any specific table.","required":true,"type":"string"},{"name":"recordId","in":"path","description":"Id of record that this key refers to. If the table name was blank, then this parameter must be 0. It can also be 0 to mean that the foreign key record was not bound to any particular record of the target table.","required":true,"type":"integer","format":"int32"},{"name":"Accept-Language","in":"header","description":"Convert string references and multi-language values into a specified language (iso2) code.","required":false,"type":"string"},{"name":"SO-Language","in":"header","description":"Convert string references and multi-language values into a specified language (iso2) code. Overrides Accept-Language value.","required":false,"type":"string"},{"name":"SO-Culture","in":"header","description":"Number, date formatting in a specified culture (iso2 language) code. Partially overrides SO-Language/Accept-Language value. Ignored if no Language set.","required":false,"type":"string"},{"name":"SO-TimeZone","in":"header","description":"Specify the timezone code that you would like date/time responses converted to.","required":false,"type":"string"},{"name":"SO-AppToken","in":"header","description":"The application token that identifies the partner app. Used when calling Online WebAPI from a server.","required":false,"type":"string"}],"responses":{"200":{"description":"OK","schema":{"$ref":"#/definitions/SuperOffice.CRM.Services.ForeignKey"}}},"security":[{"SuperOffice Password":[],"SuperId Authentication":[]}]},"delete":{"tags":["ForeignApp"],"summary":"Deletes all specified occurrences of a key, belonging to the ForeignApp and ForeignDevice, table and record specified.","description":"Specifying a blank table name will delete ALL keys of the given name; specifying a recordId of 0 will delete ALL keys of the given name for the given table.","operationId":"v1ForeignAppEntity_DeleteForeignKeyOnName","consumes":[],"produces":[],"parameters":[{"name":"applicationName","in":"path","description":"The name of the foreign application.","required":true,"type":"string"},{"name":"deviceName","in":"path","description":"The name of the foreign device.","required":true,"type":"string"},{"name":"keyName","in":"path","description":"The name of the foreign key to delete.","required":true,"type":"string"},{"name":"deviceIdentifier","in":"path","description":"The device identifier. Optional if device identifier is not used.","required":true,"type":"string"},{"name":"tableName","in":"path","description":"Table name, transformed to and from numeric table id by the service layer.&lt;p/&gt;Use an empty string to delete ALL keys that otherwise match; this may be dangerous and can take a long time if there are many items to delete.","required":true,"type":"string"},{"name":"recordId","in":"path","description":"Id of record that this key refers to. If the table name was blank, then this parameter must be 0. It can also be 0 to mean that the foreign key record was not bound to any particular record of the target table.&lt;p/&gt;Specifying a zero recordId will remove the recordId restriction and delete all keys that otherwise match.","required":true,"type":"integer","format":"int32"},{"name":"SO-AppToken","in":"header","description":"The application token that identifies the partner app. Used when calling Online WebAPI from a server.","required":false,"type":"string"}],"responses":{"204":{"description":"No Content"}},"security":[{"SuperOffice Password":[],"SuperId Authentication":[]}]}},"/api/v1/ForeignApp/{applicationName}/{deviceName}/{deviceIdentifier}/Key/{keyName}/{tableName}/{recordId}/Value":{"get":{"tags":["ForeignApp"],"summary":"Returning a foreign key string value by its key name and device identifier, that belongs to the specified device and application.","description":"A table name and record ID can also be specified.","operationId":"v1ForeignAppEntity_GetKeyValueOnDeviceIdentifier","consumes":[],"produces":["application/json","text/json","application/xml","text/xml","application/json-patch+json","application/merge-patch+json"],"parameters":[{"name":"applicationName","in":"path","description":"The name of the foreign application.","required":true,"type":"string"},{"name":"deviceName","in":"path","description":"The name of the foreign device.","required":true,"type":"string"},{"name":"deviceIdentifier","in":"path","description":"The device identifier.","required":true,"type":"string"},{"name":"keyName","in":"path","description":"The name of the foreign key.","required":true,"type":"string"},{"name":"tableName","in":"path","description":"Table name, transformed to and from numeric table id by the service layer.&lt;p/&gt;Use an empty string to indicate that your key is not bound to any specific table.","required":true,"type":"string"},{"name":"recordId","in":"path","description":"Id of record that this key refers to. If the table name was blank, then this parameter must be 0. It can also be 0 to mean that the foreign key record was not bound to any particular record of the target table.","required":true,"type":"integer","format":"int32"},{"name":"Accept-Language","in":"header","description":"Convert string references and multi-language values into a specified language (iso2) code.","required":false,"type":"string"},{"name":"SO-Language","in":"header","description":"Convert string references and multi-language values into a specified language (iso2) code. Overrides Accept-Language value.","required":false,"type":"string"},{"name":"SO-Culture","in":"header","description":"Number, date formatting in a specified culture (iso2 language) code. Partially overrides SO-Language/Accept-Language value. Ignored if no Language set.","required":false,"type":"string"},{"name":"SO-TimeZone","in":"header","description":"Specify the timezone code that you would like date/time responses converted to.","required":false,"type":"string"},{"name":"SO-AppToken","in":"header","description":"The application token that identifies the partner app. Used when calling Online WebAPI from a server.","required":false,"type":"string"}],"responses":{"200":{"description":"OK","schema":{"type":"string"}}},"security":[{"SuperOffice Password":[],"SuperId Authentication":[]}]}},"/api/v1/ForeignApp/{applicationName}/{deviceName}/{deviceIdentifier}/Key":{"put":{"tags":["ForeignApp"],"summary":"Saves a key belonging to the ForeignApp and ForeignDevice specified.","description":"","operationId":"v1ForeignAppEntity_SaveForeignKey","consumes":["application/json","text/json","application/xml","text/xml","application/x-www-form-urlencoded","application/json-patch+json","application/merge-patch+json"],"produces":["application/json","text/json","application/xml","text/xml","application/json-patch+json","application/merge-patch+json"],"parameters":[{"name":"foreignKey","in":"body","description":"Foreign key to save","required":true,"schema":{"$ref":"#/definitions/SuperOffice.CRM.Services.ForeignKey"}},{"name":"applicationName","in":"path","description":"The name of the foreign application.","required":true,"type":"string"},{"name":"deviceName","in":"path","description":"The name of the foreign device.","required":true,"type":"string"},{"name":"deviceIdentifier","in":"path","description":"The device identifier. Optional if device identifier is not used.","required":true,"type":"string"},{"name":"Accept-Language","in":"header","description":"Convert string references and multi-language values into a specified language (iso2) code.","required":false,"type":"string"},{"name":"SO-Language","in":"header","description":"Convert string references and multi-language values into a specified language (iso2) code. Overrides Accept-Language value.","required":false,"type":"string"},{"name":"SO-Culture","in":"header","description":"Number, date formatting in a specified culture (iso2 language) code. Partially overrides SO-Language/Accept-Language value. Ignored if no Language set.","required":false,"type":"string"},{"name":"SO-TimeZone","in":"header","description":"Specify the timezone code that you would like date/time responses converted to.","required":false,"type":"string"},{"name":"SO-AppToken","in":"header","description":"The application token that identifies the partner app. Used when calling Online WebAPI from a server.","required":false,"type":"string"}],"responses":{"200":{"description":"OK","schema":{"$ref":"#/definitions/SuperOffice.CRM.Services.ForeignKey"}}},"security":[{"SuperOffice Password":[],"SuperId Authentication":[]}]},"post":{"tags":["ForeignApp"],"summary":"Add a new key belonging to the ForeignApp and ForeignDevice specified.","description":"","operationId":"v1ForeignAppEntity_AddForeignKey","consumes":["application/json","text/json","application/xml","text/xml","application/x-www-form-urlencoded","application/json-patch+json","application/merge-patch+json"],"produces":["application/json","text/json","application/xml","text/xml","application/json-patch+json","application/merge-patch+json"],"parameters":[{"name":"foreignKey","in":"body","description":"Foreign key to save","required":true,"schema":{"$ref":"#/definitions/SuperOffice.CRM.Services.ForeignKey"}},{"name":"applicationName","in":"path","description":"The name of the foreign application.","required":true,"type":"string"},{"name":"deviceName","in":"path","description":"The name of the foreign device.","required":true,"type":"string"},{"name":"deviceIdentifier","in":"path","description":"The device identifier. Optional if device identifier is not used.","required":true,"type":"string"},{"name":"Accept-Language","in":"header","description":"Convert string references and multi-language values into a specified language (iso2) code.","required":false,"type":"string"},{"name":"SO-Language","in":"header","description":"Convert string references and multi-language values into a specified language (iso2) code. Overrides Accept-Language value.","required":false,"type":"string"},{"name":"SO-Culture","in":"header","description":"Number, date formatting in a specified culture (iso2 language) code. Partially overrides SO-Language/Accept-Language value. Ignored if no Language set.","required":false,"type":"string"},{"name":"SO-TimeZone","in":"header","description":"Specify the timezone code that you would like date/time responses converted to.","required":false,"type":"string"},{"name":"SO-AppToken","in":"header","description":"The application token that identifies the partner app. Used when calling Online WebAPI from a server.","required":false,"type":"string"}],"responses":{"200":{"description":"OK","schema":{"$ref":"#/definitions/SuperOffice.CRM.Services.ForeignKey"}}},"security":[{"SuperOffice Password":[],"SuperId Authentication":[]}]}},"/api/v1/ForeignApp/{applicationName}/{deviceName}/Key/{keyName}/{tableName}":{"get":{"tags":["ForeignApp"],"summary":"Get a foreignkey based on its name and value, that belongs to the specified device and application.","description":"","operationId":"v1ForeignAppEntity_GetKeyByValue","consumes":[],"produces":["application/json","text/json","application/xml","text/xml","application/json-patch+json","application/merge-patch+json"],"parameters":[{"name":"applicationName","in":"path","description":"The name of the foreign application.","required":true,"type":"string"},{"name":"deviceName","in":"path","description":"The name of the foreign device.","required":true,"type":"string"},{"name":"keyName","in":"path","description":"The name of the foreign key.","required":true,"type":"string"},{"name":"keyValue","in":"query","description":"Foreignkey value","required":true,"type":"string"},{"name":"tableName","in":"path","description":"Table name, transformed to and from numeric table id by the service layer.&lt;p/&gt;Use an empty string to indicate that your key is not bound to any specific table.","required":true,"type":"string"},{"name":"Accept-Language","in":"header","description":"Convert string references and multi-language values into a specified language (iso2) code.","required":false,"type":"string"},{"name":"SO-Language","in":"header","description":"Convert string references and multi-language values into a specified language (iso2) code. Overrides Accept-Language value.","required":false,"type":"string"},{"name":"SO-Culture","in":"header","description":"Number, date formatting in a specified culture (iso2 language) code. Partially overrides SO-Language/Accept-Language value. Ignored if no Language set.","required":false,"type":"string"},{"name":"SO-TimeZone","in":"header","description":"Specify the timezone code that you would like date/time responses converted to.","required":false,"type":"string"},{"name":"SO-AppToken","in":"header","description":"The application token that identifies the partner app. Used when calling Online WebAPI from a server.","required":false,"type":"string"}],"responses":{"200":{"description":"OK","schema":{"$ref":"#/definitions/SuperOffice.CRM.Services.ForeignKey"}}},"security":[{"SuperOffice Password":[],"SuperId Authentication":[]}]}},"/api/v1/ForeignApp/{applicationName}/{deviceName}/{deviceIdentifier}/Key/{keyName}/{tableName}":{"get":{"tags":["ForeignApp"],"summary":"Get a foreignkey based on its name and value, that belongs to the specified deviceId, device, and application.","description":"","operationId":"v1ForeignAppEntity_GetKeyByValueAndIdentifier","consumes":[],"produces":["application/json","text/json","application/xml","text/xml","application/json-patch+json","application/merge-patch+json"],"parameters":[{"name":"applicationName","in":"path","description":"The name of the foreign application.","required":true,"type":"string"},{"name":"deviceName","in":"path","description":"The name of the foreign device.","required":true,"type":"string"},{"name":"deviceIdentifier","in":"path","description":"The device identifier. Optional if device identifier is not used.","required":true,"type":"string"},{"name":"keyName","in":"path","description":"The name of the foreign key.","required":true,"type":"string"},{"name":"Value","in":"query","description":"Foreignkey value","required":true,"type":"string"},{"name":"tableName","in":"path","description":"Table name, transformed to and from numeric table id by the service layer.&lt;p/&gt;Use an empty string to indicate that your key is not bound to any specific table.","required":true,"type":"string"},{"name":"Accept-Language","in":"header","description":"Convert string references and multi-language values into a specified language (iso2) code.","required":false,"type":"string"},{"name":"SO-Language","in":"header","description":"Convert string references and multi-language values into a specified language (iso2) code. Overrides Accept-Language value.","required":false,"type":"string"},{"name":"SO-Culture","in":"header","description":"Number, date formatting in a specified culture (iso2 language) code. Partially overrides SO-Language/Accept-Language value. Ignored if no Language set.","required":false,"type":"string"},{"name":"SO-TimeZone","in":"header","description":"Specify the timezone code that you would like date/time responses converted to.","required":false,"type":"string"},{"name":"SO-AppToken","in":"header","description":"The application token that identifies the partner app. Used when calling Online WebAPI from a server.","required":false,"type":"string"}],"responses":{"200":{"description":"OK","schema":{"$ref":"#/definitions/SuperOffice.CRM.Services.ForeignKey"}}},"security":[{"SuperOffice Password":[],"SuperId Authentication":[]}]}}},"definitions":{"SuperOffice.CRM.Services.ForeignAppEntity":{"description":"Carrier object for ForeignAppEntity.\r\nServices for the ForeignAppEntity Carrier is available from the <see cref=\"T:SuperOffice.CRM.Services.IForeignSystemAgent\">ForeignSystem Agent</see>.","type":"object","properties":{"ForeignAppId":{"format":"int32","description":"Primary key","type":"integer"},"Name":{"description":"Name of foreign application","type":"string"},"CreatedDate":{"format":"date-time","description":"Registered when  in UTC.","type":"string"},"UpdatedDate":{"format":"date-time","description":"Last updated when  in UTC.","type":"string"},"CreatedBy":{"$ref":"#/definitions/SuperOffice.CRM.Services.Associate","description":"The person that created the foreign application."},"UpdatedBy":{"$ref":"#/definitions/SuperOffice.CRM.Services.Associate","description":"The person that last updated this foreign application."},"Devices":{"description":"The devices that belong to this foreign app.","type":"array","items":{"$ref":"#/definitions/SuperOffice.CRM.Services.ForeignDevice"}},"TableRight":{"$ref":"#/definitions/SuperOffice.CRM.Security.TableRight","description":"The carrier's table right"},"FieldProperties":{"description":"Field property dictionary mapping field names to field access rights.","type":"object","additionalProperties":{"$ref":"#/definitions/SuperOffice.CRM.Security.FieldProperty"}}}},"SuperOffice.CRM.Services.Associate":{"description":"Carrier object for Associate.\r\nServices for the Associate Carrier is available from the <see cref=\"T:SuperOffice.CRM.Services.IAssociateAgent\">Associate Agent</see>.","type":"object","properties":{"AssociateId":{"format":"int32","description":"Primary key","type":"integer"},"Name":{"description":"Initials, also login name, possibly database user name","type":"string"},"PersonId":{"format":"int32","description":"Owning person record \r\n<para>Use MDO List name \"person\" to get list items.</para>","type":"integer"},"Rank":{"format":"int32","description":"Rank order","type":"integer"},"Tooltip":{"description":"Tooltip or other description","type":"string"},"Type":{"description":"User type - 1 = internal user, 2 = resource, 3 = external user, 4 = anonymous, 5 = system","enum":["Unknown","InternalAssociate","ResourceAssociate","ExternalAssociate","AnonymousAssociate","SystemAssociate"],"type":"string"},"GroupIdx":{"format":"int32","description":"Primary group membership, see UserGroupLink for secondary memberships","type":"integer"},"FullName":{"description":"The associate's culture formatted fullname (firstname, middleName and lastname)","type":"string"},"FormalName":{"description":"The associate's culture formatted formalname (firstname, middleName and lastname, title, mrmrs)","type":"string"},"Deleted":{"description":"If true, the user is retired and should have no rights, not appear in lists, etc.","type":"boolean"},"EjUserId":{"format":"int32","description":"ID of the ej user record corresponding to this associate; 0 for associates that are not ej users","type":"integer"},"UserName":{"description":"User name","type":"string"},"ExtraFields":{"description":"Deprecated: Use {SuperOffice.CRM.Services.Associate.CustomFields} instead.\r\nExtra fields added to the carrier. This could be data from Plug-ins, the foreign key system, external applications, etc.","type":"object","additionalProperties":{"type":"string"}},"CustomFields":{"description":"Udef + Extra fields added to the carrier. Extra fields as defined by changes to database schema + user-defined fields as defined by admin.\r\nCustom fields combines user defined fields and extra fields into one bucket. \r\nThe individual {SuperOffice.CRM.Services.Associate.ExtraFields} and <see cref=\"!:UserDefinedFields\">UserDefinedFields</see> properties are deprecated in favor of this\r\ncombined collection.","type":"object","additionalProperties":{"type":"string"}},"TableRight":{"$ref":"#/definitions/SuperOffice.CRM.Security.TableRight","description":"The carrier's table right"},"FieldProperties":{"description":"Field property dictionary mapping field names to field access rights.","type":"object","additionalProperties":{"$ref":"#/definitions/SuperOffice.CRM.Security.FieldProperty"}}}},"SuperOffice.CRM.Security.TableRight":{"description":"Wraps a table right together with an explanatory reason.\r\nCode can indicate why access is restricted.","type":"object","properties":{"Mask":{"type":"string"},"Reason":{"type":"string"}}},"SuperOffice.CRM.Security.FieldProperty":{"description":"Class holding properties like field length, field type about a field in the carrier.","type":"object","properties":{"FieldRight":{"$ref":"#/definitions/SuperOffice.CRM.Security.FieldRight"},"FieldType":{"type":"string"},"FieldLength":{"format":"int32","description":"","type":"integer"}}},"SuperOffice.CRM.Security.FieldRight":{"description":"Wraps the field right together with an explanatory reason.\r\nAlso adds logical operators to the field rights so that they can be easily combined.","type":"object","properties":{"Mask":{"type":"string"},"Reason":{"type":"string"}}},"SuperOffice.CRM.Services.ForeignDevice":{"description":"Saves a foreign device belonging to the ForeignDevice and application name specified.\r\n<para />\r\nCarrier object for ForeignDevice.\r\nServices for the ForeignDevice Carrier is available from the <see cref=\"T:SuperOffice.CRM.Services.IForeignSystemAgent\">ForeignSystem Agent</see>.","type":"object","properties":{"ForeignDeviceId":{"format":"int32","description":"Primary key","type":"integer"},"Name":{"description":"Name of device","type":"string"},"CreatedDate":{"format":"date-time","description":"Registered when  in UTC.","type":"string"},"UpdatedDate":{"format":"date-time","description":"Last updated when  in UTC.","type":"string"},"AssociateFullName":{"description":"The person owning the Foreign Device","type":"string"},"CreatedBy":{"description":"The person that created the device.","type":"string"},"UpdatedBy":{"description":"The person that last updated this device.","type":"string"},"DeviceIdentifier":{"description":"Optional unique id of device (Palm pilot device ID, etc)","type":"string"},"ForeignAppId":{"format":"int32","description":"Reference to foregin application (device type)","type":"integer"},"TableRight":{"$ref":"#/definitions/SuperOffice.CRM.Security.TableRight","description":"The carrier's table right"},"FieldProperties":{"description":"Field property dictionary mapping field names to field access rights.","type":"object","additionalProperties":{"$ref":"#/definitions/SuperOffice.CRM.Security.FieldProperty"}}}},"SuperOffice.Services.WebApi.OData.ODataSlimResponse":{"description":"Easy to use archive results - just a flat list of values.","type":"object","properties":{"odata.metadata":{"type":"string"},"odata.nextLink":{"type":"string"},"value":{"type":"array","items":{"type":"object","additionalProperties":{"type":"object"}}}}},"SuperOffice.WebApi.v1.Carriers.ForeignSystemCarriers.ForeignAppEntityWithLinks":{"description":"<para />\r\n            ForeignAppEntity entity with API _Links added.","type":"object","properties":{"ForeignAppId":{"format":"int32","description":"Primary key","type":"integer"},"Name":{"description":"Name of foreign application","type":"string"},"CreatedDate":{"format":"date-time","description":"Registered when  in UTC.","type":"string"},"UpdatedDate":{"format":"date-time","description":"Last updated when  in UTC.","type":"string"},"CreatedBy":{"$ref":"#/definitions/SuperOffice.CRM.Services.Associate","description":"The person that created the foreign application."},"UpdatedBy":{"$ref":"#/definitions/SuperOffice.CRM.Services.Associate","description":"The person that last updated this foreign application."},"Devices":{"description":"The devices that belong to this foreign app.","type":"array","items":{"$ref":"#/definitions/SuperOffice.CRM.Services.ForeignDevice"}},"TableRight":{"$ref":"#/definitions/SuperOffice.CRM.Security.TableRight","description":"The carrier's table right"},"FieldProperties":{"description":"Field property dictionary mapping field names to field access rights.","type":"object","additionalProperties":{"$ref":"#/definitions/SuperOffice.CRM.Security.FieldProperty"}},"_Links":{"type":"object","additionalProperties":{"type":"string"}}}},"SuperOffice.CRM.Services.ForeignKey":{"description":"Carrier object for ForeignKey.\r\nServices for the ForeignKey Carrier is available from the <see cref=\"T:SuperOffice.CRM.Services.IForeignSystemAgent\">ForeignSystem Agent</see>.","type":"object","properties":{"Key":{"description":"Subkey (optional)","type":"string"},"Value":{"description":"Key value","type":"string"},"RecordId":{"format":"int32","description":"Record in the referenced table","type":"integer"},"CreatedDate":{"format":"date-time","description":"Registered when  in UTC.","type":"string"},"UpdatedDate":{"format":"date-time","description":"Last updated when  in UTC.","type":"string"},"UpdatedBy":{"description":"Name of the person that last updated the foreign key","type":"string"},"CreatedBy":{"description":"Name of the person that created the foreign key","type":"string"},"TableName":{"description":"Table name, transformed to and from numeric table id by the service layer","type":"string"},"TableRight":{"$ref":"#/definitions/SuperOffice.CRM.Security.TableRight","description":"The carrier's table right"},"FieldProperties":{"description":"Field property dictionary mapping field names to field access rights.","type":"object","additionalProperties":{"$ref":"#/definitions/SuperOffice.CRM.Security.FieldProperty"}}}}},"securityDefinitions":{"SuperOffice Password":{"type":"basic","description":"SuperOffice username:password are passed in Base64-encoded. \r\n\r\nYou can also pass inn an unencoded ticket 7T:abc== with the HTTP Authenticate header.\r\n"},"SuperId Authentication":{"type":"oauth2","description":"SuperOffice SuperId OAuth implicit flow. \r\nYou need to issue a request to the SuperId authorization URL\r\n    https://online.superoffice.com/login/common/oauth/authorize?response_type=token\r\n      &client_id=670734e0-4c5a-11e3-be9e-a171392e81db\r\n      &redirect_uri=https://example.com/spa/\r\n\r\npassing in the application id and redirect URL.\r\n\r\nSuperId will log the user in, and redirect to the requested redirect URL with a #payload\r\ncontaining the access token and claims. (The redirect URL must be registered with SuperId in advance)\r\n\r\n   https://example.com/spa#access_token=8A%3aCust12227.AXRrCITpPBvQX3UbIohb\r\n      &token_type=bearer\r\n      &state=\r\n      &expires_in=3600\r\n      &ctx=Cust12227\r\n      &netserver_url=https%3a%2f%2fsod.superoffice.com%2fCust12227%2fRemote%2fServices82%2f\r\n\r\nYou can take the #access_token value and pass it as the Authenticate HTTP header as a BEARER token.\r\n","flow":"implicit","authorizationUrl":"https://online.superoffice.com/login/common/oauth/authorize","scopes":{}}},"tags":[],"externalDocs":{"description":"The SuperOffice DevNet Community has more documentation, examples, and discussion forums.","url":"https://community.superoffice.com/en/developer/"}}