{"swagger":"2.0","info":{"version":"v1-REST","title":"SuperOffice REST API v1","description":"SuperOffice REST API - User","termsOfService":"You must be an authorized user to access this API.","contact":{"name":"SuperOffice DevNet","url":"https://docs.superoffice.com/en/api/index.html","email":"sdk@superoffice.com"}},"host":"localhost:64026","schemes":["http","https"],"paths":{"/api/v1/User":{"get":{"tags":["User"],"summary":"OData list of all User.","description":"Can be sorted and further filtered using OData conventions:\r\n\r\n* User?$select=col1,col2,abc/col3\r\n* User?$filter=col1 eq 'foo' and startswith(col2, 'baz')\r\n* User?$orderby=abc/col3,col1\r\n* User?$top=1000\r\n* User?$mode=full\r\n\r\n\r\nOData returns XML or JSON carriers depending on the Accept headers.\r\n\r\n\r\nCalls the Archive service using the \"AllUsers\" archive.\r\n\r\n\r\n## Filter Operators: ##\r\n\r\nints: eq =, ne, le, lt, gt, ge, set, equals, greater, less, unequals, between\r\n\r\nstrings: contains, is, notBegins, notContains, isNot\r\n\r\nassociate: associateIsOneOf, associateIsNotOneOf,  \r\n\r\nlist ids: oneOf, NotOneOf, \r\n\r\ndates: before, date, after, dateBetween, beforeToday\r\n\r\nUnary ops: currentAssociate, beforeToday, today, afterToday, lastWeek, thisWeek, nextWeek, lastMonth, thisMonth, nextMonth, lastQuarter, thisQuarter, nextQuarter, thisHalf, thisYear\r\n\r\nFuncs: substringof(a,b), startswith(a,b), endswith(a,b), this(f,period), next(f,n,period), previous(f,n,period), thisAndNext(f,n,period), thisAndPrevious(f,n,period), thisAndPreviousAndNext(f,period)\r\n","operationId":"v1User_GetAll","consumes":[],"produces":["application/json","text/json","application/xml","text/xml","application/json-patch+json","application/merge-patch+json"],"parameters":[{"name":"$select","in":"query","description":"Comma separated list of column names to return. \"nameDepartment,fullname,category\". Can also use aggregation functions and modifiers: \"Count(category):Footer\"","required":false,"type":"string"},{"name":"$filter","in":"query","description":"Expression to restrict the results. e.g.: \"name begins 'foo' and category gt 1\"","required":false,"type":"string"},{"name":"$orderBy","in":"query","description":"Comma separated list of column names to sort by, with optional direction. \"name asc,fullname,category desc\"","required":false,"type":"string"},{"name":"$entities","in":"query","description":"Comma separated list of entity names to use. Default = \"\". \"contact, person\"","required":false,"type":"string"},{"name":"$top","in":"query","description":"Number of rows to return in results","required":false,"type":"integer","format":"int32"},{"name":"$skip","in":"query","description":"Number of rows from database to skip before returning results","required":false,"type":"integer","format":"int32"},{"name":"$mode","in":"query","description":"FULL (with raw values and hints for each value) or SLIM (just the display values)","required":false,"type":"string","enum":["Slim","Wide","Full"]},{"name":"$options","in":"query","description":"Provider specific options. e.g: \"GrandTotal=true\"","required":false,"type":"string"},{"name":"$context","in":"query","description":"Provider specific context parameter.","required":false,"type":"string"},{"name":"$format","in":"query","description":"Set XML or JSON output format; override the format determined from Accept header.","required":false,"type":"string"},{"name":"$jsonSafe","in":"query","description":"Make output names into JSON safe property names. Replace all unsafe characters with _ underscore.","required":false,"type":"boolean"},{"name":"$output","in":"query","description":"Return Logical or Display values in SLIM mode. Logical returns true/false for booleans, Display returns icon hints. Dates are always returned as ISO strings.","required":false,"type":"string","enum":["Logical","Display"]},{"name":"Accept-Language","in":"header","description":"Convert string references and multi-language values into a specified language (iso2) code.","required":false,"type":"string"},{"name":"SO-Language","in":"header","description":"Convert string references and multi-language values into a specified language (iso2) code. Overrides Accept-Language value.","required":false,"type":"string"},{"name":"SO-Culture","in":"header","description":"Number, date formatting in a specified culture (iso2 language) code. Partially overrides SO-Language/Accept-Language value. Ignored if no Language set.","required":false,"type":"string"},{"name":"SO-TimeZone","in":"header","description":"Specify the timezone code that you would like date/time responses converted to.","required":false,"type":"string"},{"name":"SO-AppToken","in":"header","description":"The application token that identifies the partner app. Used when calling Online WebAPI from a server.","required":false,"type":"string"}],"responses":{"200":{"description":"OK","schema":{"$ref":"#/definitions/SuperOffice.Services.WebApi.OData.ODataSlimResponse"}}},"security":[{"SuperOffice Password":[],"SuperId Authentication":[]}]},"post":{"tags":["User"],"summary":"Creates a new User","description":"Calls the User agent service SaveUser.\r\nNsApiSlow threshold: 2000 ms.\r\n<para />## Online Restricted: ## The User agent is not available in Online by default. User management is not allowed for partner apps.","operationId":"v1User_PostUser","consumes":["application/json","text/json","application/xml","text/xml","application/x-www-form-urlencoded","application/json-patch+json","application/merge-patch+json"],"produces":["application/json","text/json","application/xml","text/xml","application/json-patch+json","application/merge-patch+json"],"parameters":[{"name":"newEntity","in":"body","description":"The User to be saved.","required":true,"schema":{"$ref":"#/definitions/SuperOffice.CRM.Services.User"}},{"name":"$select","in":"query","description":"Optional comma separated list of properties to include in the result. Other fields are then nulled out to reduce payload size: \"Name,department,category\" Default = show all fields.","required":false,"type":"string"},{"name":"Accept-Language","in":"header","description":"Convert string references and multi-language values into a specified language (iso2) code.","required":false,"type":"string"},{"name":"SO-Language","in":"header","description":"Convert string references and multi-language values into a specified language (iso2) code. Overrides Accept-Language value.","required":false,"type":"string"},{"name":"SO-Culture","in":"header","description":"Number, date formatting in a specified culture (iso2 language) code. Partially overrides SO-Language/Accept-Language value. Ignored if no Language set.","required":false,"type":"string"},{"name":"SO-TimeZone","in":"header","description":"Specify the timezone code that you would like date/time responses converted to.","required":false,"type":"string"},{"name":"SO-AppToken","in":"header","description":"The application token that identifies the partner app. Used when calling Online WebAPI from a server.","required":false,"type":"string"}],"responses":{"200":{"description":"OK","schema":{"$ref":"#/definitions/SuperOffice.WebApi.v1.Carriers.UserCarriers.UserWithLinks"}}},"security":[{"SuperOffice Password":[],"SuperId Authentication":[]}]}},"/api/v1/User/{id}":{"get":{"tags":["User"],"summary":"Gets a User object.","description":"Calls the User agent service GetUser.\r\nNsApiSlow threshold: 2000 ms.\r\n<para />## Online Restricted: ## The User agent is not available in Online by default. User management is not allowed for partner apps.","operationId":"v1User_GetUser","consumes":[],"produces":["application/json","text/json","application/xml","text/xml","application/json-patch+json","application/merge-patch+json"],"parameters":[{"name":"id","in":"path","description":"The id of the User to return.","required":true,"type":"integer","format":"int32"},{"name":"$select","in":"query","description":"Optional comma separated list of properties to include in the result. Other fields are then nulled out to reduce payload size: \"Name,department,category\" Default = show all fields.","required":false,"type":"string"},{"name":"fk","in":"query","description":"Load foreign keys on this entity into the ExtraFields property as 'app.device.keyname'='123' pairs.","required":false,"type":"boolean"},{"name":"Accept-Language","in":"header","description":"Convert string references and multi-language values into a specified language (iso2) code.","required":false,"type":"string"},{"name":"SO-Language","in":"header","description":"Convert string references and multi-language values into a specified language (iso2) code. Overrides Accept-Language value.","required":false,"type":"string"},{"name":"SO-Culture","in":"header","description":"Number, date formatting in a specified culture (iso2 language) code. Partially overrides SO-Language/Accept-Language value. Ignored if no Language set.","required":false,"type":"string"},{"name":"SO-TimeZone","in":"header","description":"Specify the timezone code that you would like date/time responses converted to.","required":false,"type":"string"},{"name":"SO-AppToken","in":"header","description":"The application token that identifies the partner app. Used when calling Online WebAPI from a server.","required":false,"type":"string"}],"responses":{"200":{"description":"User found.","schema":{"$ref":"#/definitions/SuperOffice.WebApi.v1.Carriers.UserCarriers.UserWithLinks"}},"404":{"description":"Not Found."}},"security":[{"SuperOffice Password":[],"SuperId Authentication":[]}]},"put":{"tags":["User"],"summary":"Updates the existing User","description":"NsApiSlow threshold: 2000 ms.\r\n<para />## Online Restricted: ## The User agent is not available in Online by default. User management is not allowed for partner apps.","operationId":"v1User_PutUser","consumes":["application/json","text/json","application/xml","text/xml","application/x-www-form-urlencoded","application/json-patch+json","application/merge-patch+json"],"produces":["application/json","text/json","application/xml","text/xml","application/json-patch+json","application/merge-patch+json"],"parameters":[{"name":"id","in":"path","description":"The User id to update.","required":true,"type":"integer","format":"int32"},{"name":"entity","in":"body","description":"The User to be saved.","required":true,"schema":{"$ref":"#/definitions/SuperOffice.CRM.Services.User"}},{"name":"$select","in":"query","description":"Optional comma separated list of properties to include in the result. Other fields are then nulled out to reduce payload size: \"Name,department,category\" Default = show all fields.","required":false,"type":"string"},{"name":"Accept-Language","in":"header","description":"Convert string references and multi-language values into a specified language (iso2) code.","required":false,"type":"string"},{"name":"SO-Language","in":"header","description":"Convert string references and multi-language values into a specified language (iso2) code. Overrides Accept-Language value.","required":false,"type":"string"},{"name":"SO-Culture","in":"header","description":"Number, date formatting in a specified culture (iso2 language) code. Partially overrides SO-Language/Accept-Language value. Ignored if no Language set.","required":false,"type":"string"},{"name":"SO-TimeZone","in":"header","description":"Specify the timezone code that you would like date/time responses converted to.","required":false,"type":"string"},{"name":"SO-AppToken","in":"header","description":"The application token that identifies the partner app. Used when calling Online WebAPI from a server.","required":false,"type":"string"}],"responses":{"200":{"description":"User updated.","schema":{"$ref":"#/definitions/SuperOffice.WebApi.v1.Carriers.UserCarriers.UserWithLinks"}},"400":{"description":"Bad request. Entity to save is not in request body."}},"security":[{"SuperOffice Password":[],"SuperId Authentication":[]}]},"delete":{"tags":["User"],"summary":"Deletes the User","description":"<para />## Online Restricted: ## The User agent is not available in Online by default. User management is not allowed for partner apps. Calls the User agent service DeleteUser.\r\nNsApiSlow threshold: 2000 ms.","operationId":"v1User_DeleteUser","consumes":[],"produces":[],"parameters":[{"name":"id","in":"path","description":"The User to be deleted.","required":true,"type":"integer","format":"int32"},{"name":"SO-AppToken","in":"header","description":"The application token that identifies the partner app. Used when calling Online WebAPI from a server.","required":false,"type":"string"}],"responses":{"204":{"description":"User deleted."}},"security":[{"SuperOffice Password":[],"SuperId Authentication":[]}]}},"/api/v1/User/{id}/CustomCommand":{"get":{"tags":["User"],"summary":"Get registered custom commands for User","description":"NsApiSlow threshold: 2000 ms.\r\n<para />## Online Restricted: ## The User agent is not available in Online by default. User management is not allowed for partner apps.","operationId":"v1User_GetUserCommandsAsync","consumes":[],"produces":["application/json","text/json","application/xml","text/xml","application/json-patch+json","application/merge-patch+json"],"parameters":[{"name":"id","in":"path","description":"The User to get commands for.","required":true,"type":"integer","format":"int32"},{"name":"Accept-Language","in":"header","description":"Convert string references and multi-language values into a specified language (iso2) code.","required":false,"type":"string"},{"name":"SO-Language","in":"header","description":"Convert string references and multi-language values into a specified language (iso2) code. Overrides Accept-Language value.","required":false,"type":"string"},{"name":"SO-Culture","in":"header","description":"Number, date formatting in a specified culture (iso2 language) code. Partially overrides SO-Language/Accept-Language value. Ignored if no Language set.","required":false,"type":"string"},{"name":"SO-TimeZone","in":"header","description":"Specify the timezone code that you would like date/time responses converted to.","required":false,"type":"string"},{"name":"SO-AppToken","in":"header","description":"The application token that identifies the partner app. Used when calling Online WebAPI from a server.","required":false,"type":"string"}],"responses":{"404":{"description":"Not Found."}},"security":[{"SuperOffice Password":[],"SuperId Authentication":[]}]}},"/api/v1/User/{id}/CustomCommand/{commandName}":{"post":{"tags":["User"],"summary":"Executes a custom command for User","description":"NsApiSlow threshold: 2000 ms.\r\n<para />## Online Restricted: ## The User agent is not available in Online by default. User management is not allowed for partner apps.","operationId":"v1User_ExecuteUserCommandAsync","consumes":[],"produces":["application/json","text/json","application/xml","text/xml","application/json-patch+json","application/merge-patch+json"],"parameters":[{"name":"id","in":"path","description":"The User to execute commands on.","required":true,"type":"integer","format":"int32"},{"name":"commandName","in":"path","description":"The name of the command to execute.","required":true,"type":"string"},{"name":"actionResult","in":"query","description":"Result of an UI operation (Implicit,Yes,Ok,No,Cancel). Input to the command.","required":false,"type":"string","enum":["Implicit","Yes","Ok","No","Cancel"]},{"name":"Accept-Language","in":"header","description":"Convert string references and multi-language values into a specified language (iso2) code.","required":false,"type":"string"},{"name":"SO-Language","in":"header","description":"Convert string references and multi-language values into a specified language (iso2) code. Overrides Accept-Language value.","required":false,"type":"string"},{"name":"SO-Culture","in":"header","description":"Number, date formatting in a specified culture (iso2 language) code. Partially overrides SO-Language/Accept-Language value. Ignored if no Language set.","required":false,"type":"string"},{"name":"SO-TimeZone","in":"header","description":"Specify the timezone code that you would like date/time responses converted to.","required":false,"type":"string"},{"name":"SO-AppToken","in":"header","description":"The application token that identifies the partner app. Used when calling Online WebAPI from a server.","required":false,"type":"string"}],"responses":{"404":{"description":"User with given id does not exist in the db."},"400":{"description":"Bad request. Entity to save is not in request body."}},"security":[{"SuperOffice Password":[],"SuperId Authentication":[]}]}},"/api/v1/User/{userName}":{"get":{"tags":["User"],"summary":"Get a user, with lookup based on user name.","description":"<para />## Online Restricted: ## The User agent is not available in Online by default. User management is not allowed for partner apps.","operationId":"v1User_GetUserFromName","consumes":[],"produces":["application/json","text/json","application/xml","text/xml","application/json-patch+json","application/merge-patch+json"],"parameters":[{"name":"userName","in":"path","description":"User name of the user to get.","required":true,"type":"string"},{"name":"Accept-Language","in":"header","description":"Convert string references and multi-language values into a specified language (iso2) code.","required":false,"type":"string"},{"name":"SO-Language","in":"header","description":"Convert string references and multi-language values into a specified language (iso2) code. Overrides Accept-Language value.","required":false,"type":"string"},{"name":"SO-Culture","in":"header","description":"Number, date formatting in a specified culture (iso2 language) code. Partially overrides SO-Language/Accept-Language value. Ignored if no Language set.","required":false,"type":"string"},{"name":"SO-TimeZone","in":"header","description":"Specify the timezone code that you would like date/time responses converted to.","required":false,"type":"string"},{"name":"SO-AppToken","in":"header","description":"The application token that identifies the partner app. Used when calling Online WebAPI from a server.","required":false,"type":"string"}],"responses":{"200":{"description":"OK","schema":{"$ref":"#/definitions/SuperOffice.CRM.Services.User"}}},"security":[{"SuperOffice Password":[],"SuperId Authentication":[]}]},"put":{"tags":["User"],"summary":"Save a user, with lookup based on the user name.","description":"<para />## Online Restricted: ## The User agent is not available in Online by default. User management is not allowed for partner apps.","operationId":"v1User_SaveUserFromName","consumes":["application/json","text/json","application/xml","text/xml","application/x-www-form-urlencoded","application/json-patch+json","application/merge-patch+json"],"produces":["application/json","text/json","application/xml","text/xml","application/json-patch+json","application/merge-patch+json"],"parameters":[{"name":"userName","in":"path","description":"User name of the user to get.","required":true,"type":"string"},{"name":"user","in":"body","description":"User object to save.","required":true,"schema":{"$ref":"#/definitions/SuperOffice.CRM.Services.User"}},{"name":"Accept-Language","in":"header","description":"Convert string references and multi-language values into a specified language (iso2) code.","required":false,"type":"string"},{"name":"SO-Language","in":"header","description":"Convert string references and multi-language values into a specified language (iso2) code. Overrides Accept-Language value.","required":false,"type":"string"},{"name":"SO-Culture","in":"header","description":"Number, date formatting in a specified culture (iso2 language) code. Partially overrides SO-Language/Accept-Language value. Ignored if no Language set.","required":false,"type":"string"},{"name":"SO-TimeZone","in":"header","description":"Specify the timezone code that you would like date/time responses converted to.","required":false,"type":"string"},{"name":"SO-AppToken","in":"header","description":"The application token that identifies the partner app. Used when calling Online WebAPI from a server.","required":false,"type":"string"}],"responses":{"200":{"description":"OK","schema":{"$ref":"#/definitions/SuperOffice.CRM.Services.User"}}},"security":[{"SuperOffice Password":[],"SuperId Authentication":[]}]},"delete":{"tags":["User"],"summary":"Delete a user, with lookup based on the user name.","description":"<para />## Online Restricted: ## The User agent is not available in Online by default. User management is not allowed for partner apps.","operationId":"v1User_DeleteUserFromName","consumes":[],"produces":[],"parameters":[{"name":"userName","in":"path","description":"User name of the user to delete.","required":true,"type":"string"},{"name":"SO-AppToken","in":"header","description":"The application token that identifies the partner app. Used when calling Online WebAPI from a server.","required":false,"type":"string"}],"responses":{"204":{"description":"No Content"}},"security":[{"SuperOffice Password":[],"SuperId Authentication":[]}]}},"/api/v1/User/CredentialTypes":{"get":{"tags":["User"],"summary":"Get available credential types that can be used for authentication","description":"<para />## Online Restricted: ## The User agent is not available in Online by default. User management is not allowed for partner apps.","operationId":"v1User_GetCredentialTypes","consumes":[],"produces":["application/json","text/json","application/xml","text/xml","application/json-patch+json","application/merge-patch+json"],"parameters":[{"name":"Accept-Language","in":"header","description":"Convert string references and multi-language values into a specified language (iso2) code.","required":false,"type":"string"},{"name":"SO-Language","in":"header","description":"Convert string references and multi-language values into a specified language (iso2) code. Overrides Accept-Language value.","required":false,"type":"string"},{"name":"SO-Culture","in":"header","description":"Number, date formatting in a specified culture (iso2 language) code. Partially overrides SO-Language/Accept-Language value. Ignored if no Language set.","required":false,"type":"string"},{"name":"SO-TimeZone","in":"header","description":"Specify the timezone code that you would like date/time responses converted to.","required":false,"type":"string"},{"name":"SO-AppToken","in":"header","description":"The application token that identifies the partner app. Used when calling Online WebAPI from a server.","required":false,"type":"string"}],"responses":{"200":{"description":"OK","schema":{"type":"array","items":{"$ref":"#/definitions/SuperOffice.CRM.Services.CredentialType"}}}},"security":[{"SuperOffice Password":[],"SuperId Authentication":[]}]}},"/api/v1/User/Default":{"get":{"tags":["User"],"summary":"Create default User providing the associate type and person id.","description":"System and Anonymous users can be created without an exsisting person and permits person id to be 0.\r\n<para />## Online Restricted: ## The User agent is not available in Online by default. User management is not allowed for partner apps.","operationId":"v1User_CreateDefaultUserFromUserTypeAndPersonId","consumes":[],"produces":["application/json","text/json","application/xml","text/xml","application/json-patch+json","application/merge-patch+json"],"parameters":[{"name":"userType","in":"query","description":"Type of associate for the user","required":false,"type":"string","enum":["Unknown","InternalAssociate","ResourceAssociate","ExternalAssociate","AnonymousAssociate","SystemAssociate"]},{"name":"personId","in":"query","description":"Primary key of the person to become a user.","required":false,"type":"integer","format":"int32"},{"name":"Accept-Language","in":"header","description":"Convert string references and multi-language values into a specified language (iso2) code.","required":false,"type":"string"},{"name":"SO-Language","in":"header","description":"Convert string references and multi-language values into a specified language (iso2) code. Overrides Accept-Language value.","required":false,"type":"string"},{"name":"SO-Culture","in":"header","description":"Number, date formatting in a specified culture (iso2 language) code. Partially overrides SO-Language/Accept-Language value. Ignored if no Language set.","required":false,"type":"string"},{"name":"SO-TimeZone","in":"header","description":"Specify the timezone code that you would like date/time responses converted to.","required":false,"type":"string"},{"name":"SO-AppToken","in":"header","description":"The application token that identifies the partner app. Used when calling Online WebAPI from a server.","required":false,"type":"string"}],"responses":{"200":{"description":"OK","schema":{"$ref":"#/definitions/SuperOffice.CRM.Services.User"}}},"security":[{"SuperOffice Password":[],"SuperId Authentication":[]}]}},"/api/v1/User/Validate":{"post":{"tags":["User"],"summary":"Check that entity is ready for saving, return error messages by field.","description":"<para />## Online Restricted: ## The User agent is not available in Online by default. User management is not allowed for partner apps.","operationId":"v1User_ValidateUser","consumes":["application/json","text/json","application/xml","text/xml","application/x-www-form-urlencoded","application/json-patch+json","application/merge-patch+json"],"produces":["application/json","text/json","application/xml","text/xml","application/json-patch+json","application/merge-patch+json"],"parameters":[{"name":"user","in":"body","description":"Entity to be checked for errors.","required":true,"schema":{"$ref":"#/definitions/SuperOffice.CRM.Services.User"}},{"name":"Accept-Language","in":"header","description":"Convert string references and multi-language values into a specified language (iso2) code.","required":false,"type":"string"},{"name":"SO-Language","in":"header","description":"Convert string references and multi-language values into a specified language (iso2) code. Overrides Accept-Language value.","required":false,"type":"string"},{"name":"SO-Culture","in":"header","description":"Number, date formatting in a specified culture (iso2 language) code. Partially overrides SO-Language/Accept-Language value. Ignored if no Language set.","required":false,"type":"string"},{"name":"SO-TimeZone","in":"header","description":"Specify the timezone code that you would like date/time responses converted to.","required":false,"type":"string"},{"name":"SO-AppToken","in":"header","description":"The application token that identifies the partner app. Used when calling Online WebAPI from a server.","required":false,"type":"string"}],"responses":{"200":{"description":"OK","schema":{"type":"object","additionalProperties":{"type":"string"}}}},"security":[{"SuperOffice Password":[],"SuperId Authentication":[]}]}},"/api/v1/User/{associateId}/UserPresenceStatus":{"get":{"tags":["User"],"summary":"Get user presence status","description":"<para />## Online Restricted: ## The User agent is not available in Online by default. User management is not allowed for partner apps.","operationId":"v1User_GetUserPresenceStatus","consumes":[],"produces":["application/json","text/json","application/xml","text/xml","application/json-patch+json","application/merge-patch+json"],"parameters":[{"name":"associateId","in":"path","description":"AssociateId of user to retrieve status for.","required":true,"type":"integer","format":"int32"},{"name":"Accept-Language","in":"header","description":"Convert string references and multi-language values into a specified language (iso2) code.","required":false,"type":"string"},{"name":"SO-Language","in":"header","description":"Convert string references and multi-language values into a specified language (iso2) code. Overrides Accept-Language value.","required":false,"type":"string"},{"name":"SO-Culture","in":"header","description":"Number, date formatting in a specified culture (iso2 language) code. Partially overrides SO-Language/Accept-Language value. Ignored if no Language set.","required":false,"type":"string"},{"name":"SO-TimeZone","in":"header","description":"Specify the timezone code that you would like date/time responses converted to.","required":false,"type":"string"},{"name":"SO-AppToken","in":"header","description":"The application token that identifies the partner app. Used when calling Online WebAPI from a server.","required":false,"type":"string"}],"responses":{"200":{"description":"OK","schema":{"$ref":"#/definitions/SuperOffice.CRM.Services.UserPresenceStatus"}}},"security":[{"SuperOffice Password":[],"SuperId Authentication":[]}]},"put":{"tags":["User"],"summary":"Set user presence status","description":"<para />## Online Restricted: ## The User agent is not available in Online by default. User management is not allowed for partner apps.","operationId":"v1User_SetUserPresenceStatus","consumes":["application/json","text/json","application/xml","text/xml","application/x-www-form-urlencoded","application/json-patch+json","application/merge-patch+json"],"produces":["application/json","text/json","application/xml","text/xml","application/json-patch+json","application/merge-patch+json"],"parameters":[{"name":"associateId","in":"path","description":"AssociateId of user to set status for.","required":true,"type":"integer","format":"int32"},{"name":"userPresenceStatus","in":"body","description":"User presence status to set","required":true,"schema":{"$ref":"#/definitions/SuperOffice.CRM.Services.UserPresenceStatus"}},{"name":"Accept-Language","in":"header","description":"Convert string references and multi-language values into a specified language (iso2) code.","required":false,"type":"string"},{"name":"SO-Language","in":"header","description":"Convert string references and multi-language values into a specified language (iso2) code. Overrides Accept-Language value.","required":false,"type":"string"},{"name":"SO-Culture","in":"header","description":"Number, date formatting in a specified culture (iso2 language) code. Partially overrides SO-Language/Accept-Language value. Ignored if no Language set.","required":false,"type":"string"},{"name":"SO-TimeZone","in":"header","description":"Specify the timezone code that you would like date/time responses converted to.","required":false,"type":"string"},{"name":"SO-AppToken","in":"header","description":"The application token that identifies the partner app. Used when calling Online WebAPI from a server.","required":false,"type":"string"}],"responses":{"200":{"description":"OK","schema":{"$ref":"#/definitions/SuperOffice.CRM.Services.UserPresenceStatus"}}},"security":[{"SuperOffice Password":[],"SuperId Authentication":[]}]}},"/api/v1/User/CustomField":{"get":{"tags":["User"],"summary":"Custom fields meta-data (published user defined + extra fields) on User.","description":"Excludes standard fields.","operationId":"v1User_GetCustomFieldInfoList","consumes":[],"produces":["application/json","text/json","application/xml","text/xml","application/json-patch+json","application/merge-patch+json"],"parameters":[{"name":"Accept-Language","in":"header","description":"Convert string references and multi-language values into a specified language (iso2) code.","required":false,"type":"string"},{"name":"SO-Language","in":"header","description":"Convert string references and multi-language values into a specified language (iso2) code. Overrides Accept-Language value.","required":false,"type":"string"},{"name":"SO-Culture","in":"header","description":"Number, date formatting in a specified culture (iso2 language) code. Partially overrides SO-Language/Accept-Language value. Ignored if no Language set.","required":false,"type":"string"},{"name":"SO-TimeZone","in":"header","description":"Specify the timezone code that you would like date/time responses converted to.","required":false,"type":"string"},{"name":"SO-AppToken","in":"header","description":"The application token that identifies the partner app. Used when calling Online WebAPI from a server.","required":false,"type":"string"}],"responses":{"200":{"description":"OK","schema":{"type":"array","items":{"$ref":"#/definitions/SuperOffice.CRM.Services.FieldInfoBase"}}}},"security":[{"SuperOffice Password":[],"SuperId Authentication":[]}]}},"/api/v1/User/CustomField/{fieldName}":{"get":{"tags":["User"],"summary":"Custom field meta-data (published user defined + extra fields) on User.","description":"Excludes standard fields.","operationId":"v1User_GetCustomFieldInfo","consumes":[],"produces":["application/json","text/json","application/xml","text/xml","application/json-patch+json","application/merge-patch+json"],"parameters":[{"name":"fieldName","in":"path","description":"The name of the custom field to return: 'x_foo' or 'SuperOffice:3'","required":true,"type":"string"},{"name":"Accept-Language","in":"header","description":"Convert string references and multi-language values into a specified language (iso2) code.","required":false,"type":"string"},{"name":"SO-Language","in":"header","description":"Convert string references and multi-language values into a specified language (iso2) code. Overrides Accept-Language value.","required":false,"type":"string"},{"name":"SO-Culture","in":"header","description":"Number, date formatting in a specified culture (iso2 language) code. Partially overrides SO-Language/Accept-Language value. Ignored if no Language set.","required":false,"type":"string"},{"name":"SO-TimeZone","in":"header","description":"Specify the timezone code that you would like date/time responses converted to.","required":false,"type":"string"},{"name":"SO-AppToken","in":"header","description":"The application token that identifies the partner app. Used when calling Online WebAPI from a server.","required":false,"type":"string"}],"responses":{"200":{"description":"OK","schema":{"$ref":"#/definitions/SuperOffice.CRM.Services.FieldInfoBase"}}},"security":[{"SuperOffice Password":[],"SuperId Authentication":[]}]}},"/api/v1/User/{id}/ForeignKey":{"get":{"tags":["User"],"summary":"Foreign keys on the User.","description":"","operationId":"v1User_GetAllForeignKeysOnEntity","consumes":[],"produces":["application/json","text/json","application/xml","text/xml","application/json-patch+json","application/merge-patch+json"],"parameters":[{"name":"id","in":"path","description":"User id/primary key.","required":true,"type":"integer","format":"int32"},{"name":"Accept-Language","in":"header","description":"Convert string references and multi-language values into a specified language (iso2) code.","required":false,"type":"string"},{"name":"SO-Language","in":"header","description":"Convert string references and multi-language values into a specified language (iso2) code. Overrides Accept-Language value.","required":false,"type":"string"},{"name":"SO-Culture","in":"header","description":"Number, date formatting in a specified culture (iso2 language) code. Partially overrides SO-Language/Accept-Language value. Ignored if no Language set.","required":false,"type":"string"},{"name":"SO-TimeZone","in":"header","description":"Specify the timezone code that you would like date/time responses converted to.","required":false,"type":"string"},{"name":"SO-AppToken","in":"header","description":"The application token that identifies the partner app. Used when calling Online WebAPI from a server.","required":false,"type":"string"}],"responses":{"200":{"description":"OK","schema":{"type":"object","additionalProperties":{"type":"string"}}},"404":{"description":"Not Found."}},"security":[{"SuperOffice Password":[],"SuperId Authentication":[]}]}},"/api/v1/User/current":{"get":{"tags":["User"],"summary":"Gets the currently logged in user's information: username, personal name, credentials, licenses.","description":"Blocked in Online for safety. Calls the User agent service GetUser.","operationId":"v1User_GetCurrentUser","consumes":[],"produces":["application/json","text/json","application/xml","text/xml","application/json-patch+json","application/merge-patch+json"],"parameters":[{"name":"Accept-Language","in":"header","description":"Convert string references and multi-language values into a specified language (iso2) code.","required":false,"type":"string"},{"name":"SO-Language","in":"header","description":"Convert string references and multi-language values into a specified language (iso2) code. Overrides Accept-Language value.","required":false,"type":"string"},{"name":"SO-Culture","in":"header","description":"Number, date formatting in a specified culture (iso2 language) code. Partially overrides SO-Language/Accept-Language value. Ignored if no Language set.","required":false,"type":"string"},{"name":"SO-TimeZone","in":"header","description":"Specify the timezone code that you would like date/time responses converted to.","required":false,"type":"string"},{"name":"SO-AppToken","in":"header","description":"The application token that identifies the partner app. Used when calling Online WebAPI from a server.","required":false,"type":"string"}],"responses":{"200":{"description":"OK","schema":{"$ref":"#/definitions/SuperOffice.CRM.Services.User"}}},"security":[{"SuperOffice Password":[],"SuperId Authentication":[]}]}},"/api/v1/User/currentPrincipal":{"get":{"tags":["User"],"summary":"Gets the currently logged in user's information, even in Online.","description":"Does not call an agent - just returns the current session info.","operationId":"v1User_GetCurrentPrincipal","consumes":[],"produces":["application/json","text/json","application/xml","text/xml","application/json-patch+json","application/merge-patch+json"],"parameters":[{"name":"Accept-Language","in":"header","description":"Convert string references and multi-language values into a specified language (iso2) code.","required":false,"type":"string"},{"name":"SO-Language","in":"header","description":"Convert string references and multi-language values into a specified language (iso2) code. Overrides Accept-Language value.","required":false,"type":"string"},{"name":"SO-Culture","in":"header","description":"Number, date formatting in a specified culture (iso2 language) code. Partially overrides SO-Language/Accept-Language value. Ignored if no Language set.","required":false,"type":"string"},{"name":"SO-TimeZone","in":"header","description":"Specify the timezone code that you would like date/time responses converted to.","required":false,"type":"string"},{"name":"SO-AppToken","in":"header","description":"The application token that identifies the partner app. Used when calling Online WebAPI from a server.","required":false,"type":"string"}],"responses":{"200":{"description":"OK","schema":{"$ref":"#/definitions/SuperOffice.CRM.Services.SoPrincipalCarrier"}}},"security":[{"SuperOffice Password":[],"SuperId Authentication":[]}]}},"/api/v1/User/currentAssociate":{"get":{"tags":["User"],"summary":"Gets the currently logged in user's associate information (username, associate id, role)","description":"Calls the Associate agent service GetAssociate.","operationId":"v1User_GetCurrentAssociate","consumes":[],"produces":["application/json","text/json","application/xml","text/xml","application/json-patch+json","application/merge-patch+json"],"parameters":[{"name":"Accept-Language","in":"header","description":"Convert string references and multi-language values into a specified language (iso2) code.","required":false,"type":"string"},{"name":"SO-Language","in":"header","description":"Convert string references and multi-language values into a specified language (iso2) code. Overrides Accept-Language value.","required":false,"type":"string"},{"name":"SO-Culture","in":"header","description":"Number, date formatting in a specified culture (iso2 language) code. Partially overrides SO-Language/Accept-Language value. Ignored if no Language set.","required":false,"type":"string"},{"name":"SO-TimeZone","in":"header","description":"Specify the timezone code that you would like date/time responses converted to.","required":false,"type":"string"},{"name":"SO-AppToken","in":"header","description":"The application token that identifies the partner app. Used when calling Online WebAPI from a server.","required":false,"type":"string"}],"responses":{"200":{"description":"OK","schema":{"$ref":"#/definitions/SuperOffice.CRM.Services.Associate"}}},"security":[{"SuperOffice Password":[],"SuperId Authentication":[]}]}},"/api/v1/User/currentToken":{"get":{"tags":["User"],"summary":"Returns the access token.","description":"It can be used with BEARER authentication to speed up the authentication\r\nprocess. Does not call an agent - just returns the current session info.","operationId":"v1User_GetCurrentToken","consumes":[],"produces":["application/json","text/json","application/xml","text/xml","application/json-patch+json","application/merge-patch+json"],"parameters":[{"name":"Accept-Language","in":"header","description":"Convert string references and multi-language values into a specified language (iso2) code.","required":false,"type":"string"},{"name":"SO-Language","in":"header","description":"Convert string references and multi-language values into a specified language (iso2) code. Overrides Accept-Language value.","required":false,"type":"string"},{"name":"SO-Culture","in":"header","description":"Number, date formatting in a specified culture (iso2 language) code. Partially overrides SO-Language/Accept-Language value. Ignored if no Language set.","required":false,"type":"string"},{"name":"SO-TimeZone","in":"header","description":"Specify the timezone code that you would like date/time responses converted to.","required":false,"type":"string"},{"name":"SO-AppToken","in":"header","description":"The application token that identifies the partner app. Used when calling Online WebAPI from a server.","required":false,"type":"string"}],"responses":{"200":{"description":"OK","schema":{"type":"string"}}},"security":[{"SuperOffice Password":[],"SuperId Authentication":[]}]}}},"definitions":{"SuperOffice.Services.WebApi.OData.ODataSlimResponse":{"description":"Easy to use archive results - just a flat list of values.","type":"object","properties":{"odata.metadata":{"type":"string"},"odata.nextLink":{"type":"string"},"value":{"type":"array","items":{"type":"object","additionalProperties":{"type":"object"}}}}},"SuperOffice.WebApi.v1.Carriers.UserCarriers.UserWithLinks":{"description":"SuperOffice User, with login credentials and an associated person.\r\n<para />\r\nUser entity with API _Links added.","type":"object","properties":{"AssociateId":{"format":"int32","description":"Primary key","type":"integer"},"Name":{"description":"Initials, UserId - also used as login name for on-site installations. Identifies user in archives.","type":"string"},"Rank":{"format":"int32","description":"Rank order","type":"integer"},"Tooltip":{"description":"Tooltip or other description","type":"string"},"LicenseOwners":{"description":"The restricted and unrestricted module licenses grouped by license owner. These module licenses are either assigned or unassigned to this user","type":"array","items":{"$ref":"#/definitions/SuperOffice.CRM.Services.LicenseOwner"}},"Role":{"$ref":"#/definitions/SuperOffice.CRM.Services.Role","description":"Users role for role-based security. Determines permissions and access rights for the user."},"UserGroup":{"$ref":"#/definitions/SuperOffice.CRM.Services.UserGroup","description":"The main user group that this user belongs to. \r\n<para>Use MDO List name \"usergroup\" to get list items.</para>"},"OtherGroups":{"description":"The other groups this user is a member of, apart from the main user group. \r\n<para>Use MDO List name \"usergroup\" to get list items.</para>","type":"array","items":{"$ref":"#/definitions/SuperOffice.CRM.Services.UserGroup"}},"Person":{"$ref":"#/definitions/SuperOffice.CRM.Services.Person","description":"The person associated with this user. Detailed information about the user \r\n<para>Use MDO List name \"person_new\" to get list items.</para>"},"Deleted":{"description":"If true, the user is retired and should have no rights, not appear in lists, etc.","type":"boolean"},"Lastlogin":{"format":"date-time","description":"Last login date","type":"string"},"Lastlogout":{"format":"date-time","description":"Last logout date","type":"string"},"EjUserId":{"format":"int32","description":"ID of the ej user record corresponding to this associate; 0 for associates that are not ej users","type":"integer"},"RequestSignature":{"description":"ej users request signature","type":"string"},"Type":{"description":"User type: 1=InternalAssociate, 2=ResourceAssociate, 3=ExternalAssociate, 4=AnonymousAssociate, 5=SystemAssociate","enum":["Unknown","InternalAssociate","ResourceAssociate","ExternalAssociate","AnonymousAssociate","SystemAssociate"],"type":"string"},"IsPersonRetired":{"description":"True if the user is retired and should have no rights, not appear in lists, etc.","type":"boolean"},"IsOnTravel":{"description":"True if the user is on travel.","type":"boolean"},"Credentials":{"description":"List of credentials registered for this user. i.e. valid authentication methods.","type":"array","items":{"$ref":"#/definitions/SuperOffice.CRM.Services.Credential"}},"UserName":{"description":"User name, a.k.a. Login name. This might be an e-mail address.","type":"string"},"TicketCategories":{"description":"Request Ticket Categories assigned to the user.  \r\n<para>Use MDO List name \"ejCategory\" to get list items.</para>","type":"array","items":{"$ref":"#/definitions/SuperOffice.CRM.Services.MDOListItem"}},"NickName":{"description":"The unique nick name for this user. Used in Service as an alias, similar to Name/Initials.","type":"string"},"WaitingForApproval":{"description":"The user is waiting for an administrator to approve/grant her/him access.","type":"boolean"},"ExtraFields":{"description":"Deprecated: Use {SuperOffice.CRM.Services.User.CustomFields} instead.\r\nExtra fields added to the carrier. This could be data from Plug-ins, the foreign key system, external applications, etc.","type":"object","additionalProperties":{"type":"string"}},"CustomFields":{"description":"Udef + Extra fields added to the carrier. Extra fields as defined by changes to database schema + user-defined fields as defined by admin.\r\nCustom fields combines user defined fields and extra fields into one bucket. \r\nThe individual {SuperOffice.CRM.Services.User.ExtraFields} and <see cref=\"!:UserDefinedFields\">UserDefinedFields</see> properties are deprecated in favor of this\r\ncombined collection.","type":"object","additionalProperties":{"type":"string"}},"PostSaveCommands":{"description":"Post custom commands the client should execute after save has completed.","type":"array","items":{"$ref":"#/definitions/SuperOffice.CRM.Services.CustomCommand"}},"TableRight":{"$ref":"#/definitions/SuperOffice.CRM.Security.TableRight","description":"The carrier's table right"},"FieldProperties":{"description":"Field property dictionary mapping field names to field access rights.","type":"object","additionalProperties":{"$ref":"#/definitions/SuperOffice.CRM.Security.FieldProperty"}},"_Links":{"type":"object","additionalProperties":{"type":"string"}}}},"SuperOffice.CRM.Services.LicenseOwner":{"description":"Carrier object for LicenseOwner.\r\nServices for the LicenseOwner Carrier is available from the <see cref=\"T:SuperOffice.CRM.Services.ILicenseAgent\">License Agent</see>.","type":"object","properties":{"Name":{"description":"The name of the license owner","type":"string"},"Description":{"description":"","type":"string"},"RestrictedModuleLicenses":{"description":"","type":"array","items":{"$ref":"#/definitions/SuperOffice.CRM.Services.ModuleLicenseLink"}},"UnrestrictedModuleLicenses":{"description":"The unrestricted module licenses that this license owner","type":"array","items":{"$ref":"#/definitions/SuperOffice.CRM.Services.ModuleLicenseLink"}},"TableRight":{"$ref":"#/definitions/SuperOffice.CRM.Security.TableRight","description":"The carrier's table right"},"FieldProperties":{"description":"Field property dictionary mapping field names to field access rights.","type":"object","additionalProperties":{"$ref":"#/definitions/SuperOffice.CRM.Security.FieldProperty"}}}},"SuperOffice.CRM.Services.ModuleLicenseLink":{"description":"License assignments carrier\r\n<para />\r\nCarrier object for ModuleLicenseLink.\r\nServices for the ModuleLicenseLink Carrier is available from the <see cref=\"T:SuperOffice.CRM.Services.ILicenseAgent\">License Agent</see>.","type":"object","properties":{"Unrestricted":{"description":"Is this module license restricted or unrestricted","type":"boolean"},"Total":{"format":"int32","description":"The total number of module licenses. In other words the number of free license added to the number of licenses in use equals the total number of licenses","type":"integer"},"Tooltip":{"description":"The tooltip to be shown in some gui with details on the module license","type":"string"},"CanAssign":{"description":"Can a specific user assign this module license","type":"boolean"},"Free":{"format":"int32","description":"The number of licenses that are free to be assigned","type":"integer"},"InUse":{"format":"int32","description":"The total number of licenses (of a given license module) that are occupied","type":"integer"},"IsHidden":{"description":"Is hidden from UI","type":"boolean"},"Assigned":{"description":"Is the module license assigned to a given user?","type":"boolean"},"ModuleLicenseId":{"format":"int32","description":"The identifier of the module license","type":"integer"},"Name":{"description":"The name of the module license","type":"string"},"Description":{"description":"The description of the module license","type":"string"},"PrerequisiteModuleName":{"description":"Name of module that must be active for this license to be used.","type":"string"},"SortOrder":{"format":"int32","description":"Sort order of licenses.","type":"integer"},"ExtraFlags":{"format":"int32","description":"License flags. 1 = user plan","type":"integer"},"TableRight":{"$ref":"#/definitions/SuperOffice.CRM.Security.TableRight","description":"The carrier's table right"},"FieldProperties":{"description":"Field property dictionary mapping field names to field access rights.","type":"object","additionalProperties":{"$ref":"#/definitions/SuperOffice.CRM.Security.FieldProperty"}}}},"SuperOffice.CRM.Security.TableRight":{"description":"Wraps a table right together with an explanatory reason.\r\nCode can indicate why access is restricted.","type":"object","properties":{"Mask":{"type":"string"},"Reason":{"type":"string"}}},"SuperOffice.CRM.Security.FieldProperty":{"description":"Class holding properties like field length, field type about a field in the carrier.","type":"object","properties":{"FieldRight":{"$ref":"#/definitions/SuperOffice.CRM.Security.FieldRight"},"FieldType":{"type":"string"},"FieldLength":{"format":"int32","description":"","type":"integer"}}},"SuperOffice.CRM.Security.FieldRight":{"description":"Wraps the field right together with an explanatory reason.\r\nAlso adds logical operators to the field rights so that they can be easily combined.","type":"object","properties":{"Mask":{"type":"string"},"Reason":{"type":"string"}}},"SuperOffice.CRM.Services.Role":{"description":"Users role for role-based security\r\n<para />\r\nCarrier object for Role.\r\nServices for the Role Carrier is available from the <see cref=\"T:SuperOffice.CRM.Services.IUserAgent\">User Agent</see>.","type":"object","properties":{"Id":{"format":"int32","description":"The List Item Id","type":"integer"},"Value":{"description":"The List Item Value","type":"string"},"Tooltip":{"description":"The List Item Tooltip","type":"string"},"TableRight":{"$ref":"#/definitions/SuperOffice.CRM.Security.TableRight","description":"The carrier's table right"},"FieldProperties":{"description":"Field property dictionary mapping field names to field access rights.","type":"object","additionalProperties":{"$ref":"#/definitions/SuperOffice.CRM.Security.FieldProperty"}}}},"SuperOffice.CRM.Services.UserGroup":{"description":"The main user group that this user belongs to\r\n<para />\r\nCarrier object for UserGroup.\r\nServices for the UserGroup Carrier is available from the <see cref=\"T:SuperOffice.CRM.Services.IUserAgent\">User Agent</see>.","type":"object","properties":{"Value":{"description":"UserGroup name","type":"string"},"Tooltip":{"description":"Tooltip or other description","type":"string"},"Id":{"format":"int32","description":"Primary key","type":"integer"},"Rank":{"format":"int32","description":"Rank order","type":"integer"},"Deleted":{"description":"Deleted equal to true means that this is a user group that no longer can be selected by the user.  It is not permitted to delete a UserGroup.","type":"boolean"},"TableRight":{"$ref":"#/definitions/SuperOffice.CRM.Security.TableRight","description":"The carrier's table right"},"FieldProperties":{"description":"Field property dictionary mapping field names to field access rights.","type":"object","additionalProperties":{"$ref":"#/definitions/SuperOffice.CRM.Security.FieldProperty"}}}},"SuperOffice.CRM.Services.Person":{"description":"Carrier object for Person.\r\nServices for the Person Carrier is available from the <see cref=\"T:SuperOffice.CRM.Services.IPersonAgent\">Person Agent</see>.","type":"object","properties":{"Position":{"description":"The position. This is a predefined SuperOffice value, different from Title","type":"string"},"PersonId":{"format":"int32","description":"Primary key","type":"integer"},"Mrmrs":{"description":"e.g. Mrs   sex_title","type":"string"},"Firstname":{"description":"First name","type":"string"},"Lastname":{"description":"Last name","type":"string"},"MiddleName":{"description":"Middle name or 'van' etc.","type":"string"},"Title":{"description":"Title","type":"string"},"Description":{"description":"Info text/description on person.","type":"string"},"Email":{"description":"First email on contact person.","type":"string"},"FullName":{"description":"Get the persons full name (internal name used in clients for employees).","type":"string"},"DirectPhone":{"description":"Returns the direct phone that belong to the contact person.","type":"string"},"FormalName":{"description":"Get formal name for a person, as used in labels. (Full name + person title + academic title)","type":"string"},"CountryId":{"format":"int32","description":"Country","type":"integer"},"ContactId":{"format":"int32","description":"Owning contact ID","type":"integer"},"ContactName":{"description":"The persons company name","type":"string"},"Retired":{"format":"int32","description":"1 = the user is retired and should have no rights, not appear in lists, etc.","type":"integer"},"Rank":{"format":"int32","description":"Display sort sequence for default sort order","type":"integer"},"ActiveInterests":{"format":"int32","description":"Number of records in pintr table; select count(*) from pintr pi where pi.person_id = this.person_id == activeInterests is always true","type":"integer"},"ContactDepartment":{"description":"The persons contact department","type":"string"},"ContactCountryId":{"format":"int32","description":"The persons contact country id","type":"integer"},"ContactOrgNr":{"description":"The persons contact organization number","type":"string"},"FaxPhone":{"description":"Returns the fax phone that belong to the contact person.","type":"string"},"MobilePhone":{"description":"Returns the mobile phone that belong to the contact person.","type":"string"},"ContactPhone":{"description":"Returns the direct phone that belong to the persons contact.","type":"string"},"AssociateName":{"description":"Name of the person's owner","type":"string"},"AssociateId":{"format":"int32","description":"Id of the item's owner (Associate id)","type":"integer"},"UsePersonAddress":{"description":"If 1, use person's address for mailing instead of company address","type":"boolean"},"ContactFax":{"description":"Actual phone number as eneterd by the user","type":"string"},"Kanafname":{"description":"Kana first name, used in Japanese versions only","type":"string"},"Kanalname":{"description":"Kana last name, used in Japanese versions only","type":"string"},"Post1":{"description":"Postal address, used in Japanese versions only","type":"string"},"Post2":{"description":"Postal address, used in Japanese versions only","type":"string"},"Post3":{"description":"Postal address, used in Japanese versions only","type":"string"},"EmailName":{"description":"E-mail description","type":"string"},"ContactFullName":{"description":"Company full name + department","type":"string"},"ActiveErpLinks":{"format":"int32","description":"How many active ERP links are there for this person?","type":"integer"},"TicketPriorityId":{"format":"int32","description":"Ticket priority ID","type":"integer"},"SupportLanguageId":{"format":"int32","description":"Support priority ID","type":"integer"},"SupportAssociateId":{"format":"int32","description":"Our support contact for this person","type":"integer"},"CategoryName":{"description":"The category list item name","type":"string"},"PersonNumber":{"description":"Alphanumeric user field","type":"string"},"TableRight":{"$ref":"#/definitions/SuperOffice.CRM.Security.TableRight","description":"The carrier's table right"},"FieldProperties":{"description":"Field property dictionary mapping field names to field access rights.","type":"object","additionalProperties":{"$ref":"#/definitions/SuperOffice.CRM.Security.FieldProperty"}}}},"SuperOffice.CRM.Services.Credential":{"description":"Credentials supported for authentication\r\n<para />\r\nCarrier object for Credential.\r\nServices for the Credential Carrier is available from the <see cref=\"T:SuperOffice.CRM.Services.IUserAgent\">User Agent</see>.","type":"object","properties":{"Type":{"$ref":"#/definitions/SuperOffice.CRM.Services.CredentialType","description":"Description of credential type"},"Value":{"description":"This is the actuall value of the credentials.  This will typically be the password or teh users SID in active directory","type":"string"},"DisplayValue":{"description":"The value displayed to the user. this will typically be the users login name in active directory.","type":"string"},"TableRight":{"$ref":"#/definitions/SuperOffice.CRM.Security.TableRight","description":"The carrier's table right"},"FieldProperties":{"description":"Field property dictionary mapping field names to field access rights.","type":"object","additionalProperties":{"$ref":"#/definitions/SuperOffice.CRM.Security.FieldProperty"}}}},"SuperOffice.CRM.Services.CredentialType":{"description":"Description of credential type\r\n<para />\r\nCarrier object for CredentialType.\r\nServices for the CredentialType Carrier is available from the <see cref=\"T:SuperOffice.CRM.Services.IUserAgent\">User Agent</see>.","type":"object","properties":{"DisplayType":{"description":"The name of the credentials to be displayed in the user interface.  This will typically be Password for user-name/password scenarios and Active Directoru User for AD integration.","type":"string"},"Type":{"description":"Type of credentials, corresponding to name of plugin and type in the credentials table","type":"string"},"Description":{"description":"Description of the authentication type.  This value is used in a list of authentication providers that can be choosen by an end user and should be a fairly describtive text.  This will typically be SuperOffice is responsible for username and password for a password scenario.","type":"string"},"ValueControl":{"description":"Type of control used to display the value.","enum":["Static","Edit","Password","Link","Hidden"],"type":"string"},"CanCreatePerson":{"description":"","type":"boolean"},"IsUserNameSupported":{"description":"","type":"boolean"},"TableRight":{"$ref":"#/definitions/SuperOffice.CRM.Security.TableRight","description":"The carrier's table right"},"FieldProperties":{"description":"Field property dictionary mapping field names to field access rights.","type":"object","additionalProperties":{"$ref":"#/definitions/SuperOffice.CRM.Security.FieldProperty"}}}},"SuperOffice.CRM.Services.MDOListItem":{"description":"Carrier object for MDOListItem.\r\nServices for the MDOListItem Carrier is available from the <see cref=\"T:SuperOffice.CRM.Services.IMDOAgent\">MDO Agent</see>.","type":"object","properties":{"Id":{"format":"int32","description":"The Id of the ListItem","type":"integer"},"Name":{"description":"The name of the ListItem","type":"string"},"ToolTip":{"description":"The tooltip of the ListItem","type":"string"},"Deleted":{"description":"The deleted status of the ListItem","type":"boolean"},"Rank":{"format":"int32","description":"The rank of the ListItem","type":"integer"},"Type":{"description":"The type of the ListItem. Custom field.","type":"string"},"ChildItems":{"description":"The child items of the MDOListItem","type":"array","items":{"$ref":"#/definitions/SuperOffice.CRM.Services.MDOListItem"}},"IconHint":{"description":"The Icon hint of the ListItem. Custom field.","type":"string"},"ColorBlock":{"format":"int32","description":"The color indicator of the ListItem color block","type":"integer"},"ExtraInfo":{"description":"Extra information added to the ListItem. Could be information such as sort order etc or other meta data. Custom field.","type":"string"},"StyleHint":{"description":"Style hint indicating, information such as background color etc. Custom field.","type":"string"},"FullName":{"description":"The name of the ListItem in its context","type":"string"},"TableRight":{"$ref":"#/definitions/SuperOffice.CRM.Security.TableRight","description":"The carrier's table right"},"FieldProperties":{"description":"Field property dictionary mapping field names to field access rights.","type":"object","additionalProperties":{"$ref":"#/definitions/SuperOffice.CRM.Security.FieldProperty"}}}},"SuperOffice.CRM.Services.CustomCommand":{"description":"Generic carrier object for entity commands.\r\n<para />\r\nCarrier object for CustomCommand.","type":"object","properties":{"Name":{"description":"Unique name of the command","type":"string"},"DisplayName":{"description":"The name to show in GUI","type":"string"},"Description":{"description":"Description of the command.","type":"string"},"ToolTip":{"description":"Tooltip to be used in the GUI","type":"string"},"Actions":{"description":"The actions to call when invoked","enum":["Implicit","YesNo","OkCancel","Ok"],"type":"string"},"ActionData":{"description":"The data to be used when the command is invoked","type":"string"},"TableRight":{"$ref":"#/definitions/SuperOffice.CRM.Security.TableRight","description":"The carrier's table right"},"FieldProperties":{"description":"Field property dictionary mapping field names to field access rights.","type":"object","additionalProperties":{"$ref":"#/definitions/SuperOffice.CRM.Security.FieldProperty"}}}},"SuperOffice.CRM.Services.User":{"description":"SuperOffice User, with login credentials and an associated person.\r\n<para />\r\nCarrier object for User.\r\nServices for the User Carrier is available from the <see cref=\"T:SuperOffice.CRM.Services.IUserAgent\">User Agent</see>.","type":"object","properties":{"AssociateId":{"format":"int32","description":"Primary key","type":"integer"},"Name":{"description":"Initials, UserId - also used as login name for on-site installations. Identifies user in archives.","type":"string"},"Rank":{"format":"int32","description":"Rank order","type":"integer"},"Tooltip":{"description":"Tooltip or other description","type":"string"},"LicenseOwners":{"description":"The restricted and unrestricted module licenses grouped by license owner. These module licenses are either assigned or unassigned to this user","type":"array","items":{"$ref":"#/definitions/SuperOffice.CRM.Services.LicenseOwner"}},"Role":{"$ref":"#/definitions/SuperOffice.CRM.Services.Role","description":"Users role for role-based security. Determines permissions and access rights for the user."},"UserGroup":{"$ref":"#/definitions/SuperOffice.CRM.Services.UserGroup","description":"The main user group that this user belongs to. \r\n<para>Use MDO List name \"usergroup\" to get list items.</para>"},"OtherGroups":{"description":"The other groups this user is a member of, apart from the main user group. \r\n<para>Use MDO List name \"usergroup\" to get list items.</para>","type":"array","items":{"$ref":"#/definitions/SuperOffice.CRM.Services.UserGroup"}},"Person":{"$ref":"#/definitions/SuperOffice.CRM.Services.Person","description":"The person associated with this user. Detailed information about the user \r\n<para>Use MDO List name \"person_new\" to get list items.</para>"},"Deleted":{"description":"If true, the user is retired and should have no rights, not appear in lists, etc.","type":"boolean"},"Lastlogin":{"format":"date-time","description":"Last login date","type":"string"},"Lastlogout":{"format":"date-time","description":"Last logout date","type":"string"},"EjUserId":{"format":"int32","description":"ID of the ej user record corresponding to this associate; 0 for associates that are not ej users","type":"integer"},"RequestSignature":{"description":"ej users request signature","type":"string"},"Type":{"description":"User type: 1=InternalAssociate, 2=ResourceAssociate, 3=ExternalAssociate, 4=AnonymousAssociate, 5=SystemAssociate","enum":["Unknown","InternalAssociate","ResourceAssociate","ExternalAssociate","AnonymousAssociate","SystemAssociate"],"type":"string"},"IsPersonRetired":{"description":"True if the user is retired and should have no rights, not appear in lists, etc.","type":"boolean"},"IsOnTravel":{"description":"True if the user is on travel.","type":"boolean"},"Credentials":{"description":"List of credentials registered for this user. i.e. valid authentication methods.","type":"array","items":{"$ref":"#/definitions/SuperOffice.CRM.Services.Credential"}},"UserName":{"description":"User name, a.k.a. Login name. This might be an e-mail address.","type":"string"},"TicketCategories":{"description":"Request Ticket Categories assigned to the user.  \r\n<para>Use MDO List name \"ejCategory\" to get list items.</para>","type":"array","items":{"$ref":"#/definitions/SuperOffice.CRM.Services.MDOListItem"}},"NickName":{"description":"The unique nick name for this user. Used in Service as an alias, similar to Name/Initials.","type":"string"},"WaitingForApproval":{"description":"The user is waiting for an administrator to approve/grant her/him access.","type":"boolean"},"ExtraFields":{"description":"Deprecated: Use {SuperOffice.CRM.Services.User.CustomFields} instead.\r\nExtra fields added to the carrier. This could be data from Plug-ins, the foreign key system, external applications, etc.","type":"object","additionalProperties":{"type":"string"}},"CustomFields":{"description":"Udef + Extra fields added to the carrier. Extra fields as defined by changes to database schema + user-defined fields as defined by admin.\r\nCustom fields combines user defined fields and extra fields into one bucket. \r\nThe individual {SuperOffice.CRM.Services.User.ExtraFields} and <see cref=\"!:UserDefinedFields\">UserDefinedFields</see> properties are deprecated in favor of this\r\ncombined collection.","type":"object","additionalProperties":{"type":"string"}},"PostSaveCommands":{"description":"Post custom commands the client should execute after save has completed.","type":"array","items":{"$ref":"#/definitions/SuperOffice.CRM.Services.CustomCommand"}},"TableRight":{"$ref":"#/definitions/SuperOffice.CRM.Security.TableRight","description":"The carrier's table right"},"FieldProperties":{"description":"Field property dictionary mapping field names to field access rights.","type":"object","additionalProperties":{"$ref":"#/definitions/SuperOffice.CRM.Security.FieldProperty"}}}},"SuperOffice.CRM.Services.UserPresenceStatus":{"description":"Manage present/absent status for a Service user account (influences ticket assignments).\r\n<para />\r\nCarrier object for UserPresenceStatus.\r\nServices for the UserPresenceStatus Carrier is available from the <see cref=\"T:SuperOffice.CRM.Services.IUserAgent\">User Agent</see>.","type":"object","properties":{"Status":{"description":"The status (enum) for this user.","enum":["StatusNone","StatusNormal","StatusNotAvailable","StatusDeleted","StatusReadOnly","StatusSpm","StatusSystem"],"type":"string"},"Message":{"description":"Comment to add for user when status is not present.","type":"string"}}},"SuperOffice.CRM.Services.FieldInfoBase":{"description":"Abstract basic information about database fields. May be custom or user-defined fields. The information can be used to build a user interface.\r\n<para />\r\nCarrier object for FieldInfoBase.\r\nServices for the FieldInfoBase Carrier is available from the <see cref=\"T:SuperOffice.CRM.Services.IUserDefinedFieldInfoAgent\">UserDefinedFieldInfo Agent</see>.","type":"object","properties":{"FieldType":{"description":"What sort of data does this field contain. 1 = int, 2 = short text, ...","enum":["Unknown","Integer","ShortText","LongText","Date","Blob","Checkbox","MdoList","Decimal","DateTime","Time","TimeSpan","RelationTo","Attachment","DynamicLink","ListText"],"type":"string"},"FieldName":{"description":"Database name or prog-id: 'x_foobar' or 'SuperOffice:2'.","type":"string"},"DisplayName":{"description":"Label for field. May be multi-lang string encoded.","type":"string"},"Description":{"description":"Optional tooltip text for this field","type":"string"},"ShortLabel":{"description":"Short name to be used in Archive headings and on page 1. If blank, the fieldLabel will be used everywhere.","type":"string"},"HideLabel":{"description":"Hide the label if 1","type":"boolean"},"HideField":{"description":"Hide the field from the UI. Only allow API access.","type":"boolean"},"IsIndexed":{"description":"Is this field indexed? 0 if no, index no. if yes","type":"boolean"},"IsMandatory":{"description":"0 = no, 1 = yes (field must be filled out)","type":"boolean"},"IsReadOnly":{"description":"0 = read/write, 1 = readonly (don't combine with mandatory  8-) )","type":"boolean"},"IsExternal":{"description":"Should this field be shown to external users via customer center?","type":"boolean"},"IsDisplayField":{"description":"Flag indicating that this field is chosen as DisplayField for a table it belongs","type":"boolean"},"Rank":{"format":"int32","description":"Tab order, ranking within the custom fields.","type":"integer"},"TemplateVariableName":{"description":"Template variable name: 'cs01', 'cl02' etc. Null for extra fields.","type":"string"}}},"SuperOffice.CRM.Services.SoPrincipalCarrier":{"description":"Summary description for SoPrincipalCarrier.","type":"object","properties":{"UserType":{"description":"Type of user","enum":["Unknown","InternalAssociate","ResourceAssociate","ExternalAssociate","AnonymousAssociate","SystemAssociate"],"type":"string"},"Associate":{"description":"Associate name (e.g. logon name) for the user","type":"string"},"AssociateId":{"format":"int32","description":"AssociateId for the user.","type":"integer"},"IsPerson":{"description":"Is this associate a person, and not a resource?","type":"boolean"},"PersonId":{"format":"int32","description":"Associate's person id","type":"integer"},"CountryId":{"format":"int32","description":"Country id for the user.","type":"integer"},"HomeCountryId":{"format":"int32","description":"Country id for the user's home country.  This is the default country id when creating new items.","type":"integer"},"ContactId":{"format":"int32","description":"Company of the associate's person","type":"integer"},"GroupId":{"format":"int32","description":"Associate's group_idx","type":"integer"},"BusinessId":{"format":"int32","description":"BusinessIdx for the company that the user belongs to.","type":"integer"},"CategoryId":{"format":"int32","description":"CategoryIdx of the company that the user belongs to.","type":"integer"},"ContactOwner":{"format":"int32","description":"Owner (AssocaiteId) of the company that the user belongs to.","type":"integer"},"RoleId":{"format":"int32","description":"Id of the users role","type":"integer"},"RoleName":{"description":"Name of the users role","type":"string"},"RoleDescription":{"description":"Descrtiption (e.g. tooltip) for the users role","type":"string"},"RoleType":{"description":"Type of user.","enum":["Employee","ExternalUser","Anonymous","System"],"type":"string"},"Licenses":{"description":"License granted to the site and user.","type":"array","items":{"$ref":"#/definitions/SuperOffice.CRM.Services.GrantedModuleLicense"}},"FullName":{"description":"The Person full name if the associate is a person. Use IsPerson to check","type":"string"},"EMailAddress":{"description":"The Person e-mail address if the associate is a person. Use IsPerson to check","type":"string"},"FunctionRights":{"description":"Functional rights for the user.  This array is sorted so a lookup can be performed using {M:System.Array.BinarySearch(System.Array,System.Int32,System.Int32,System.Object)}.","type":"array","items":{"type":"string"}},"EjUserId":{"format":"int32","description":"Primary key in eJournal's old user table.","type":"integer"},"EjAccessLevel":{"format":"int32","description":"eJournal user access level","type":"integer"},"EjUserStatus":{"description":"eJournal user status","enum":["StatusNone","StatusNormal","StatusNotAvailable","StatusDeleted","StatusReadOnly","StatusSpm","StatusSystem"],"type":"string"},"ProvidedCredentials":{"description":"The credentials used for authenticating this user.","type":"array","items":{"$ref":"#/definitions/SuperOffice.CRM.Services.ProvidedCredential"}},"SecondaryGroups":{"description":"Secondary user groups","type":"array","items":{"format":"int32","type":"integer"}},"DatabaseContextIdentifier":{"description":"Name of the database context","type":"string"},"UserName":{"description":"UserName on associatetable. Same as SuperId from Online","type":"string"}}},"SuperOffice.CRM.Services.GrantedModuleLicense":{"description":"Represents a single module license granted to a user.","type":"object","properties":{"OwnerId":{"format":"int32","description":"Primary key of the ModuleOwner row.","type":"integer"},"OwnerName":{"description":"Unique name identifying the module owner. \r\nMust match primer data installed by module. e.g. \"SUPEROFFICE\" or \"ADWIZA\"","type":"string"},"OwnerDescription":{"description":"Description of the owner module as shown in the user interface.","type":"string"},"ModuleId":{"format":"int32","description":"Primary key for ModuleLicense row","type":"integer"},"Name":{"description":"Unique name identifying the module. e.g. \"WINCAL\" or \"SUPERSERVER\"","type":"string"},"Description":{"description":"Name of the module as shown in the user interface.","type":"string"},"Version":{"description":"Version of the module license (for future use).","type":"string"},"LicenseType":{"description":"Type of license: site(1), satellite(2), user(3)","enum":["Unknown","SiteLicense","SatelliteLicense","UserLicense"],"type":"string"},"ExtraFlags":{"format":"int32","description":"Any additional data the license module needs.","type":"integer"},"ExtraInfo":{"description":"Any additional data the license module needs.","type":"string"},"SortOrder":{"format":"int32","description":"Order in which licenses are sorted in the license calculations.","type":"integer"},"LicenseNumber":{"format":"int32","description":"Number of licenses granted.","type":"integer"},"IsHidden":{"description":"Is the license hidden from the user? \r\nHidden licenses are usually feature-specific, part of a larger bundle.","type":"boolean"},"IsUnrestricted":{"description":"Is the license limited to the number of licenses?","type":"boolean"},"ExpiryDate":{"format":"date-time","description":"Expiry date for the license.","type":"string"},"TableRight":{"$ref":"#/definitions/SuperOffice.CRM.Security.TableRight","description":"The carrier's table right"},"FieldProperties":{"description":"Field property dictionary mapping field names to field access rights.","type":"object","additionalProperties":{"$ref":"#/definitions/SuperOffice.CRM.Security.FieldProperty"}}}},"SuperOffice.CRM.Services.ProvidedCredential":{"description":"Summary description for ProvidedCredential.","type":"object","properties":{"Type":{"type":"string"},"SearchName":{"type":"string"},"DisplayName":{"type":"string"},"CredentialId":{"format":"int32","type":"integer"}}},"SuperOffice.CRM.Services.Associate":{"description":"Carrier object for Associate.\r\nServices for the Associate Carrier is available from the <see cref=\"T:SuperOffice.CRM.Services.IAssociateAgent\">Associate Agent</see>.","type":"object","properties":{"AssociateId":{"format":"int32","description":"Primary key","type":"integer"},"Name":{"description":"Initials, also login name, possibly database user name","type":"string"},"PersonId":{"format":"int32","description":"Owning person record \r\n<para>Use MDO List name \"person\" to get list items.</para>","type":"integer"},"Rank":{"format":"int32","description":"Rank order","type":"integer"},"Tooltip":{"description":"Tooltip or other description","type":"string"},"Type":{"description":"User type - 1 = internal user, 2 = resource, 3 = external user, 4 = anonymous, 5 = system","enum":["Unknown","InternalAssociate","ResourceAssociate","ExternalAssociate","AnonymousAssociate","SystemAssociate"],"type":"string"},"GroupIdx":{"format":"int32","description":"Primary group membership, see UserGroupLink for secondary memberships","type":"integer"},"FullName":{"description":"The associate's culture formatted fullname (firstname, middleName and lastname)","type":"string"},"FormalName":{"description":"The associate's culture formatted formalname (firstname, middleName and lastname, title, mrmrs)","type":"string"},"Deleted":{"description":"If true, the user is retired and should have no rights, not appear in lists, etc.","type":"boolean"},"EjUserId":{"format":"int32","description":"ID of the ej user record corresponding to this associate; 0 for associates that are not ej users","type":"integer"},"UserName":{"description":"User name","type":"string"},"ExtraFields":{"description":"Deprecated: Use {SuperOffice.CRM.Services.Associate.CustomFields} instead.\r\nExtra fields added to the carrier. This could be data from Plug-ins, the foreign key system, external applications, etc.","type":"object","additionalProperties":{"type":"string"}},"CustomFields":{"description":"Udef + Extra fields added to the carrier. Extra fields as defined by changes to database schema + user-defined fields as defined by admin.\r\nCustom fields combines user defined fields and extra fields into one bucket. \r\nThe individual {SuperOffice.CRM.Services.Associate.ExtraFields} and <see cref=\"!:UserDefinedFields\">UserDefinedFields</see> properties are deprecated in favor of this\r\ncombined collection.","type":"object","additionalProperties":{"type":"string"}},"TableRight":{"$ref":"#/definitions/SuperOffice.CRM.Security.TableRight","description":"The carrier's table right"},"FieldProperties":{"description":"Field property dictionary mapping field names to field access rights.","type":"object","additionalProperties":{"$ref":"#/definitions/SuperOffice.CRM.Security.FieldProperty"}}}}},"securityDefinitions":{"SuperOffice Password":{"type":"basic","description":"SuperOffice username:password are passed in Base64-encoded. \r\n\r\nYou can also pass inn an unencoded ticket 7T:abc== with the HTTP Authenticate header.\r\n"},"SuperId Authentication":{"type":"oauth2","description":"SuperOffice SuperId OAuth implicit flow. \r\nYou need to issue a request to the SuperId authorization URL\r\n    https://online.superoffice.com/login/common/oauth/authorize?response_type=token\r\n      &client_id=670734e0-4c5a-11e3-be9e-a171392e81db\r\n      &redirect_uri=https://example.com/spa/\r\n\r\npassing in the application id and redirect URL.\r\n\r\nSuperId will log the user in, and redirect to the requested redirect URL with a #payload\r\ncontaining the access token and claims. (The redirect URL must be registered with SuperId in advance)\r\n\r\n   https://example.com/spa#access_token=8A%3aCust12227.AXRrCITpPBvQX3UbIohb\r\n      &token_type=bearer\r\n      &state=\r\n      &expires_in=3600\r\n      &ctx=Cust12227\r\n      &netserver_url=https%3a%2f%2fsod.superoffice.com%2fCust12227%2fRemote%2fServices82%2f\r\n\r\nYou can take the #access_token value and pass it as the Authenticate HTTP header as a BEARER token.\r\n","flow":"implicit","authorizationUrl":"https://online.superoffice.com/login/common/oauth/authorize","scopes":{}}},"tags":[],"externalDocs":{"description":"The SuperOffice DevNet Community has more documentation, examples, and discussion forums.","url":"https://community.superoffice.com/en/developer/"}}