{"swagger":"2.0","info":{"version":"v1-REST","title":"SuperOffice REST API v1","description":"SuperOffice REST API - License","termsOfService":"You must be an authorized user to access this API.","contact":{"name":"SuperOffice DevNet","url":"https://docs.superoffice.com/en/api/index.html","email":"sdk@superoffice.com"}},"host":"localhost:62666","schemes":["http","https"],"paths":{"/api/v1/License":{"get":{"tags":["License"],"summary":"Get all licenses, with usage, from all module owners as they are stored in the database","description":"","operationId":"v1License_GetLicenseForAllOwnersFromDB","consumes":[],"produces":["application/json","text/json","application/xml","text/xml","application/json-patch+json","application/merge-patch+json"],"parameters":[{"name":"Accept-Language","in":"header","description":"Convert string references and multi-language values into a specified language (iso2) code.","required":false,"type":"string"},{"name":"SO-Language","in":"header","description":"Convert string references and multi-language values into a specified language (iso2) code. Overrides Accept-Language value.","required":false,"type":"string"},{"name":"SO-Culture","in":"header","description":"Number, date formatting in a specified culture (iso2 language) code. Partially overrides SO-Language/Accept-Language value. Ignored if no Language set.","required":false,"type":"string"},{"name":"SO-TimeZone","in":"header","description":"Specify the timezone code that you would like date/time responses converted to.","required":false,"type":"string"},{"name":"SO-AppToken","in":"header","description":"The application token that identifies the partner app. Used when calling Online WebAPI from a server.","required":false,"type":"string"}],"responses":{"200":{"description":"OK","schema":{"type":"array","items":{"$ref":"#/definitions/SuperOffice.License.ExtendedLicenseInfo"}}}},"security":[{"SuperOffice Password":[],"SuperId Authentication":[]}]},"post":{"tags":["License"],"summary":"Load and activate a new license from file/string if the new license is valid.","description":"","operationId":"v1License_AddLicenseFromFile","consumes":["application/json","text/json","application/xml","text/xml","application/x-www-form-urlencoded","text/plain","application/json-patch+json","application/merge-patch+json"],"produces":["application/json","text/json","application/xml","text/xml","application/json-patch+json","application/merge-patch+json"],"parameters":[{"name":"fileContent","in":"body","description":"Content of the license file as XML.","required":true,"schema":{"type":"string"}},{"name":"Accept-Language","in":"header","description":"Convert string references and multi-language values into a specified language (iso2) code.","required":false,"type":"string"},{"name":"SO-Language","in":"header","description":"Convert string references and multi-language values into a specified language (iso2) code. Overrides Accept-Language value.","required":false,"type":"string"},{"name":"SO-Culture","in":"header","description":"Number, date formatting in a specified culture (iso2 language) code. Partially overrides SO-Language/Accept-Language value. Ignored if no Language set.","required":false,"type":"string"},{"name":"SO-TimeZone","in":"header","description":"Specify the timezone code that you would like date/time responses converted to.","required":false,"type":"string"},{"name":"SO-AppToken","in":"header","description":"The application token that identifies the partner app. Used when calling Online WebAPI from a server.","required":false,"type":"string"}],"responses":{"200":{"description":"OK","schema":{"$ref":"#/definitions/SuperOffice.License.ExtendedLicenseInfo"}}},"security":[{"SuperOffice Password":[],"SuperId Authentication":[]}]}},"/api/v1/License/{ownerName}":{"get":{"tags":["License"],"summary":"Get license, with usage, as it is stored in the database for one particular module owner.","description":"","operationId":"v1License_GetLicenseFromDB","consumes":[],"produces":["application/json","text/json","application/xml","text/xml","application/json-patch+json","application/merge-patch+json"],"parameters":[{"name":"ownerName","in":"path","description":"Name of the module owner.","required":true,"type":"string"},{"name":"Accept-Language","in":"header","description":"Convert string references and multi-language values into a specified language (iso2) code.","required":false,"type":"string"},{"name":"SO-Language","in":"header","description":"Convert string references and multi-language values into a specified language (iso2) code. Overrides Accept-Language value.","required":false,"type":"string"},{"name":"SO-Culture","in":"header","description":"Number, date formatting in a specified culture (iso2 language) code. Partially overrides SO-Language/Accept-Language value. Ignored if no Language set.","required":false,"type":"string"},{"name":"SO-TimeZone","in":"header","description":"Specify the timezone code that you would like date/time responses converted to.","required":false,"type":"string"},{"name":"SO-AppToken","in":"header","description":"The application token that identifies the partner app. Used when calling Online WebAPI from a server.","required":false,"type":"string"}],"responses":{"200":{"description":"OK","schema":{"$ref":"#/definitions/SuperOffice.License.ExtendedLicenseInfo"}}},"security":[{"SuperOffice Password":[],"SuperId Authentication":[]}]}},"/api/v1/License/ChangeSerialNumber":{"post":{"tags":["License"],"summary":"Change the new serial number for the installation.","description":"Requests a new license from SuperLicense, checks if change is authorized.","operationId":"v1License_ChangeSerialNumber","consumes":[],"produces":["application/json","text/json","application/xml","text/xml","application/json-patch+json","application/merge-patch+json"],"parameters":[{"name":"newCompanyName","in":"query","description":"The new company name","required":true,"type":"string"},{"name":"newSerialNumber","in":"query","description":"New serial number to change to.","required":true,"type":"string"},{"name":"Accept-Language","in":"header","description":"Convert string references and multi-language values into a specified language (iso2) code.","required":false,"type":"string"},{"name":"SO-Language","in":"header","description":"Convert string references and multi-language values into a specified language (iso2) code. Overrides Accept-Language value.","required":false,"type":"string"},{"name":"SO-Culture","in":"header","description":"Number, date formatting in a specified culture (iso2 language) code. Partially overrides SO-Language/Accept-Language value. Ignored if no Language set.","required":false,"type":"string"},{"name":"SO-TimeZone","in":"header","description":"Specify the timezone code that you would like date/time responses converted to.","required":false,"type":"string"},{"name":"SO-AppToken","in":"header","description":"The application token that identifies the partner app. Used when calling Online WebAPI from a server.","required":false,"type":"string"}],"responses":{"200":{"description":"OK","schema":{"$ref":"#/definitions/SuperOffice.CRM.Services.LicenseResult"}}},"security":[{"SuperOffice Password":[],"SuperId Authentication":[]}]}},"/api/v1/License/User/{associateId}":{"get":{"tags":["License"],"summary":"Obtain information about associate module licenses","description":"","operationId":"v1License_GetUserLicenses","consumes":[],"produces":["application/json","text/json","application/xml","text/xml","application/json-patch+json","application/merge-patch+json"],"parameters":[{"name":"associateId","in":"path","description":"Associate id to check for associate module licenses","required":true,"type":"integer","format":"int32"},{"name":"Accept-Language","in":"header","description":"Convert string references and multi-language values into a specified language (iso2) code.","required":false,"type":"string"},{"name":"SO-Language","in":"header","description":"Convert string references and multi-language values into a specified language (iso2) code. Overrides Accept-Language value.","required":false,"type":"string"},{"name":"SO-Culture","in":"header","description":"Number, date formatting in a specified culture (iso2 language) code. Partially overrides SO-Language/Accept-Language value. Ignored if no Language set.","required":false,"type":"string"},{"name":"SO-TimeZone","in":"header","description":"Specify the timezone code that you would like date/time responses converted to.","required":false,"type":"string"},{"name":"SO-AppToken","in":"header","description":"The application token that identifies the partner app. Used when calling Online WebAPI from a server.","required":false,"type":"string"}],"responses":{"200":{"description":"OK","schema":{"type":"array","items":{"$ref":"#/definitions/SuperOffice.CRM.Services.LicenseOwner"}}}},"security":[{"SuperOffice Password":[],"SuperId Authentication":[]}]}},"/api/v1/License/Site/{satelliteId}":{"get":{"tags":["License"],"summary":"Obtain information about satellite module licenses","description":"","operationId":"v1License_GetSatelliteLicenses","consumes":[],"produces":["application/json","text/json","application/xml","text/xml","application/json-patch+json","application/merge-patch+json"],"parameters":[{"name":"satelliteId","in":"path","description":"Satellite id to check for satellite module licenses","required":true,"type":"integer","format":"int32"},{"name":"Accept-Language","in":"header","description":"Convert string references and multi-language values into a specified language (iso2) code.","required":false,"type":"string"},{"name":"SO-Language","in":"header","description":"Convert string references and multi-language values into a specified language (iso2) code. Overrides Accept-Language value.","required":false,"type":"string"},{"name":"SO-Culture","in":"header","description":"Number, date formatting in a specified culture (iso2 language) code. Partially overrides SO-Language/Accept-Language value. Ignored if no Language set.","required":false,"type":"string"},{"name":"SO-TimeZone","in":"header","description":"Specify the timezone code that you would like date/time responses converted to.","required":false,"type":"string"},{"name":"SO-AppToken","in":"header","description":"The application token that identifies the partner app. Used when calling Online WebAPI from a server.","required":false,"type":"string"}],"responses":{"200":{"description":"OK","schema":{"type":"array","items":{"$ref":"#/definitions/SuperOffice.CRM.Services.LicenseOwner"}}}},"security":[{"SuperOffice Password":[],"SuperId Authentication":[]}]}},"/api/v1/License/{moduleOwner}":{"delete":{"tags":["License"],"summary":"Remove the license from a particular module owner from the database.","description":"It is not permitted to remove licenses from SuperOffice","operationId":"v1License_RemoveLicenseFromDB","consumes":[],"produces":["application/json","text/json","application/xml","text/xml","application/json-patch+json","application/merge-patch+json"],"parameters":[{"name":"moduleOwner","in":"path","description":"Name of the module owner to remove license from.","required":true,"type":"string"},{"name":"SO-AppToken","in":"header","description":"The application token that identifies the partner app. Used when calling Online WebAPI from a server.","required":false,"type":"string"}],"responses":{"200":{"description":"OK","schema":{"$ref":"#/definitions/SuperOffice.CRM.Services.LicenseResult"}}},"security":[{"SuperOffice Password":[],"SuperId Authentication":[]}]}},"/api/v1/License/{ownerName}/ShopUrl":{"get":{"tags":["License"],"summary":"Get the shop URL for the specified module owner.","description":"This can be used to redirect user to the web shop.","operationId":"v1License_GetShopUrl","consumes":[],"produces":["application/json","text/json","application/xml","text/xml","application/json-patch+json","application/merge-patch+json"],"parameters":[{"name":"ownerName","in":"path","description":"Name of the module owner.","required":true,"type":"string"},{"name":"Accept-Language","in":"header","description":"Convert string references and multi-language values into a specified language (iso2) code.","required":false,"type":"string"},{"name":"SO-Language","in":"header","description":"Convert string references and multi-language values into a specified language (iso2) code. Overrides Accept-Language value.","required":false,"type":"string"},{"name":"SO-Culture","in":"header","description":"Number, date formatting in a specified culture (iso2 language) code. Partially overrides SO-Language/Accept-Language value. Ignored if no Language set.","required":false,"type":"string"},{"name":"SO-TimeZone","in":"header","description":"Specify the timezone code that you would like date/time responses converted to.","required":false,"type":"string"},{"name":"SO-AppToken","in":"header","description":"The application token that identifies the partner app. Used when calling Online WebAPI from a server.","required":false,"type":"string"}],"responses":{"200":{"description":"OK","schema":{"type":"string"}}},"security":[{"SuperOffice Password":[],"SuperId Authentication":[]}]}},"/api/v1/License/User/MdoList":{"get":{"tags":["License"],"summary":"Get all licenses in a MDOListItem structure.","description":"","operationId":"v1License_GetUserLicensesMDOList","consumes":[],"produces":["application/json","text/json","application/xml","text/xml","application/json-patch+json","application/merge-patch+json"],"parameters":[{"name":"Accept-Language","in":"header","description":"Convert string references and multi-language values into a specified language (iso2) code.","required":false,"type":"string"},{"name":"SO-Language","in":"header","description":"Convert string references and multi-language values into a specified language (iso2) code. Overrides Accept-Language value.","required":false,"type":"string"},{"name":"SO-Culture","in":"header","description":"Number, date formatting in a specified culture (iso2 language) code. Partially overrides SO-Language/Accept-Language value. Ignored if no Language set.","required":false,"type":"string"},{"name":"SO-TimeZone","in":"header","description":"Specify the timezone code that you would like date/time responses converted to.","required":false,"type":"string"},{"name":"SO-AppToken","in":"header","description":"The application token that identifies the partner app. Used when calling Online WebAPI from a server.","required":false,"type":"string"}],"responses":{"200":{"description":"OK","schema":{"type":"array","items":{"$ref":"#/definitions/SuperOffice.CRM.Services.SelectableMDOListItem"}}}},"security":[{"SuperOffice Password":[],"SuperId Authentication":[]}]}},"/api/v1/License/{ownerName}/{moduleName}":{"get":{"tags":["License"],"summary":"Get license information for one particular license module.","description":"","operationId":"v1License_GetModuleLicenseFromDB","consumes":[],"produces":["application/json","text/json","application/xml","text/xml","application/json-patch+json","application/merge-patch+json"],"parameters":[{"name":"ownerName","in":"path","description":"Name of the module owner.","required":true,"type":"string"},{"name":"moduleName","in":"path","description":"Name of the license module.","required":true,"type":"string"},{"name":"Accept-Language","in":"header","description":"Convert string references and multi-language values into a specified language (iso2) code.","required":false,"type":"string"},{"name":"SO-Language","in":"header","description":"Convert string references and multi-language values into a specified language (iso2) code. Overrides Accept-Language value.","required":false,"type":"string"},{"name":"SO-Culture","in":"header","description":"Number, date formatting in a specified culture (iso2 language) code. Partially overrides SO-Language/Accept-Language value. Ignored if no Language set.","required":false,"type":"string"},{"name":"SO-TimeZone","in":"header","description":"Specify the timezone code that you would like date/time responses converted to.","required":false,"type":"string"},{"name":"SO-AppToken","in":"header","description":"The application token that identifies the partner app. Used when calling Online WebAPI from a server.","required":false,"type":"string"}],"responses":{"200":{"description":"OK","schema":{"$ref":"#/definitions/SuperOffice.License.ModuleLicense"}}},"security":[{"SuperOffice Password":[],"SuperId Authentication":[]}]}},"/api/v1/License/{moduleOwner}/{associateId}":{"get":{"tags":["License"],"summary":"Get license assignments for an associate for licenses belonging to an other module owner than SuperOffice","description":"","operationId":"v1License_GetThirdPartyLicenseAssignments","consumes":[],"produces":["application/json","text/json","application/xml","text/xml","application/json-patch+json","application/merge-patch+json"],"parameters":[{"name":"associateId","in":"path","description":"User to get third party license assignments for","required":true,"type":"integer","format":"int32"},{"name":"moduleOwner","in":"path","description":"Name of the module owner to get license assignments for","required":true,"type":"string"},{"name":"Accept-Language","in":"header","description":"Convert string references and multi-language values into a specified language (iso2) code.","required":false,"type":"string"},{"name":"SO-Language","in":"header","description":"Convert string references and multi-language values into a specified language (iso2) code. Overrides Accept-Language value.","required":false,"type":"string"},{"name":"SO-Culture","in":"header","description":"Number, date formatting in a specified culture (iso2 language) code. Partially overrides SO-Language/Accept-Language value. Ignored if no Language set.","required":false,"type":"string"},{"name":"SO-TimeZone","in":"header","description":"Specify the timezone code that you would like date/time responses converted to.","required":false,"type":"string"},{"name":"SO-AppToken","in":"header","description":"The application token that identifies the partner app. Used when calling Online WebAPI from a server.","required":false,"type":"string"}],"responses":{"200":{"description":"OK","schema":{"type":"array","items":{"$ref":"#/definitions/SuperOffice.CRM.Services.ModuleLicenseLink"}}}},"security":[{"SuperOffice Password":[],"SuperId Authentication":[]}]},"put":{"tags":["License"],"summary":"Assign third party licenses","description":"","operationId":"v1License_AssignThirdPartyLicenses","consumes":["application/json","text/json","application/xml","text/xml","application/x-www-form-urlencoded","application/json-patch+json","application/merge-patch+json"],"produces":["application/json","text/json","application/xml","text/xml","application/json-patch+json","application/merge-patch+json"],"parameters":[{"name":"associateId","in":"path","description":"User to assign third party licenses for","required":true,"type":"integer","format":"int32"},{"name":"moduleOwner","in":"path","description":"Name of the module owner to assign license for","required":true,"type":"string"},{"name":"moduleLicenseNames","in":"body","description":"Name of module licenses to assign","required":true,"schema":{"type":"array","items":{"type":"string"}}},{"name":"Accept-Language","in":"header","description":"Convert string references and multi-language values into a specified language (iso2) code.","required":false,"type":"string"},{"name":"SO-Language","in":"header","description":"Convert string references and multi-language values into a specified language (iso2) code. Overrides Accept-Language value.","required":false,"type":"string"},{"name":"SO-Culture","in":"header","description":"Number, date formatting in a specified culture (iso2 language) code. Partially overrides SO-Language/Accept-Language value. Ignored if no Language set.","required":false,"type":"string"},{"name":"SO-TimeZone","in":"header","description":"Specify the timezone code that you would like date/time responses converted to.","required":false,"type":"string"},{"name":"SO-AppToken","in":"header","description":"The application token that identifies the partner app. Used when calling Online WebAPI from a server.","required":false,"type":"string"}],"responses":{"200":{"description":"OK","schema":{"type":"array","items":{"$ref":"#/definitions/SuperOffice.CRM.Services.ModuleLicenseLink"}}}},"security":[{"SuperOffice Password":[],"SuperId Authentication":[]}]},"delete":{"tags":["License"],"summary":"Unassign (remove) third party licenses","description":"","operationId":"v1License_UnassignThirdPartyLicenses","consumes":["application/json","text/json","application/xml","text/xml","application/x-www-form-urlencoded","application/json-patch+json","application/merge-patch+json"],"produces":["application/json","text/json","application/xml","text/xml","application/json-patch+json","application/merge-patch+json"],"parameters":[{"name":"associateId","in":"path","description":"User to unassign third party licenses for","required":true,"type":"integer","format":"int32"},{"name":"moduleOwner","in":"path","description":"Name of the module owner to unassign license for","required":true,"type":"string"},{"name":"moduleLicenseNames","in":"body","description":"Name of module licenses to unassign (remove)","required":true,"schema":{"type":"array","items":{"type":"string"}}},{"name":"SO-AppToken","in":"header","description":"The application token that identifies the partner app. Used when calling Online WebAPI from a server.","required":false,"type":"string"}],"responses":{"200":{"description":"OK","schema":{"type":"array","items":{"$ref":"#/definitions/SuperOffice.CRM.Services.ModuleLicenseLink"}}}},"security":[{"SuperOffice Password":[],"SuperId Authentication":[]}]}}},"definitions":{"SuperOffice.License.ExtendedLicenseInfo":{"type":"object","properties":{"Reason":{"type":"string"},"CanBeActivated":{"type":"boolean"},"New":{"$ref":"#/definitions/SuperOffice.License.LicenseInfo"},"Current":{"$ref":"#/definitions/SuperOffice.License.LicenseInfo"},"ExtendedModuleLicenses":{"type":"array","items":{"$ref":"#/definitions/SuperOffice.License.ExtendedModuleLicense"}},"AccumulatedNextCheckDate":{"format":"date-time","type":"string"}}},"SuperOffice.License.LicenseInfo":{"type":"object","properties":{"CompanyName":{"type":"string"},"SerialNr":{"type":"string"},"OwnerName":{"type":"string"},"OwnerDescription":{"type":"string"},"NextCheckDate":{"format":"date-time","type":"string"},"MaintenanceDate":{"format":"date-time","type":"string"},"AdminWarningDate":{"format":"date-time","type":"string"},"ExpiryDate":{"format":"date-time","type":"string"},"GraceDate":{"format":"date-time","type":"string"},"ExtraFlags":{"format":"int32","type":"integer"},"ExtraInfo":{"type":"string"},"LicenseUrl":{"type":"string"},"LicenseVersion":{"type":"string"},"DeploymentType":{"format":"int32","type":"integer"},"ProductType":{"type":"string"},"ProductDescription":{"type":"string"},"ModuleLicenses":{"type":"array","items":{"$ref":"#/definitions/SuperOffice.License.ModuleLicense"}},"PublicKey":{"$ref":"#/definitions/SuperOffice.License.SignedPublicKey"},"Signature":{"type":"string"}}},"SuperOffice.License.ModuleLicense":{"type":"object","properties":{"OwnerName":{"type":"string"},"ModuleName":{"type":"string"},"ModuleDescription":{"type":"string"},"ModuleTooltip":{"type":"string"},"ModuleVersion":{"type":"string"},"LicenseType":{"enum":["Unknown","SiteLicense","SatelliteLicense","UserLicense"],"type":"string"},"Unrestricted":{"type":"boolean"},"AllowedUserType":{"enum":["Unknown","InternalAssociate","ResourceAssociate","ExternalAssociate","AnonymousAssociate","SystemAssociate"],"type":"string"},"NumberOfLicenses":{"format":"int32","type":"integer"},"ExtraFlags":{"format":"int32","type":"integer"},"ExtraInfo":{"type":"string"},"SortOrder":{"format":"int32","type":"integer"},"IsHidden":{"type":"boolean"},"PrerequisiteModuleName":{"type":"string"},"Signature":{"type":"string"}}},"SuperOffice.License.SignedPublicKey":{"type":"object","properties":{"OwnerName":{"type":"string"},"SignDate":{"format":"date-time","type":"string"},"ExpiryDate":{"format":"date-time","type":"string"},"Key":{"$ref":"#/definitions/System.Security.Cryptography.DSAParameters"},"Signature":{"type":"string"}}},"System.Security.Cryptography.DSAParameters":{"type":"object","properties":{"P":{"format":"byte","type":"string"},"Q":{"format":"byte","type":"string"},"G":{"format":"byte","type":"string"},"Y":{"format":"byte","type":"string"},"J":{"format":"byte","type":"string"},"Seed":{"format":"byte","type":"string"},"Counter":{"format":"int32","type":"integer"}}},"SuperOffice.License.ExtendedModuleLicense":{"type":"object","properties":{"New":{"$ref":"#/definitions/SuperOffice.License.ModuleLicense"},"Current":{"$ref":"#/definitions/SuperOffice.License.ModuleLicense"},"NumberOfLicensesInUse":{"format":"int32","type":"integer"},"NumberOfLicensesFree":{"format":"int32","type":"integer"},"NumberOfLicensesAdded":{"format":"int32","type":"integer"},"NumberOfLicensesNewTotal":{"format":"int32","type":"integer"},"NumberOfLicensesNewFree":{"format":"int32","type":"integer"},"NumberOfLicensesTotal":{"format":"int32","type":"integer"}}},"SuperOffice.CRM.Services.LicenseResult":{"description":"Carrier object for LicenseResult.\r\nServices for the LicenseResult Carrier is available from the <see cref=\"T:SuperOffice.CRM.Services.ILicenseAgent\">License Agent</see>.","type":"object","properties":{"Succeeded":{"description":"","type":"boolean"},"Reason":{"description":"","type":"string"},"TableRight":{"$ref":"#/definitions/SuperOffice.CRM.Security.TableRight","description":"The carrier's table right"},"FieldProperties":{"description":"Field property dictionary mapping field names to field access rights.","type":"object","additionalProperties":{"$ref":"#/definitions/SuperOffice.CRM.Security.FieldProperty"}}}},"SuperOffice.CRM.Security.TableRight":{"description":"Wraps a table right together with an explanatory reason.\r\nCode can indicate why access is restricted.","type":"object","properties":{"Mask":{"type":"string"},"Reason":{"type":"string"}}},"SuperOffice.CRM.Security.FieldProperty":{"description":"Class holding properties like field length, field type about a field in the carrier.","type":"object","properties":{"FieldRight":{"$ref":"#/definitions/SuperOffice.CRM.Security.FieldRight"},"FieldType":{"type":"string"},"FieldLength":{"format":"int32","description":"","type":"integer"}}},"SuperOffice.CRM.Security.FieldRight":{"description":"Wraps the field right together with an explanatory reason.\r\nAlso adds logical operators to the field rights so that they can be easily combined.","type":"object","properties":{"Mask":{"type":"string"},"Reason":{"type":"string"}}},"SuperOffice.CRM.Services.LicenseOwner":{"description":"Carrier object for LicenseOwner.\r\nServices for the LicenseOwner Carrier is available from the <see cref=\"T:SuperOffice.CRM.Services.ILicenseAgent\">License Agent</see>.","type":"object","properties":{"Name":{"description":"The name of the license owner","type":"string"},"Description":{"description":"","type":"string"},"RestrictedModuleLicenses":{"description":"","type":"array","items":{"$ref":"#/definitions/SuperOffice.CRM.Services.ModuleLicenseLink"}},"UnrestrictedModuleLicenses":{"description":"The unrestricted module licenses that this license owner","type":"array","items":{"$ref":"#/definitions/SuperOffice.CRM.Services.ModuleLicenseLink"}},"TableRight":{"$ref":"#/definitions/SuperOffice.CRM.Security.TableRight","description":"The carrier's table right"},"FieldProperties":{"description":"Field property dictionary mapping field names to field access rights.","type":"object","additionalProperties":{"$ref":"#/definitions/SuperOffice.CRM.Security.FieldProperty"}}}},"SuperOffice.CRM.Services.ModuleLicenseLink":{"description":"License assignments carrier\r\n<para />\r\nCarrier object for ModuleLicenseLink.\r\nServices for the ModuleLicenseLink Carrier is available from the <see cref=\"T:SuperOffice.CRM.Services.ILicenseAgent\">License Agent</see>.","type":"object","properties":{"Unrestricted":{"description":"Is this module license restricted or unrestricted","type":"boolean"},"Total":{"format":"int32","description":"The total number of module licenses. In other words the number of free license added to the number of licenses in use equals the total number of licenses","type":"integer"},"Tooltip":{"description":"The tooltip to be shown in some gui with details on the module license","type":"string"},"CanAssign":{"description":"Can a specific user assign this module license","type":"boolean"},"Free":{"format":"int32","description":"The number of licenses that are free to be assigned","type":"integer"},"InUse":{"format":"int32","description":"The total number of licenses (of a given license module) that are occupied","type":"integer"},"IsHidden":{"description":"Is hidden from UI","type":"boolean"},"Assigned":{"description":"Is the module license assigned to a given user?","type":"boolean"},"ModuleLicenseId":{"format":"int32","description":"The identifier of the module license","type":"integer"},"Name":{"description":"The name of the module license","type":"string"},"Description":{"description":"The description of the module license","type":"string"},"PrerequisiteModuleName":{"description":"Name of module that must be active for this license to be used.","type":"string"},"SortOrder":{"format":"int32","description":"Sort order of licenses.","type":"integer"},"ExtraFlags":{"format":"int32","description":"License flags. 1 = user plan","type":"integer"},"TableRight":{"$ref":"#/definitions/SuperOffice.CRM.Security.TableRight","description":"The carrier's table right"},"FieldProperties":{"description":"Field property dictionary mapping field names to field access rights.","type":"object","additionalProperties":{"$ref":"#/definitions/SuperOffice.CRM.Security.FieldProperty"}}}},"SuperOffice.CRM.Services.SelectableMDOListItem":{"description":"Carrier object for SelectableMDOListItem.\r\nServices for the SelectableMDOListItem Carrier is available from the <see cref=\"T:SuperOffice.CRM.Services.IMDOAgent\">MDO Agent</see>.","type":"object","properties":{"Id":{"format":"int32","description":"The Id of the ListItem","type":"integer"},"Name":{"description":"The name of the ListItem","type":"string"},"ToolTip":{"description":"The tooltip of the ListItem","type":"string"},"Deleted":{"description":"The deleted status of the ListItem","type":"boolean"},"Rank":{"format":"int32","description":"The rank of the ListItem","type":"integer"},"Type":{"description":"The type of the ListItem. Custom field.","type":"string"},"ColorBlock":{"format":"int32","description":"The color indicator of the ListItem color block","type":"integer"},"IconHint":{"description":"The Icon hint of the ListItem. Custom field.","type":"string"},"Selected":{"description":"True if the ListItem is selected","type":"boolean"},"LastChanged":{"format":"date-time","description":"Time of last change.","type":"string"},"ChildItems":{"description":"The child items of the SelectableMDOListItem","type":"array","items":{"$ref":"#/definitions/SuperOffice.CRM.Services.SelectableMDOListItem"}},"ExtraInfo":{"description":"Extra information added to the ListItem. Could be information such as sort order etc or other meta data. Custom field.","type":"string"},"StyleHint":{"description":"Style hint indicating, information such as background color etc. Custom field.","type":"string"},"Hidden":{"description":"True if the ListItem is hidden","type":"boolean"},"FullName":{"description":"The name of the ListItem in its context","type":"string"},"TableRight":{"$ref":"#/definitions/SuperOffice.CRM.Security.TableRight","description":"The carrier's table right"},"FieldProperties":{"description":"Field property dictionary mapping field names to field access rights.","type":"object","additionalProperties":{"$ref":"#/definitions/SuperOffice.CRM.Security.FieldProperty"}}}}},"securityDefinitions":{"Password":{"type":"basic","description":"SuperOffice username:password are passed in Base64-encoded. \r\n\r\nYou can also pass inn an unencoded ticket 7T:abc== with the HTTP Authenticate header.\r\n"},"SuperId":{"type":"oauth2","description":"SuperOffice SuperId OAuth implicit flow. \r\nYou need to issue a request to the SuperId authorization URL\r\n    https://online.superoffice.com/login/common/oauth/authorize?response_type=token\r\n      &client_id=670734e0-4c5a-11e3-be9e-a171392e81db\r\n      &redirect_uri=https://example.com/spa/\r\n\r\npassing in the application id and redirect URL.\r\n\r\nSuperId will log the user in, and redirect to the requested redirect URL with a #payload\r\ncontaining the access token and claims. (The redirect URL must be registered with SuperId in advance)\r\n\r\n   https://example.com/spa#access_token=8A%3aCust12227.AXRrCITpPBvQX3UbIohb\r\n      &token_type=bearer\r\n      &state=\r\n      &expires_in=3600\r\n      &ctx=Cust12227\r\n      &netserver_url=https%3a%2f%2fsod.superoffice.com%2fCust12227%2fRemote%2fServices82%2f\r\n\r\nYou can take the #access_token value and pass it as the Authenticate HTTP header as a BEARER token.\r\n","flow":"implicit","authorizationUrl":"https://online.superoffice.com/login/common/oauth/authorize","scopes":{}}},"tags":[],"externalDocs":{"description":"The SuperOffice DevNet Community has more documentation, examples, and discussion forums.","url":"https://community.superoffice.com/en/developer/"}}