{"swagger":"2.0","info":{"version":"v1-REST","title":"SuperOffice REST API v1","description":"SuperOffice REST API - Webhook","termsOfService":"You must be an authorized user to access this API.","contact":{"name":"SuperOffice DevNet","url":"https://docs.superoffice.com/en/api/index.html","email":"sdk@superoffice.com"}},"host":"localhost:57609","schemes":["http","https"],"paths":{"/api/v1/Webhook/default":{"get":{"tags":["Webhook"],"summary":"Set default values into a new Webhook.","description":"NetServer calculates default values on the entity, which is required when creating/storing a new instance\r\n<para />## Online Restricted: ## The Webhook agent is not available in Online by default. Access must be requested specifically when app is registered. Calls the Webhook agent service CreateDefaultWebhook.\r\nNsApiSlow threshold: 2000 ms.","operationId":"v1Webhook_DefaultWebhook","consumes":[],"produces":["application/json","text/json","application/xml","text/xml","application/json-patch+json","application/merge-patch+json"],"parameters":[{"name":"Accept-Language","in":"header","description":"Convert string references and multi-language values into a specified language (iso2) code.","required":false,"type":"string"},{"name":"SO-Language","in":"header","description":"Convert string references and multi-language values into a specified language (iso2) code. Overrides Accept-Language value.","required":false,"type":"string"},{"name":"SO-Culture","in":"header","description":"Number, date formatting in a specified culture (iso2 language) code. Partially overrides SO-Language/Accept-Language value. Ignored if no Language set.","required":false,"type":"string"},{"name":"SO-TimeZone","in":"header","description":"Specify the timezone code that you would like date/time responses converted to.","required":false,"type":"string"},{"name":"SO-AppToken","in":"header","description":"The application token that identifies the partner app. Used when calling Online WebAPI from a server.","required":false,"type":"string"}],"responses":{"200":{"description":"OK","schema":{"$ref":"#/definitions/SuperOffice.CRM.Services.Webhook"}}},"security":[{"SuperOffice Password":[],"SuperId Authentication":[]}]}},"/api/v1/Webhook":{"get":{"tags":["Webhook"],"summary":"Returns all webhooks, according to filter criteria","description":"<para />## Online Restricted: ## The Webhook agent is not available in Online by default. Access must be requested specifically when app is registered.","operationId":"v1Webhook_GetAllWebhooks","consumes":[],"produces":["application/json","text/json","application/xml","text/xml","application/json-patch+json","application/merge-patch+json"],"parameters":[{"name":"nameFilter","in":"query","description":"Only return hooks with this name. Default NULL = no filter","required":false,"type":"string"},{"name":"eventFilter","in":"query","description":"Only return hooks responding to this event name. Default NULL = no filter","required":false,"type":"string"},{"name":"statusFilter","in":"query","description":"Only return hooks with this status. Default Unknown = no filter, returns all.","required":false,"type":"string","enum":["Unknown","Active","Stopped","TooManyErrors"]},{"name":"Accept-Language","in":"header","description":"Convert string references and multi-language values into a specified language (iso2) code.","required":false,"type":"string"},{"name":"SO-Language","in":"header","description":"Convert string references and multi-language values into a specified language (iso2) code. Overrides Accept-Language value.","required":false,"type":"string"},{"name":"SO-Culture","in":"header","description":"Number, date formatting in a specified culture (iso2 language) code. Partially overrides SO-Language/Accept-Language value. Ignored if no Language set.","required":false,"type":"string"},{"name":"SO-TimeZone","in":"header","description":"Specify the timezone code that you would like date/time responses converted to.","required":false,"type":"string"},{"name":"SO-AppToken","in":"header","description":"The application token that identifies the partner app. Used when calling Online WebAPI from a server.","required":false,"type":"string"}],"responses":{"200":{"description":"OK","schema":{"type":"array","items":{"$ref":"#/definitions/SuperOffice.CRM.Services.Webhook"}}}},"security":[{"SuperOffice Password":[],"SuperId Authentication":[]}]},"post":{"tags":["Webhook"],"summary":"Creates a new Webhook","description":"Calls the Webhook agent service SaveWebhook.\r\nNsApiSlow threshold: 2000 ms.\r\n<para />## Online Restricted: ## The Webhook agent is not available in Online by default. Access must be requested specifically when app is registered.","operationId":"v1Webhook_PostWebhook","consumes":["application/json","text/json","application/xml","text/xml","application/x-www-form-urlencoded","application/json-patch+json","application/merge-patch+json"],"produces":["application/json","text/json","application/xml","text/xml","application/json-patch+json","application/merge-patch+json"],"parameters":[{"name":"newEntity","in":"body","description":"The Webhook to be saved.","required":true,"schema":{"$ref":"#/definitions/SuperOffice.CRM.Services.Webhook"}},{"name":"$select","in":"query","description":"Optional comma separated list of properties to include in the result. Other fields are then nulled out to reduce payload size: \"Name,department,category\" Default = show all fields.","required":false,"type":"string"},{"name":"Accept-Language","in":"header","description":"Convert string references and multi-language values into a specified language (iso2) code.","required":false,"type":"string"},{"name":"SO-Language","in":"header","description":"Convert string references and multi-language values into a specified language (iso2) code. Overrides Accept-Language value.","required":false,"type":"string"},{"name":"SO-Culture","in":"header","description":"Number, date formatting in a specified culture (iso2 language) code. Partially overrides SO-Language/Accept-Language value. Ignored if no Language set.","required":false,"type":"string"},{"name":"SO-TimeZone","in":"header","description":"Specify the timezone code that you would like date/time responses converted to.","required":false,"type":"string"},{"name":"SO-AppToken","in":"header","description":"The application token that identifies the partner app. Used when calling Online WebAPI from a server.","required":false,"type":"string"}],"responses":{"200":{"description":"OK","schema":{"$ref":"#/definitions/SuperOffice.WebApi.v1.Carriers.WebhookCarriers.WebhookWithLinks"}}},"security":[{"SuperOffice Password":[],"SuperId Authentication":[]}]}},"/api/v1/Webhook/{id}":{"get":{"tags":["Webhook"],"summary":"Gets a Webhook object.","description":"Calls the Webhook agent service GetWebhook.\r\nNsApiSlow threshold: 2000 ms.\r\n<para />## Online Restricted: ## The Webhook agent is not available in Online by default. Access must be requested specifically when app is registered.","operationId":"v1Webhook_GetWebhook","consumes":[],"produces":["application/json","text/json","application/xml","text/xml","application/json-patch+json","application/merge-patch+json"],"parameters":[{"name":"id","in":"path","description":"The id of the Webhook to return.","required":true,"type":"integer","format":"int32"},{"name":"$select","in":"query","description":"Optional comma separated list of properties to include in the result. Other fields are then nulled out to reduce payload size: \"Name,department,category\" Default = show all fields.","required":false,"type":"string"},{"name":"Accept-Language","in":"header","description":"Convert string references and multi-language values into a specified language (iso2) code.","required":false,"type":"string"},{"name":"SO-Language","in":"header","description":"Convert string references and multi-language values into a specified language (iso2) code. Overrides Accept-Language value.","required":false,"type":"string"},{"name":"SO-Culture","in":"header","description":"Number, date formatting in a specified culture (iso2 language) code. Partially overrides SO-Language/Accept-Language value. Ignored if no Language set.","required":false,"type":"string"},{"name":"SO-TimeZone","in":"header","description":"Specify the timezone code that you would like date/time responses converted to.","required":false,"type":"string"},{"name":"SO-AppToken","in":"header","description":"The application token that identifies the partner app. Used when calling Online WebAPI from a server.","required":false,"type":"string"}],"responses":{"200":{"description":"Webhook found.","schema":{"$ref":"#/definitions/SuperOffice.WebApi.v1.Carriers.WebhookCarriers.WebhookWithLinks"}},"404":{"description":"Not Found."}},"security":[{"SuperOffice Password":[],"SuperId Authentication":[]}]},"put":{"tags":["Webhook"],"summary":"Updates the existing Webhook","description":"NsApiSlow threshold: 2000 ms.\r\n<para />## Online Restricted: ## The Webhook agent is not available in Online by default. Access must be requested specifically when app is registered.","operationId":"v1Webhook_PutWebhook","consumes":["application/json","text/json","application/xml","text/xml","application/x-www-form-urlencoded","application/json-patch+json","application/merge-patch+json"],"produces":["application/json","text/json","application/xml","text/xml","application/json-patch+json","application/merge-patch+json"],"parameters":[{"name":"id","in":"path","description":"The Webhook id to update.","required":true,"type":"integer","format":"int32"},{"name":"entity","in":"body","description":"The Webhook to be saved.","required":true,"schema":{"$ref":"#/definitions/SuperOffice.CRM.Services.Webhook"}},{"name":"$select","in":"query","description":"Optional comma separated list of properties to include in the result. Other fields are then nulled out to reduce payload size: \"Name,department,category\" Default = show all fields.","required":false,"type":"string"},{"name":"Accept-Language","in":"header","description":"Convert string references and multi-language values into a specified language (iso2) code.","required":false,"type":"string"},{"name":"SO-Language","in":"header","description":"Convert string references and multi-language values into a specified language (iso2) code. Overrides Accept-Language value.","required":false,"type":"string"},{"name":"SO-Culture","in":"header","description":"Number, date formatting in a specified culture (iso2 language) code. Partially overrides SO-Language/Accept-Language value. Ignored if no Language set.","required":false,"type":"string"},{"name":"SO-TimeZone","in":"header","description":"Specify the timezone code that you would like date/time responses converted to.","required":false,"type":"string"},{"name":"SO-AppToken","in":"header","description":"The application token that identifies the partner app. Used when calling Online WebAPI from a server.","required":false,"type":"string"}],"responses":{"200":{"description":"Webhook updated.","schema":{"$ref":"#/definitions/SuperOffice.WebApi.v1.Carriers.WebhookCarriers.WebhookWithLinks"}},"400":{"description":"Bad request. Entity to save is not in request body."}},"security":[{"SuperOffice Password":[],"SuperId Authentication":[]}]},"delete":{"tags":["Webhook"],"summary":"Deletes the Webhook","description":"<para />## Online Restricted: ## The Webhook agent is not available in Online by default. Access must be requested specifically when app is registered. Calls the Webhook agent service DeleteWebhook.\r\nNsApiSlow threshold: 2000 ms.","operationId":"v1Webhook_DeleteWebhook","consumes":[],"produces":[],"parameters":[{"name":"id","in":"path","description":"The Webhook to be deleted.","required":true,"type":"integer","format":"int32"},{"name":"SO-AppToken","in":"header","description":"The application token that identifies the partner app. Used when calling Online WebAPI from a server.","required":false,"type":"string"}],"responses":{"204":{"description":"Webhook deleted."}},"security":[{"SuperOffice Password":[],"SuperId Authentication":[]}]}},"/api/v1/Webhook/Test":{"post":{"tags":["Webhook"],"summary":"Pings a webhook with a 'test' event, returns SUCCESS(true) or FAILURE(false) + the response from the webhook target.","description":"<para />## Online Restricted: ## The Webhook agent is not available in Online by default. Access must be requested specifically when app is registered.","operationId":"v1Webhook_TestWebhook","consumes":["application/json","text/json","application/xml","text/xml","application/x-www-form-urlencoded","application/json-patch+json","application/merge-patch+json"],"produces":["application/json","text/json","application/xml","text/xml","application/json-patch+json","application/merge-patch+json"],"parameters":[{"name":"webhook","in":"body","description":"Webhook definition to ping. Must contain a valid TargetUrl.","required":true,"schema":{"$ref":"#/definitions/SuperOffice.CRM.Services.Webhook"}},{"name":"Accept-Language","in":"header","description":"Convert string references and multi-language values into a specified language (iso2) code.","required":false,"type":"string"},{"name":"SO-Language","in":"header","description":"Convert string references and multi-language values into a specified language (iso2) code. Overrides Accept-Language value.","required":false,"type":"string"},{"name":"SO-Culture","in":"header","description":"Number, date formatting in a specified culture (iso2 language) code. Partially overrides SO-Language/Accept-Language value. Ignored if no Language set.","required":false,"type":"string"},{"name":"SO-TimeZone","in":"header","description":"Specify the timezone code that you would like date/time responses converted to.","required":false,"type":"string"},{"name":"SO-AppToken","in":"header","description":"The application token that identifies the partner app. Used when calling Online WebAPI from a server.","required":false,"type":"string"}],"responses":{"200":{"description":"OK","schema":{"$ref":"#/definitions/SuperOffice.CRM.Services.WebhookResult"}}},"security":[{"SuperOffice Password":[],"SuperId Authentication":[]}]}},"/api/v1/Webhook/{eventName}/{primaryKey}":{"post":{"tags":["Webhook"],"summary":"Signal webhooks that an event has occurred.","description":"All webhooks listening for the event will be notified.\r\n<para />## Online Restricted: ## The Webhook agent is not available in Online by default. Access must be requested specifically when app is registered.","operationId":"v1Webhook_SignalEvent","consumes":["application/json","text/json","application/xml","text/xml","application/x-www-form-urlencoded","application/json-patch+json","application/merge-patch+json"],"produces":[],"parameters":[{"name":"eventName","in":"path","description":"Name of event to fire. 'entity.verb' For example: 'window.closed', 'button.clicked'.","required":true,"type":"string"},{"name":"data","in":"body","description":"Event data. Not all the data values may be posted to the webhook, depending in webhook type: { 'windowName': 'foo', 'widgets': 123 }","required":true,"schema":{"type":"object","additionalProperties":{"type":"object"}}},{"name":"primaryKey","in":"path","description":"(Optional) Id of entity that is firing event. Can be 0 if not used.","required":true,"type":"integer","format":"int32"},{"name":"SO-AppToken","in":"header","description":"The application token that identifies the partner app. Used when calling Online WebAPI from a server.","required":false,"type":"string"}],"responses":{"204":{"description":"No Content"}},"security":[{"SuperOffice Password":[],"SuperId Authentication":[]}]}},"/api/v1/Webhook/{webhookId}/LastError":{"get":{"tags":["Webhook"],"summary":"Return the most recent error message received when calling this webhook.","description":"<para />## Online Restricted: ## The Webhook agent is not available in Online by default. Access must be requested specifically when app is registered.","operationId":"v1Webhook_GetLastError","consumes":[],"produces":["application/json","text/json","application/xml","text/xml","application/json-patch+json","application/merge-patch+json"],"parameters":[{"name":"webhookId","in":"path","description":"Webhook to get error message for.","required":true,"type":"integer","format":"int32"},{"name":"Accept-Language","in":"header","description":"Convert string references and multi-language values into a specified language (iso2) code.","required":false,"type":"string"},{"name":"SO-Language","in":"header","description":"Convert string references and multi-language values into a specified language (iso2) code. Overrides Accept-Language value.","required":false,"type":"string"},{"name":"SO-Culture","in":"header","description":"Number, date formatting in a specified culture (iso2 language) code. Partially overrides SO-Language/Accept-Language value. Ignored if no Language set.","required":false,"type":"string"},{"name":"SO-TimeZone","in":"header","description":"Specify the timezone code that you would like date/time responses converted to.","required":false,"type":"string"},{"name":"SO-AppToken","in":"header","description":"The application token that identifies the partner app. Used when calling Online WebAPI from a server.","required":false,"type":"string"}],"responses":{"200":{"description":"OK","schema":{"type":"string"}}},"security":[{"SuperOffice Password":[],"SuperId Authentication":[]}]}}},"definitions":{"SuperOffice.CRM.Services.Webhook":{"description":"Webhook definitions. Webhooks broadcast events from NetServer to remote servers.\r\n<para />\r\nCarrier object for Webhook.\r\nServices for the Webhook Carrier is available from the <see cref=\"T:SuperOffice.CRM.Services.IWebhookAgent\">Webhook Agent</see>.","type":"object","properties":{"WebhookId":{"format":"int32","description":"Primary Key. Unique id for this webhook.","type":"integer"},"Name":{"description":"Name to identify this webhook. Does not have to be unique.","type":"string"},"Events":{"description":"Array of event names that trigger this webhook: ['contact.created', 'sale.changed']","type":"array","items":{"type":"string"}},"TargetUrl":{"description":"Destination to POST event info to. URL for webhooks. Id for CRM scripts","type":"string"},"Secret":{"description":"Shared secret key used for generating SHA256 HMAC signature, so that receiver can verify that call came from this server","type":"string"},"State":{"description":"Webhook status - should we post events to the URL? 1=Active, 2=Stopped or 3=TooManyErrors","enum":["Unknown","Active","Stopped","TooManyErrors"],"type":"string"},"Type":{"description":"Name of plugin that handles this webhook. 'webhook' for HTTP POST notifications, 'crmscript' for script invocations.","type":"string"},"Headers":{"description":"Custom HTTP Headers to add to webhook requests.","type":"object","additionalProperties":{"type":"string"}},"Properties":{"description":"Custom values to inject into JSON body of webhook call.","type":"object","additionalProperties":{"type":"object"}},"Registered":{"format":"date-time","description":"Registered when  in UTC.","type":"string"},"RegisteredAssociate":{"$ref":"#/definitions/SuperOffice.CRM.Services.Associate","description":"The user that created the webhook."},"Updated":{"format":"date-time","description":"Last updated when  in UTC.","type":"string"},"UpdatedAssociate":{"$ref":"#/definitions/SuperOffice.CRM.Services.Associate","description":"The user that last updated the webhook."},"ErrorsEmail":{"description":"Email address to send error message to when this webhook state changes to too-many errors.","type":"string"}}},"SuperOffice.CRM.Services.Associate":{"description":"Carrier object for Associate.\r\nServices for the Associate Carrier is available from the <see cref=\"T:SuperOffice.CRM.Services.IAssociateAgent\">Associate Agent</see>.","type":"object","properties":{"AssociateId":{"format":"int32","description":"Primary key","type":"integer"},"Name":{"description":"Initials, also login name, possibly database user name","type":"string"},"PersonId":{"format":"int32","description":"Owning person record \r\n<para>Use MDO List name \"person\" to get list items.</para>","type":"integer"},"Rank":{"format":"int32","description":"Rank order","type":"integer"},"Tooltip":{"description":"Tooltip or other description","type":"string"},"Type":{"description":"User type - 1 = internal user, 2 = resource, 3 = external user, 4 = anonymous, 5 = system","enum":["Unknown","InternalAssociate","ResourceAssociate","ExternalAssociate","AnonymousAssociate","SystemAssociate"],"type":"string"},"GroupIdx":{"format":"int32","description":"Primary group membership, see UserGroupLink for secondary memberships","type":"integer"},"FullName":{"description":"The associate's culture formatted fullname (firstname, middleName and lastname)","type":"string"},"FormalName":{"description":"The associate's culture formatted formalname (firstname, middleName and lastname, title, mrmrs)","type":"string"},"Deleted":{"description":"If true, the user is retired and should have no rights, not appear in lists, etc.","type":"boolean"},"EjUserId":{"format":"int32","description":"ID of the ej user record corresponding to this associate; 0 for associates that are not ej users","type":"integer"},"UserName":{"description":"User name","type":"string"},"ExtraFields":{"description":"Deprecated: Use {SuperOffice.CRM.Services.Associate.CustomFields} instead.\r\nExtra fields added to the carrier. This could be data from Plug-ins, the foreign key system, external applications, etc.","type":"object","additionalProperties":{"type":"string"}},"CustomFields":{"description":"Udef + Extra fields added to the carrier. Extra fields as defined by changes to database schema + user-defined fields as defined by admin.\r\nCustom fields combines user defined fields and extra fields into one bucket. \r\nThe individual {SuperOffice.CRM.Services.Associate.ExtraFields} and <see cref=\"!:UserDefinedFields\">UserDefinedFields</see> properties are deprecated in favor of this\r\ncombined collection.","type":"object","additionalProperties":{"type":"string"}},"TableRight":{"$ref":"#/definitions/SuperOffice.CRM.Security.TableRight","description":"The carrier's table right"},"FieldProperties":{"description":"Field property dictionary mapping field names to field access rights.","type":"object","additionalProperties":{"$ref":"#/definitions/SuperOffice.CRM.Security.FieldProperty"}}}},"SuperOffice.CRM.Security.TableRight":{"description":"Wraps a table right together with an explanatory reason.\r\nCode can indicate why access is restricted.","type":"object","properties":{"Mask":{"type":"string"},"Reason":{"type":"string"}}},"SuperOffice.CRM.Security.FieldProperty":{"description":"Class holding properties like field length, field type about a field in the carrier.","type":"object","properties":{"FieldRight":{"$ref":"#/definitions/SuperOffice.CRM.Security.FieldRight"},"FieldType":{"type":"string"},"FieldLength":{"format":"int32","description":"","type":"integer"}}},"SuperOffice.CRM.Security.FieldRight":{"description":"Wraps the field right together with an explanatory reason.\r\nAlso adds logical operators to the field rights so that they can be easily combined.","type":"object","properties":{"Mask":{"type":"string"},"Reason":{"type":"string"}}},"SuperOffice.WebApi.v1.Carriers.WebhookCarriers.WebhookWithLinks":{"description":"Webhook definitions. Webhooks broadcast events from NetServer to remote servers.\r\n<para />\r\nWebhook entity with API _Links added.","type":"object","properties":{"WebhookId":{"format":"int32","description":"Primary Key. Unique id for this webhook.","type":"integer"},"Name":{"description":"Name to identify this webhook. Does not have to be unique.","type":"string"},"Events":{"description":"Array of event names that trigger this webhook: ['contact.created', 'sale.changed']","type":"array","items":{"type":"string"}},"TargetUrl":{"description":"Destination to POST event info to. URL for webhooks. Id for CRM scripts","type":"string"},"Secret":{"description":"Shared secret key used for generating SHA256 HMAC signature, so that receiver can verify that call came from this server","type":"string"},"State":{"description":"Webhook status - should we post events to the URL? 1=Active, 2=Stopped or 3=TooManyErrors","enum":["Unknown","Active","Stopped","TooManyErrors"],"type":"string"},"Type":{"description":"Name of plugin that handles this webhook. 'webhook' for HTTP POST notifications, 'crmscript' for script invocations.","type":"string"},"Headers":{"description":"Custom HTTP Headers to add to webhook requests.","type":"object","additionalProperties":{"type":"string"}},"Properties":{"description":"Custom values to inject into JSON body of webhook call.","type":"object","additionalProperties":{"type":"object"}},"Registered":{"format":"date-time","description":"Registered when  in UTC.","type":"string"},"RegisteredAssociate":{"$ref":"#/definitions/SuperOffice.CRM.Services.Associate","description":"The user that created the webhook."},"Updated":{"format":"date-time","description":"Last updated when  in UTC.","type":"string"},"UpdatedAssociate":{"$ref":"#/definitions/SuperOffice.CRM.Services.Associate","description":"The user that last updated the webhook."},"ErrorsEmail":{"description":"Email address to send error message to when this webhook state changes to too-many errors.","type":"string"},"_Links":{"type":"object","additionalProperties":{"type":"string"}}}},"SuperOffice.CRM.Services.WebhookResult":{"description":"Result of calling a webhook\r\n<para />\r\nCarrier object for WebhookResult.\r\nServices for the WebhookResult Carrier is available from the <see cref=\"T:SuperOffice.CRM.Services.IWebhookAgent\">Webhook Agent</see>.","type":"object","properties":{"Success":{"description":"Was call to webhook successful? (200 OK)","type":"boolean"},"Message":{"description":"Headers and body of response from webhook","type":"string"},"TableRight":{"$ref":"#/definitions/SuperOffice.CRM.Security.TableRight","description":"The carrier's table right"},"FieldProperties":{"description":"Field property dictionary mapping field names to field access rights.","type":"object","additionalProperties":{"$ref":"#/definitions/SuperOffice.CRM.Security.FieldProperty"}}}}},"securityDefinitions":{"SuperOffice Password":{"type":"basic","description":"SuperOffice username:password are passed in Base64-encoded. \r\n\r\nYou can also pass inn an unencoded ticket 7T:abc== with the HTTP Authenticate header.\r\n"},"SuperId Authentication":{"type":"oauth2","description":"SuperOffice SuperId OAuth implicit flow. \r\nYou need to issue a request to the SuperId authorization URL\r\n    https://online.superoffice.com/login/common/oauth/authorize?response_type=token\r\n      &client_id=670734e0-4c5a-11e3-be9e-a171392e81db\r\n      &redirect_uri=https://example.com/spa/\r\n\r\npassing in the application id and redirect URL.\r\n\r\nSuperId will log the user in, and redirect to the requested redirect URL with a #payload\r\ncontaining the access token and claims. (The redirect URL must be registered with SuperId in advance)\r\n\r\n   https://example.com/spa#access_token=8A%3aCust12227.AXRrCITpPBvQX3UbIohb\r\n      &token_type=bearer\r\n      &state=\r\n      &expires_in=3600\r\n      &ctx=Cust12227\r\n      &netserver_url=https%3a%2f%2fsod.superoffice.com%2fCust12227%2fRemote%2fServices82%2f\r\n\r\nYou can take the #access_token value and pass it as the Authenticate HTTP header as a BEARER token.\r\n","flow":"implicit","authorizationUrl":"https://online.superoffice.com/login/common/oauth/authorize","scopes":{}}},"tags":[],"externalDocs":{"description":"The SuperOffice DevNet Community has more documentation, examples, and discussion forums.","url":"https://community.superoffice.com/en/developer/"}}