{"swagger":"2.0","info":{"version":"v1-REST","title":"SuperOffice REST API v1","description":"SuperOffice REST API - Archive","termsOfService":"You must be an authorized user to access this API.","contact":{"name":"SuperOffice DevNet","url":"https://docs.superoffice.com/en/api/index.html","email":"sdk@superoffice.com"}},"host":"localhost:49322","schemes":["http","https"],"paths":{"/api/v1/Archive":{"get":{"tags":["Archive"],"summary":"Returns list of archive providers supported by the OData endpoint at api/Services80/archives.","description":"Use the \"$metadata\" archive to get a list of all columns supported by the archive providers in XML format.","operationId":"v1Archive_GetArchive","consumes":[],"produces":["application/json","text/json","application/xml","text/xml","application/json-patch+json","application/merge-patch+json"],"parameters":[{"name":"Accept-Language","in":"header","description":"Convert string references and multi-language values into a specified language (iso2) code.","required":false,"type":"string"},{"name":"SO-Language","in":"header","description":"Convert string references and multi-language values into a specified language (iso2) code. Overrides Accept-Language value.","required":false,"type":"string"},{"name":"SO-Culture","in":"header","description":"Number, date formatting in a specified culture (iso2 language) code. Partially overrides SO-Language/Accept-Language value. Ignored if no Language set.","required":false,"type":"string"},{"name":"SO-TimeZone","in":"header","description":"Specify the timezone code that you would like date/time responses converted to.","required":false,"type":"string"},{"name":"SO-AppToken","in":"header","description":"The application token that identifies the partner app. Used when calling Online WebAPI from a server.","required":false,"type":"string"}],"responses":{"200":{"description":"OK","schema":{"type":"object","additionalProperties":{"type":"string"}}}},"security":[{"SuperOffice Password":[],"SuperId Authentication":[]}]}},"/api/v1/Archive/{archiveProviderName}":{"get":{"tags":["Archive"],"summary":"Returns archive providers in OData format.","description":"Supports JSON and ATOM+XML results based on Accept headers. Supports OData query parameters:\r\n<ul><li>$select=col1,col2,abc/col3</li><li>$filter=col1 eq 'foo' and startswith(col2, 'baz')</li><li>$orderby=col1,abc/col3</li><li>$top=1000</li><li>$options=GrandTotal=true</li><li>$context=foo</li><li>$format=json</li></ul>\r\n## Filter Operators: ##\r\n\r\nints: eq =, ne, le, lt, gt, ge, set, equals, greater, less, unequals, between\r\n\r\nstrings: contains, is, notBegins, notContains, isNot\r\n\r\nassociate: associateIsOneOf, associateIsNotOneOf,  \r\n\r\nlist ids: oneOf, NotOneOf, \r\n\r\ndates: before, date, after, dateBetween, beforeToday\r\n\r\nUnary ops: currentAssociate, beforeToday, today, afterToday, lastWeek, thisWeek, nextWeek, lastMonth, thisMonth, nextMonth, lastQuarter, thisQuarter, nextQuarter, thisHalf, thisYear\r\n\r\nFuncs: substringof(a,b), startswith(a,b), endswith(a,b), this(f,period), next(f,n,period), previous(f,n,period), thisAndNext(f,n,period), thisAndPrevious(f,n,period), thisAndPreviousAndNext(f,period)\r\n\r\n\r\nOData returns XML or JSON carriers depending on the Accept headers. $format can also be used to \r\ncontrol the response format via the URL. \r\n\r\n<h2>Aggregation operators</h2>\r\n\r\nThe column names can encode grouping and summarizing.\r\nYou add functions and modifiers to the column name to trigger aggregation.\r\n\r\n<list type=\"bullet\">* <description>GroupBy(col)</description>\r\n* <description>Sum(col)</description>\r\n* <description>Avg(col)</description>\r\n* <description>Percent(col)</description>\r\n* <description>Count(col)</description>\r\n* <description>CountAll(col)</description>\r\n* <description>DatePart(col)</description>\r\n\r\n\r\n\r\nYou add modifiers to the end of the column name to trigger aggregation.\r\n\r\n<list type=\"bullet\">* <description>:Header</description>\r\n* <description>:Footer</description>\r\n* <description>:HideDetail</description>\r\n\r\n\r\nDatePart specific modifiers\r\n<list type=\"bullet\">* <description>:Year</description>\r\n* <description>:Quarter</description>\r\n* <description>:Month</description>\r\n* <description>:Day</description>\r\n* <description>:DayOfYear</description>\r\n* <description>:DayOfWeek</description>\r\n* <description>:Hour</description>\r\n* <description>:Weekno</description>\r\n* <description>:YearMonth</description>\r\n* <description>:YearWeekno</description>\r\n* <description>:YearQuarter</description>\r\n\r\n\r\nExample: group last names together, and inject a header row for each group.\r\n<code>\r\nGroupBy(lastName):Header\r\n</code>\r\nExample: count instances of middle names, and hide the individual rows, \r\nreport just the totals for each group using a footer. Note how the modifiers stack.\r\n<code>\r\nCount(middleName):HideDetail:Footer\r\n</code>\r\nExample: the aggregator functions can nest, so you can say\r\n<code>\r\nGroupBy(DatePart(personUpdatedDate):YearMonth):Header\r\n</code>\r\nSome simple queries can be used to filter and simplify the result list:\r\n<code>\r\nGET api/archives/$metadata\r\nGET api/archives/findContact\r\nGET api/archives/findContact?$top=20\r\nGET api/archives/findContact?$select=nameDepartment,fullname\r\nGET api/archives/findContact?$filter=name begins 'foo'\r\nGET api/archives/findContact?$filter=thisAndPrevious(registered, 2, 'weeks')\r\nGET api/archives/findContact?$select=nameDepartment,fullname&amp;$filter=name begins 'foo'\r\n</code>","operationId":"v1Archive_GetArchive_GET","consumes":[],"produces":["application/json","text/json","application/xml","text/xml","application/json-patch+json","application/merge-patch+json"],"parameters":[{"name":"archiveProviderName","in":"path","description":"Archive Provider name: FindContact, Person, Product, etc. Call with blank name to get a list of names.","required":true,"type":"string"},{"name":"$select","in":"query","description":"Comma separated list of column names to return. \"nameDepartment,fullname,category\". Can also use aggregation functions and modifiers: \"Count(category):Footer\"","required":false,"type":"string"},{"name":"$filter","in":"query","description":"Expression to restrict the results. e.g.: \"name begins 'foo' and category gt 1\".","required":false,"type":"string"},{"name":"$orderBy","in":"query","description":"Comma separated list of column names to sort by, with optional direction. \"name asc,fullname,category desc\"","required":false,"type":"string"},{"name":"$entities","in":"query","description":"Comma separated list of entity names to use. Default = \"\", which means all entities. \"contact, person\"","required":false,"type":"string"},{"name":"$top","in":"query","description":"Number of rows to return in results.","required":false,"type":"integer","format":"int32"},{"name":"$skip","in":"query","description":"Number of rows to skip before returning results.","required":false,"type":"integer","format":"int32"},{"name":"$mode","in":"query","description":"FULL (with raw values and hints for each value) or SLIM (just the display values)","required":false,"type":"string","enum":["Slim","Wide","Full"]},{"name":"$options","in":"query","description":"Provider specific options. e.g: \"GrandTotal=true\"","required":false,"type":"string"},{"name":"$context","in":"query","description":"Provider specific context parameter. Usually blank.","required":false,"type":"string"},{"name":"$format","in":"query","description":"Set XML or JSON output format, override the format determined from Accept header.","required":false,"type":"string"},{"name":"$metadata","in":"query","description":"Default: \"ALL\" to return description of all columns. Overrides $select and other parameters.","required":false,"type":"string"},{"name":"$inlineCount","in":"query","description":"Determine how/if row count is returned in the result","required":false,"type":"string","enum":["False","Estimate","True","AllPages"]},{"name":"$jsonSafe","in":"query","description":"Make output names into JSON safe property names. Replace all unsafe characters with _ underscore.","required":false,"type":"boolean"},{"name":"$output","in":"query","description":"Return Logical or Display values in SLIM mode. Logical returns true/false for booleans, Display returns icon hints. Dates are always returned as ISO strings.","required":false,"type":"string","enum":["Logical","Display"]},{"name":"Accept-Language","in":"header","description":"Convert string references and multi-language values into a specified language (iso2) code.","required":false,"type":"string"},{"name":"SO-Language","in":"header","description":"Convert string references and multi-language values into a specified language (iso2) code. Overrides Accept-Language value.","required":false,"type":"string"},{"name":"SO-Culture","in":"header","description":"Number, date formatting in a specified culture (iso2 language) code. Partially overrides SO-Language/Accept-Language value. Ignored if no Language set.","required":false,"type":"string"},{"name":"SO-TimeZone","in":"header","description":"Specify the timezone code that you would like date/time responses converted to.","required":false,"type":"string"},{"name":"SO-AppToken","in":"header","description":"The application token that identifies the partner app. Used when calling Online WebAPI from a server.","required":false,"type":"string"}],"responses":{"200":{"description":"OK","schema":{"$ref":"#/definitions/SuperOffice.Services.WebApi.OData.ODataSlimResponse"}}},"security":[{"SuperOffice Password":[],"SuperId Authentication":[]}]}},"/api/v1/Archive/{archiveProviderName}/$metadata":{"get":{"tags":["Archive"],"summary":"OData access to archive an provider","description":"<code>\r\n            GET api/archives/contact/$metadata\r\n            </code>","operationId":"v1Archive_GetArchiveMetadata","consumes":[],"produces":["application/json","text/json","application/xml","text/xml","application/json-patch+json","application/merge-patch+json"],"parameters":[{"name":"archiveProviderName","in":"path","description":"Archive Provider name: FindContact, Person, Product, etc.","required":true,"type":"string"},{"name":"Accept-Language","in":"header","description":"Convert string references and multi-language values into a specified language (iso2) code.","required":false,"type":"string"},{"name":"SO-Language","in":"header","description":"Convert string references and multi-language values into a specified language (iso2) code. Overrides Accept-Language value.","required":false,"type":"string"},{"name":"SO-Culture","in":"header","description":"Number, date formatting in a specified culture (iso2 language) code. Partially overrides SO-Language/Accept-Language value. Ignored if no Language set.","required":false,"type":"string"},{"name":"SO-TimeZone","in":"header","description":"Specify the timezone code that you would like date/time responses converted to.","required":false,"type":"string"},{"name":"SO-AppToken","in":"header","description":"The application token that identifies the partner app. Used when calling Online WebAPI from a server.","required":false,"type":"string"}],"responses":{"200":{"description":"OK","schema":{"$ref":"#/definitions/SuperOffice.Services.WebApi.OData.ODataSlimResponse"}}},"security":[{"SuperOffice Password":[],"SuperId Authentication":[]}]}}},"definitions":{"SuperOffice.Services.WebApi.OData.ODataSlimResponse":{"description":"Easy to use archive results - just a flat list of values.","type":"object","properties":{"odata.metadata":{"type":"string"},"odata.nextLink":{"type":"string"},"value":{"type":"array","items":{"type":"object","additionalProperties":{"type":"object"}}}}}},"securityDefinitions":{"SuperOffice Password":{"type":"basic","description":"SuperOffice username:password are passed in Base64-encoded. \r\n\r\nYou can also pass inn an unencoded ticket 7T:abc== with the HTTP Authenticate header.\r\n"},"SuperId Authentication":{"type":"oauth2","description":"SuperOffice SuperId OAuth implicit flow. \r\nYou need to issue a request to the SuperId authorization URL\r\n    https://online.superoffice.com/login/common/oauth/authorize?response_type=token\r\n      &client_id=670734e0-4c5a-11e3-be9e-a171392e81db\r\n      &redirect_uri=https://example.com/spa/\r\n\r\npassing in the application id and redirect URL.\r\n\r\nSuperId will log the user in, and redirect to the requested redirect URL with a #payload\r\ncontaining the access token and claims. (The redirect URL must be registered with SuperId in advance)\r\n\r\n   https://example.com/spa#access_token=8A%3aCust12227.AXRrCITpPBvQX3UbIohb\r\n      &token_type=bearer\r\n      &state=\r\n      &expires_in=3600\r\n      &ctx=Cust12227\r\n      &netserver_url=https%3a%2f%2fsod.superoffice.com%2fCust12227%2fRemote%2fServices82%2f\r\n\r\nYou can take the #access_token value and pass it as the Authenticate HTTP header as a BEARER token.\r\n","flow":"implicit","authorizationUrl":"https://online.superoffice.com/login/common/oauth/authorize","scopes":{}}},"tags":[],"externalDocs":{"description":"The SuperOffice DevNet Community has more documentation, examples, and discussion forums.","url":"https://community.superoffice.com/en/developer/"}}