{"swagger":"2.0","info":{"version":"v1-REST","title":"SuperOffice REST API v1","description":"SuperOffice REST API - MDOList","termsOfService":"You must be an authorized user to access this API.","contact":{"name":"SuperOffice DevNet","url":"https://docs.superoffice.com/en/api/index.html","email":"sdk@superoffice.com"}},"host":"localhost:62035","schemes":["http","https"],"paths":{"/api/v1/MDOList":{"get":{"tags":["List_MDO"],"summary":"Return array of list names.","description":"","operationId":"v1MDOList_GetListOfLists","consumes":[],"produces":["application/json","text/json","application/xml","text/xml","application/json-patch+json","application/merge-patch+json"],"parameters":[{"name":"Accept-Language","in":"header","description":"Convert string references and multi-language values into a specified language (iso2) code.","required":false,"type":"string"},{"name":"SO-Language","in":"header","description":"Convert string references and multi-language values into a specified language (iso2) code. Overrides Accept-Language value.","required":false,"type":"string"},{"name":"SO-Culture","in":"header","description":"Number, date formatting in a specified culture (iso2 language) code. Partially overrides SO-Language/Accept-Language value. Ignored if no Language set.","required":false,"type":"string"},{"name":"SO-TimeZone","in":"header","description":"Specify the timezone code that you would like date/time responses converted to.","required":false,"type":"string"},{"name":"SO-AppToken","in":"header","description":"The application token that identifies the partner app. Used when calling Online WebAPI from a server.","required":false,"type":"string"}],"responses":{"200":{"description":"OK","schema":{"type":"array","items":{"type":"string"}}}},"security":[{"SuperOffice Password":[],"SuperId Authentication":[]}]}},"/api/v1/MDOList/{listname}":{"get":{"tags":["List_MDO"],"summary":"Get the list items in a named list.","description":"","operationId":"v1MDOList_GetList","consumes":[],"produces":["application/json","text/json","application/xml","text/xml","application/json-patch+json","application/merge-patch+json"],"parameters":[{"name":"listname","in":"path","description":"\"category\", \"business\" etc","required":true,"type":"string"},{"name":"flat","in":"query","description":"Flatten the list? Default false.","required":false,"type":"boolean"},{"name":"additional","in":"query","description":"Extra context for the provider. Depends on listname.","required":false,"type":"string"},{"name":"query","in":"query","description":"Search terms (implies flat=true)","required":false,"type":"string"},{"name":"Accept-Language","in":"header","description":"Convert string references and multi-language values into a specified language (iso2) code.","required":false,"type":"string"},{"name":"SO-Language","in":"header","description":"Convert string references and multi-language values into a specified language (iso2) code. Overrides Accept-Language value.","required":false,"type":"string"},{"name":"SO-Culture","in":"header","description":"Number, date formatting in a specified culture (iso2 language) code. Partially overrides SO-Language/Accept-Language value. Ignored if no Language set.","required":false,"type":"string"},{"name":"SO-TimeZone","in":"header","description":"Specify the timezone code that you would like date/time responses converted to.","required":false,"type":"string"},{"name":"SO-AppToken","in":"header","description":"The application token that identifies the partner app. Used when calling Online WebAPI from a server.","required":false,"type":"string"}],"responses":{"200":{"description":"OK","schema":{"type":"array","items":{"$ref":"#/definitions/SuperOffice.CRM.Services.MDOListItem"}}}},"security":[{"SuperOffice Password":[],"SuperId Authentication":[]}]}},"/api/v1/MDOList/{listname}/selectable":{"get":{"tags":["List_MDO"],"summary":"Return the selectable list items","description":"","operationId":"v1MDOList_GetSelectableList","consumes":[],"produces":["application/json","text/json","application/xml","text/xml","application/json-patch+json","application/merge-patch+json"],"parameters":[{"name":"listname","in":"path","description":"\"category\", \"business\" etc","required":true,"type":"string"},{"name":"additional","in":"query","description":"List-specific additional info.","required":false,"type":"string"},{"name":"flat","in":"query","description":"true/false","required":false,"type":"boolean"},{"name":"Accept-Language","in":"header","description":"Convert string references and multi-language values into a specified language (iso2) code.","required":false,"type":"string"},{"name":"SO-Language","in":"header","description":"Convert string references and multi-language values into a specified language (iso2) code. Overrides Accept-Language value.","required":false,"type":"string"},{"name":"SO-Culture","in":"header","description":"Number, date formatting in a specified culture (iso2 language) code. Partially overrides SO-Language/Accept-Language value. Ignored if no Language set.","required":false,"type":"string"},{"name":"SO-TimeZone","in":"header","description":"Specify the timezone code that you would like date/time responses converted to.","required":false,"type":"string"},{"name":"SO-AppToken","in":"header","description":"The application token that identifies the partner app. Used when calling Online WebAPI from a server.","required":false,"type":"string"}],"responses":{"200":{"description":"OK","schema":{"type":"array","items":{"$ref":"#/definitions/SuperOffice.CRM.Services.SelectableMDOListItem"}}}},"security":[{"SuperOffice Password":[],"SuperId Authentication":[]}]}}},"definitions":{"SuperOffice.CRM.Services.MDOListItem":{"description":"Carrier object for MDOListItem.\r\nServices for the MDOListItem Carrier is available from the <see cref=\"T:SuperOffice.CRM.Services.IMDOAgent\">MDO Agent</see>.","type":"object","properties":{"Id":{"format":"int32","description":"The Id of the ListItem","type":"integer"},"Name":{"description":"The name of the ListItem","type":"string"},"ToolTip":{"description":"The tooltip of the ListItem","type":"string"},"Deleted":{"description":"The deleted status of the ListItem","type":"boolean"},"Rank":{"format":"int32","description":"The rank of the ListItem","type":"integer"},"Type":{"description":"The type of the ListItem. Custom field.","type":"string"},"ChildItems":{"description":"The child items of the MDOListItem","type":"array","items":{"$ref":"#/definitions/SuperOffice.CRM.Services.MDOListItem"}},"IconHint":{"description":"The Icon hint of the ListItem. Custom field.","type":"string"},"ColorBlock":{"format":"int32","description":"The color indicator of the ListItem color block","type":"integer"},"ExtraInfo":{"description":"Extra information added to the ListItem. Could be information such as sort order etc or other meta data. Custom field.","type":"string"},"StyleHint":{"description":"Style hint indicating, information such as background color etc. Custom field.","type":"string"},"FullName":{"description":"The name of the ListItem in its context","type":"string"},"TableRight":{"$ref":"#/definitions/SuperOffice.CRM.Security.TableRight","description":"The carrier's table right"},"FieldProperties":{"description":"Field property dictionary mapping field names to field access rights.","type":"object","additionalProperties":{"$ref":"#/definitions/SuperOffice.CRM.Security.FieldProperty"}}}},"SuperOffice.CRM.Security.TableRight":{"description":"Wraps a table right together with an explanatory reason.\r\nCode can indicate why access is restricted.","type":"object","properties":{"Mask":{"type":"string"},"Reason":{"type":"string"}}},"SuperOffice.CRM.Security.FieldProperty":{"description":"Class holding properties like field length, field type about a field in the carrier.","type":"object","properties":{"FieldRight":{"$ref":"#/definitions/SuperOffice.CRM.Security.FieldRight"},"FieldType":{"type":"string"},"FieldLength":{"format":"int32","description":"","type":"integer"}}},"SuperOffice.CRM.Security.FieldRight":{"description":"Wraps the field right together with an explanatory reason.\r\nAlso adds logical operators to the field rights so that they can be easily combined.","type":"object","properties":{"Mask":{"type":"string"},"Reason":{"type":"string"}}},"SuperOffice.CRM.Services.SelectableMDOListItem":{"description":"Carrier object for SelectableMDOListItem.\r\nServices for the SelectableMDOListItem Carrier is available from the <see cref=\"T:SuperOffice.CRM.Services.IMDOAgent\">MDO Agent</see>.","type":"object","properties":{"Id":{"format":"int32","description":"The Id of the ListItem","type":"integer"},"Name":{"description":"The name of the ListItem","type":"string"},"ToolTip":{"description":"The tooltip of the ListItem","type":"string"},"Deleted":{"description":"The deleted status of the ListItem","type":"boolean"},"Rank":{"format":"int32","description":"The rank of the ListItem","type":"integer"},"Type":{"description":"The type of the ListItem. Custom field.","type":"string"},"ColorBlock":{"format":"int32","description":"The color indicator of the ListItem color block","type":"integer"},"IconHint":{"description":"The Icon hint of the ListItem. Custom field.","type":"string"},"Selected":{"description":"True if the ListItem is selected","type":"boolean"},"LastChanged":{"format":"date-time","description":"Time of last change.","type":"string"},"ChildItems":{"description":"The child items of the SelectableMDOListItem","type":"array","items":{"$ref":"#/definitions/SuperOffice.CRM.Services.SelectableMDOListItem"}},"ExtraInfo":{"description":"Extra information added to the ListItem. Could be information such as sort order etc or other meta data. Custom field.","type":"string"},"StyleHint":{"description":"Style hint indicating, information such as background color etc. Custom field.","type":"string"},"Hidden":{"description":"True if the ListItem is hidden","type":"boolean"},"FullName":{"description":"The name of the ListItem in its context","type":"string"},"TableRight":{"$ref":"#/definitions/SuperOffice.CRM.Security.TableRight","description":"The carrier's table right"},"FieldProperties":{"description":"Field property dictionary mapping field names to field access rights.","type":"object","additionalProperties":{"$ref":"#/definitions/SuperOffice.CRM.Security.FieldProperty"}}}}},"securityDefinitions":{"SuperOffice Password":{"type":"basic","description":"SuperOffice username:password are passed in Base64-encoded. \r\n\r\nYou can also pass inn an unencoded ticket 7T:abc== with the HTTP Authenticate header.\r\n"},"SuperId Authentication":{"type":"oauth2","description":"SuperOffice SuperId OAuth implicit flow. \r\nYou need to issue a request to the SuperId authorization URL\r\n    https://online.superoffice.com/login/common/oauth/authorize?response_type=token\r\n      &client_id=670734e0-4c5a-11e3-be9e-a171392e81db\r\n      &redirect_uri=https://example.com/spa/\r\n\r\npassing in the application id and redirect URL.\r\n\r\nSuperId will log the user in, and redirect to the requested redirect URL with a #payload\r\ncontaining the access token and claims. (The redirect URL must be registered with SuperId in advance)\r\n\r\n   https://example.com/spa#access_token=8A%3aCust12227.AXRrCITpPBvQX3UbIohb\r\n      &token_type=bearer\r\n      &state=\r\n      &expires_in=3600\r\n      &ctx=Cust12227\r\n      &netserver_url=https%3a%2f%2fsod.superoffice.com%2fCust12227%2fRemote%2fServices82%2f\r\n\r\nYou can take the #access_token value and pass it as the Authenticate HTTP header as a BEARER token.\r\n","flow":"implicit","authorizationUrl":"https://online.superoffice.com/login/common/oauth/authorize","scopes":{}}},"tags":[],"externalDocs":{"description":"The SuperOffice DevNet Community has more documentation, examples, and discussion forums.","url":"https://community.superoffice.com/en/developer/"}}