{"swagger":"2.0","info":{"version":"v1-REST","title":"SuperOffice REST API v1","description":"SuperOffice REST API - String","termsOfService":"You must be an authorized user to access this API.","contact":{"name":"SuperOffice DevNet","url":"https://docs.superoffice.com/en/api/index.html","email":"sdk@superoffice.com"}},"host":"localhost:57728","schemes":["http","https"],"paths":{"/api/v1/String":{"get":{"tags":["String"],"summary":"Gets all the string names containing a search string.","description":"Search the strings using Q parameter.","operationId":"v1String_GetStringNames","consumes":[],"produces":["application/json","text/json","application/xml","text/xml","application/json-patch+json","application/merge-patch+json"],"parameters":[{"name":"q","in":"query","description":"Limit the results to strings containing this word","required":false,"type":"string"},{"name":"isoLangCode","in":"query","description":"ISO Language code. (\"nb-no\", \"en-gb\" etc) Defaults to English if nothing specified in the Accept-Language header.","required":false,"type":"string"},{"name":"Accept-Language","in":"header","description":"Convert string references and multi-language values into a specified language (iso2) code.","required":false,"type":"string"},{"name":"SO-Language","in":"header","description":"Convert string references and multi-language values into a specified language (iso2) code. Overrides Accept-Language value.","required":false,"type":"string"},{"name":"SO-Culture","in":"header","description":"Number, date formatting in a specified culture (iso2 language) code. Partially overrides SO-Language/Accept-Language value. Ignored if no Language set.","required":false,"type":"string"},{"name":"SO-TimeZone","in":"header","description":"Specify the timezone code that you would like date/time responses converted to.","required":false,"type":"string"},{"name":"SO-AppToken","in":"header","description":"The application token that identifies the partner app. Used when calling Online WebAPI from a server.","required":false,"type":"string"}],"responses":{"200":{"description":"OK","schema":{"type":"array","items":{"type":"string"}}}},"security":[{"SuperOffice Password":[],"SuperId Authentication":[]}]},"post":{"tags":["String"],"summary":"Gets the value of the string(s) with a given name in all known languages.","description":"Post the array of strings to get translations for all the strings.","operationId":"v1String_GetStrings","consumes":["application/json","text/json","application/xml","text/xml","application/x-www-form-urlencoded","application/json-patch+json","application/merge-patch+json"],"produces":["application/json","text/json","application/xml","text/xml","application/json-patch+json","application/merge-patch+json"],"parameters":[{"name":"sr_ids","in":"body","description":"The string names: ['SR_YES', 'SR_NO' etc]. You can specify multiple string ids in the array.","required":true,"schema":{"type":"array","items":{"type":"string"}}},{"name":"isoLangCode","in":"query","description":"ISO Language code. (\"nb-no\", \"en-gb\" etc) Defaults to all languages if nothing specified in the Accept-Language header.","required":false,"type":"string"},{"name":"ignoreOverrides","in":"query","description":"Ignore the user-provided overrides, and return the translation as defined by the system.","required":false,"type":"boolean"},{"name":"Accept-Language","in":"header","description":"Convert string references and multi-language values into a specified language (iso2) code.","required":false,"type":"string"},{"name":"SO-Language","in":"header","description":"Convert string references and multi-language values into a specified language (iso2) code. Overrides Accept-Language value.","required":false,"type":"string"},{"name":"SO-Culture","in":"header","description":"Number, date formatting in a specified culture (iso2 language) code. Partially overrides SO-Language/Accept-Language value. Ignored if no Language set.","required":false,"type":"string"},{"name":"SO-TimeZone","in":"header","description":"Specify the timezone code that you would like date/time responses converted to.","required":false,"type":"string"},{"name":"SO-AppToken","in":"header","description":"The application token that identifies the partner app. Used when calling Online WebAPI from a server.","required":false,"type":"string"}],"responses":{"200":{"description":"OK","schema":{"type":"object","additionalProperties":{"type":"object","additionalProperties":{"type":"string"}}}}},"security":[{"SuperOffice Password":[],"SuperId Authentication":[]}]}},"/api/v1/String/{sr_id}":{"get":{"tags":["String"],"summary":"Gets the value of the string(s) with a given name in all known languages.","description":"","operationId":"v1String_GetStrings_GET","consumes":[],"produces":["application/json","text/json","application/xml","text/xml","application/json-patch+json","application/merge-patch+json"],"parameters":[{"name":"sr_id","in":"path","description":"The name of the string: SR_YES, SR_NO etc. You can specify multiple string ids separated by commas: \"SR_YES,SR_NO\"","required":true,"type":"string"},{"name":"isoLangCode","in":"query","description":"ISO Language code. (\"nb-no\", \"en-gb\" etc) Defaults to all languages if nothing specified in the Accept-Language header.","required":false,"type":"string"},{"name":"ignoreOverrides","in":"query","description":"Ignore the user-provided overrides, and return the translation as defined by the system.","required":false,"type":"boolean"},{"name":"Accept-Language","in":"header","description":"Convert string references and multi-language values into a specified language (iso2) code.","required":false,"type":"string"},{"name":"SO-Language","in":"header","description":"Convert string references and multi-language values into a specified language (iso2) code. Overrides Accept-Language value.","required":false,"type":"string"},{"name":"SO-Culture","in":"header","description":"Number, date formatting in a specified culture (iso2 language) code. Partially overrides SO-Language/Accept-Language value. Ignored if no Language set.","required":false,"type":"string"},{"name":"SO-TimeZone","in":"header","description":"Specify the timezone code that you would like date/time responses converted to.","required":false,"type":"string"},{"name":"SO-AppToken","in":"header","description":"The application token that identifies the partner app. Used when calling Online WebAPI from a server.","required":false,"type":"string"}],"responses":{"200":{"description":"OK","schema":{"type":"object","additionalProperties":{"type":"object","additionalProperties":{"type":"string"}}}}},"security":[{"SuperOffice Password":[],"SuperId Authentication":[]}]}},"/api/v1/String/{sr_id}/{isoLangCode}":{"get":{"tags":["String"],"summary":"Gets the value of the string with a given name in a given language","description":"","operationId":"v1String_GetString","consumes":[],"produces":["application/json","text/json","application/xml","text/xml","application/json-patch+json","application/merge-patch+json"],"parameters":[{"name":"sr_id","in":"path","description":"The name of the string: SR_YES, SR_NO etc","required":true,"type":"string"},{"name":"isoLangCode","in":"path","description":"ISO Language code. (\"nb-no\", \"en-gb\" etc) Defaults to English if nothing specified in the Accept-Language header.","required":true,"type":"string"},{"name":"ignoreOverrides","in":"query","description":"Ignore the user-provided overrides, and return the translation as defined by the system.","required":false,"type":"boolean"},{"name":"Accept-Language","in":"header","description":"Convert string references and multi-language values into a specified language (iso2) code.","required":false,"type":"string"},{"name":"SO-Language","in":"header","description":"Convert string references and multi-language values into a specified language (iso2) code. Overrides Accept-Language value.","required":false,"type":"string"},{"name":"SO-Culture","in":"header","description":"Number, date formatting in a specified culture (iso2 language) code. Partially overrides SO-Language/Accept-Language value. Ignored if no Language set.","required":false,"type":"string"},{"name":"SO-TimeZone","in":"header","description":"Specify the timezone code that you would like date/time responses converted to.","required":false,"type":"string"},{"name":"SO-AppToken","in":"header","description":"The application token that identifies the partner app. Used when calling Online WebAPI from a server.","required":false,"type":"string"}],"responses":{"200":{"description":"OK","schema":{"type":"string"}}},"security":[{"SuperOffice Password":[],"SuperId Authentication":[]}]}},"/api/v1/String/KnownLanguages":{"get":{"tags":["String"],"summary":"Gets the known languages.","description":"","operationId":"v1String_GetKnownLanguages","consumes":[],"produces":["application/json","text/json","application/xml","text/xml","application/json-patch+json","application/merge-patch+json"],"parameters":[{"name":"Accept-Language","in":"header","description":"Convert string references and multi-language values into a specified language (iso2) code.","required":false,"type":"string"},{"name":"SO-Language","in":"header","description":"Convert string references and multi-language values into a specified language (iso2) code. Overrides Accept-Language value.","required":false,"type":"string"},{"name":"SO-Culture","in":"header","description":"Number, date formatting in a specified culture (iso2 language) code. Partially overrides SO-Language/Accept-Language value. Ignored if no Language set.","required":false,"type":"string"},{"name":"SO-TimeZone","in":"header","description":"Specify the timezone code that you would like date/time responses converted to.","required":false,"type":"string"},{"name":"SO-AppToken","in":"header","description":"The application token that identifies the partner app. Used when calling Online WebAPI from a server.","required":false,"type":"string"}],"responses":{"200":{"description":"OK","schema":{"type":"array","items":{"type":"string"}}}},"security":[{"SuperOffice Password":[],"SuperId Authentication":[]}]}}},"definitions":{},"securityDefinitions":{"Password":{"type":"basic","description":"SuperOffice username:password are passed in Base64-encoded. \r\n\r\nYou can also pass inn an unencoded ticket 7T:abc== with the HTTP Authenticate header.\r\n"},"SuperId":{"type":"oauth2","description":"SuperOffice SuperId OAuth implicit flow. \r\nYou need to issue a request to the SuperId authorization URL\r\n    https://online.superoffice.com/login/common/oauth/authorize?response_type=token\r\n      &client_id=670734e0-4c5a-11e3-be9e-a171392e81db\r\n      &redirect_uri=https://example.com/spa/\r\n\r\npassing in the application id and redirect URL.\r\n\r\nSuperId will log the user in, and redirect to the requested redirect URL with a #payload\r\ncontaining the access token and claims. (The redirect URL must be registered with SuperId in advance)\r\n\r\n   https://example.com/spa#access_token=8A%3aCust12227.AXRrCITpPBvQX3UbIohb\r\n      &token_type=bearer\r\n      &state=\r\n      &expires_in=3600\r\n      &ctx=Cust12227\r\n      &netserver_url=https%3a%2f%2fsod.superoffice.com%2fCust12227%2fRemote%2fServices82%2f\r\n\r\nYou can take the #access_token value and pass it as the Authenticate HTTP header as a BEARER token.\r\n","flow":"implicit","authorizationUrl":"https://online.superoffice.com/login/common/oauth/authorize","scopes":{}}},"tags":[],"externalDocs":{"description":"The SuperOffice DevNet Community has more documentation, examples, and discussion forums.","url":"https://community.superoffice.com/en/developer/"}}