<s:Envelope
    xmlns:s="http://schemas.xmlsoap.org/soap/envelope/">
    <s:Body>
        <AuthenticateResponse
            xmlns="http://www.superoffice.com/online/mirroring/0.1">
            <IsSuccessful>true</IsSuccessful>
            <ErrorMessage/>
            <SignedApplicationToken>BDB65A558F193A8DD88E50E7416C0D86.202109161125.OKNE8l9YOXm4AJRCfzNx4egvU/jTjwii6XU+fM2P6bFjQpYSBi0w4VH0dN82CQdWEkcuGW9yjsLU82za08myMWelFKWvwqIY0oaaTYAPzhj27JNa5OZw3tUc1zunR7DrwpLSkwC3cEK3s3u3VDN8GKoMMeQVOogxS7f1hT3a4/Q=</SignedApplicationToken>
            <SupportedInterfaces>1</SupportedInterfaces>
            <SuperOfficeMirroringBuild>4.0.0.0/Release_1</SuperOfficeMirroringBuild>
            <ClientState/>
            <AdditionalInformationJson/>
        </AuthenticateResponse>
    </s:Body>
</s:Envelope>