<s:Envelope
    xmlns:s="http://schemas.xmlsoap.org/soap/envelope/">
    <s:Body>
        <TableSchemaResponse
            xmlns="http://www.superoffice.com/online/mirroring/0.1">
            <IsSuccessful>true</IsSuccessful>
            <ErrorMessage/>
            <MirrorLSN
                xmlns:a="http://schemas.datacontract.org/2004/07/SuperOffice.Online.Mirroring.Contract.V1"
                xmlns:i="http://www.w3.org/2001/XMLSchema-instance">
                <a:TableLSN>
                    <a:LSN>1506269</a:LSN>
                    <a:TableName>access_script</a:TableName>
                </a:TableLSN>
                <a:TableLSN>
                    <a:LSN>1506269</a:LSN>
                    <a:TableName>address</a:TableName>
                </a:TableLSN>
                <a:TableLSN>
                    <a:LSN>1506269</a:LSN>
                    <a:TableName>addressformat</a:TableName>
                </a:TableLSN>
                <a:TableLSN>
                    <a:LSN>1506269</a:LSN>
                    <a:TableName>amountclass</a:TableName>
                </a:TableLSN>
                <a:TableLSN>
                    <a:LSN>1506269</a:LSN>
                    <a:TableName>amountclassgrouplink</a:TableName>
                </a:TableLSN>
                <a:TableLSN>
                    <a:LSN>1506269</a:LSN>
                    <a:TableName>amountclassheadinglink</a:TableName>
                </a:TableLSN>
                <a:TableLSN>
                    <a:LSN>1506269</a:LSN>
                    <a:TableName>appointment</a:TableName>
                </a:TableLSN>
                <a:TableLSN>
                    <a:LSN>1506269</a:LSN>
                    <a:TableName>associate</a:TableName>
                </a:TableLSN>
                <a:TableLSN>
                    <a:LSN>1506269</a:LSN>
                    <a:TableName>associategrouplink</a:TableName>
                </a:TableLSN>
                <a:TableLSN>
                    <a:LSN>1506269</a:LSN>
                    <a:TableName>associateheadinglink</a:TableName>
                </a:TableLSN>
                <a:TableLSN>
                    <a:LSN>1506269</a:LSN>
                    <a:TableName>associatehistory</a:TableName>
                </a:TableLSN>
                <a:TableLSN>
                    <a:LSN>1506269</a:LSN>
                    <a:TableName>attachment</a:TableName>
                </a:TableLSN>
                <a:TableLSN>
                    <a:LSN>1506269</a:LSN>
                    <a:TableName>attachment_location</a:TableName>
                </a:TableLSN>
                <a:TableLSN>
                    <a:LSN>1506269</a:LSN>
                    <a:TableName>autosave</a:TableName>
                </a:TableLSN>
                <a:TableLSN>
                    <a:LSN>1506269</a:LSN>
                    <a:TableName>basetzlocation</a:TableName>
                </a:TableLSN>
                <a:TableLSN>
                    <a:LSN>1506269</a:LSN>
                    <a:TableName>binaryobject</a:TableName>
                </a:TableLSN>
                <a:TableLSN>
                    <a:LSN>1506269</a:LSN>
                    <a:TableName>binaryobjectlink</a:TableName>
                </a:TableLSN>
                <a:TableLSN>
                    <a:LSN>1506269</a:LSN>
                    <a:TableName>business</a:TableName>
                </a:TableLSN>
                <a:TableLSN>
                    <a:LSN>1506269</a:LSN>
                    <a:TableName>businessgrouplink</a:TableName>
                </a:TableLSN>
                <a:TableLSN>
                    <a:LSN>1506269</a:LSN>
                    <a:TableName>businessheadinglink</a:TableName>
                </a:TableLSN>
                <a:TableLSN>
                    <a:LSN>1506269</a:LSN>
                    <a:TableName>cacheinvalidation</a:TableName>
                </a:TableLSN>
                <a:TableLSN>
                    <a:LSN>1506269</a:LSN>
                    <a:TableName>category</a:TableName>
                </a:TableLSN>
                <a:TableLSN>
                    <a:LSN>1506269</a:LSN>
                    <a:TableName>category_membership</a:TableName>
                </a:TableLSN>
                <a:TableLSN>
                    <a:LSN>1506269</a:LSN>
                    <a:TableName>categoryfamily</a:TableName>
                </a:TableLSN>
                <a:TableLSN>
                    <a:LSN>1506269</a:LSN>
                    <a:TableName>categorygrouplink</a:TableName>
                </a:TableLSN>
                <a:TableLSN>
                    <a:LSN>1506269</a:LSN>
                    <a:TableName>categoryheadinglink</a:TableName>
                </a:TableLSN>
                <a:TableLSN>
                    <a:LSN>1506269</a:LSN>
                    <a:TableName>chat_message</a:TableName>
                </a:TableLSN>
                <a:TableLSN>
                    <a:LSN>1506269</a:LSN>
                    <a:TableName>chat_session</a:TableName>
                </a:TableLSN>
                <a:TableLSN>
                    <a:LSN>1506269</a:LSN>
                    <a:TableName>chat_topic</a:TableName>
                </a:TableLSN>
                <a:TableLSN>
                    <a:LSN>1506269</a:LSN>
                    <a:TableName>chat_topic_user</a:TableName>
                </a:TableLSN>
                <a:TableLSN>
                    <a:LSN>1506269</a:LSN>
                    <a:TableName>company</a:TableName>
                </a:TableLSN>
                <a:TableLSN>
                    <a:LSN>1506269</a:LSN>
                    <a:TableName>company_domain</a:TableName>
                </a:TableLSN>
                <a:TableLSN>
                    <a:LSN>1506269</a:LSN>
                    <a:TableName>comptr</a:TableName>
                </a:TableLSN>
                <a:TableLSN>
                    <a:LSN>1506269</a:LSN>
                    <a:TableName>comptrgrouplink</a:TableName>
                </a:TableLSN>
                <a:TableLSN>
                    <a:LSN>1506269</a:LSN>
                    <a:TableName>comptrheadinglink</a:TableName>
                </a:TableLSN>
                <a:TableLSN>
                    <a:LSN>1506269</a:LSN>
                    <a:TableName>conceptualdatabase</a:TableName>
                </a:TableLSN>
                <a:TableLSN>
                    <a:LSN>1506269</a:LSN>
                    <a:TableName>conceptualfield</a:TableName>
                </a:TableLSN>
                <a:TableLSN>
                    <a:LSN>1506269</a:LSN>
                    <a:TableName>conceptualtable</a:TableName>
                </a:TableLSN>
                <a:TableLSN>
                    <a:LSN>1506269</a:LSN>
                    <a:TableName>configurablescreendelta</a:TableName>
                </a:TableLSN>
                <a:TableLSN>
                    <a:LSN>1506269</a:LSN>
                    <a:TableName>consentperson</a:TableName>
                </a:TableLSN>
                <a:TableLSN>
                    <a:LSN>1506269</a:LSN>
                    <a:TableName>consentpurpose</a:TableName>
                </a:TableLSN>
                <a:TableLSN>
                    <a:LSN>1506269</a:LSN>
                    <a:TableName>consentsource</a:TableName>
                </a:TableLSN>
                <a:TableLSN>
                    <a:LSN>1506269</a:LSN>
                    <a:TableName>contact</a:TableName>
                </a:TableLSN>
                <a:TableLSN>
                    <a:LSN>1506269</a:LSN>
                    <a:TableName>contactinterest</a:TableName>
                </a:TableLSN>
                <a:TableLSN>
                    <a:LSN>1506269</a:LSN>
                    <a:TableName>contint</a:TableName>
                </a:TableLSN>
                <a:TableLSN>
                    <a:LSN>1506269</a:LSN>
                    <a:TableName>contintgrouplink</a:TableName>
                </a:TableLSN>
                <a:TableLSN>
                    <a:LSN>1506269</a:LSN>
                    <a:TableName>contintheadinglink</a:TableName>
                </a:TableLSN>
                <a:TableLSN>
                    <a:LSN>1506269</a:LSN>
                    <a:TableName>country</a:TableName>
                </a:TableLSN>
                <a:TableLSN>
                    <a:LSN>1506269</a:LSN>
                    <a:TableName>countrygrouplink</a:TableName>
                </a:TableLSN>
                <a:TableLSN>
                    <a:LSN>1506269</a:LSN>
                    <a:TableName>countryheadinglink</a:TableName>
                </a:TableLSN>
                <a:TableLSN>
                    <a:LSN>1506269</a:LSN>
                    <a:TableName>credited</a:TableName>
                </a:TableLSN>
                <a:TableLSN>
                    <a:LSN>1506269</a:LSN>
                    <a:TableName>creditedgrouplink</a:TableName>
                </a:TableLSN>
                <a:TableLSN>
                    <a:LSN>1506269</a:LSN>
                    <a:TableName>creditedheadinglink</a:TableName>
                </a:TableLSN>
                <a:TableLSN>
                    <a:LSN>1506336</a:LSN>
                    <a:TableName>currency</a:TableName>
                </a:TableLSN>
                <a:TableLSN>
                    <a:LSN>1506269</a:LSN>
                    <a:TableName>currencygrouplink</a:TableName>
                </a:TableLSN>
                <a:TableLSN>
                    <a:LSN>1506269</a:LSN>
                    <a:TableName>currencyheadinglink</a:TableName>
                </a:TableLSN>
                <a:TableLSN>
                    <a:LSN>1506269</a:LSN>
                    <a:TableName>cust_category</a:TableName>
                </a:TableLSN>
                <a:TableLSN>
                    <a:LSN>1506269</a:LSN>
                    <a:TableName>cust_config</a:TableName>
                </a:TableLSN>
                <a:TableLSN>
                    <a:LSN>1506269</a:LSN>
                    <a:TableName>cust_lang</a:TableName>
                </a:TableLSN>
                <a:TableLSN>
                    <a:LSN>1506269</a:LSN>
                    <a:TableName>dashboard</a:TableName>
                </a:TableLSN>
                <a:TableLSN>
                    <a:LSN>1506269</a:LSN>
                    <a:TableName>dashboard_theme</a:TableName>
                </a:TableLSN>
                <a:TableLSN>
                    <a:LSN>1506269</a:LSN>
                    <a:TableName>dashboard_tile</a:TableName>
                </a:TableLSN>
                <a:TableLSN>
                    <a:LSN>1506269</a:LSN>
                    <a:TableName>dashboard_tile_definition</a:TableName>
                </a:TableLSN>
                <a:TableLSN>
                    <a:LSN>1506269</a:LSN>
                    <a:TableName>dashboard_tile_field</a:TableName>
                </a:TableLSN>
                <a:TableLSN>
                    <a:LSN>1506269</a:LSN>
                    <a:TableName>databasemodel</a:TableName>
                </a:TableLSN>
                <a:TableLSN>
                    <a:LSN>1506269</a:LSN>
                    <a:TableName>dataright</a:TableName>
                </a:TableLSN>
                <a:TableLSN>
                    <a:LSN>1506269</a:LSN>
                    <a:TableName>deliveryterms</a:TableName>
                </a:TableLSN>
                <a:TableLSN>
                    <a:LSN>1506269</a:LSN>
                    <a:TableName>deliverytermsgrouplink</a:TableName>
                </a:TableLSN>
                <a:TableLSN>
                    <a:LSN>1506269</a:LSN>
                    <a:TableName>deliverytermsheadinglink</a:TableName>
                </a:TableLSN>
                <a:TableLSN>
                    <a:LSN>1506269</a:LSN>
                    <a:TableName>deliverytype</a:TableName>
                </a:TableLSN>
                <a:TableLSN>
                    <a:LSN>1506269</a:LSN>
                    <a:TableName>deliverytypegrouplink</a:TableName>
                </a:TableLSN>
                <a:TableLSN>
                    <a:LSN>1506269</a:LSN>
                    <a:TableName>deliverytypeheadinglink</a:TableName>
                </a:TableLSN>
                <a:TableLSN>
                    <a:LSN>1506269</a:LSN>
                    <a:TableName>diaryview</a:TableName>
                </a:TableLSN>
                <a:TableLSN>
                    <a:LSN>1506269</a:LSN>
                    <a:TableName>diaryviewrow</a:TableName>
                </a:TableLSN>
                <a:TableLSN>
                    <a:LSN>1506269</a:LSN>
                    <a:TableName>dicindex</a:TableName>
                </a:TableLSN>
                <a:TableLSN>
                    <a:LSN>1506269</a:LSN>
                    <a:TableName>dictionary</a:TableName>
                </a:TableLSN>
                <a:TableLSN>
                    <a:LSN>1506269</a:LSN>
                    <a:TableName>dictionary_base</a:TableName>
                </a:TableLSN>
                <a:TableLSN>
                    <a:LSN>1506269</a:LSN>
                    <a:TableName>doc_document</a:TableName>
                </a:TableLSN>
                <a:TableLSN>
                    <a:LSN>1506269</a:LSN>
                    <a:TableName>doc_folder</a:TableName>
                </a:TableLSN>
                <a:TableLSN>
                    <a:LSN>1506269</a:LSN>
                    <a:TableName>doctmpl</a:TableName>
                </a:TableLSN>
                <a:TableLSN>
                    <a:LSN>1506269</a:LSN>
                    <a:TableName>doctmplgrouplink</a:TableName>
                </a:TableLSN>
                <a:TableLSN>
                    <a:LSN>1506269</a:LSN>
                    <a:TableName>doctmplheadinglink</a:TableName>
                </a:TableLSN>
                <a:TableLSN>
                    <a:LSN>1506269</a:LSN>
                    <a:TableName>document</a:TableName>
                </a:TableLSN>
                <a:TableLSN>
                    <a:LSN>1506269</a:LSN>
                    <a:TableName>eab_entry</a:TableName>
                </a:TableLSN>
                <a:TableLSN>
                    <a:LSN>1506269</a:LSN>
                    <a:TableName>eab_folder</a:TableName>
                </a:TableLSN>
                <a:TableLSN>
                    <a:LSN>1506269</a:LSN>
                    <a:TableName>ej_category</a:TableName>
                </a:TableLSN>
                <a:TableLSN>
                    <a:LSN>1506269</a:LSN>
                    <a:TableName>ej_message</a:TableName>
                </a:TableLSN>
                <a:TableLSN>
                    <a:LSN>1506269</a:LSN>
                    <a:TableName>ej_role</a:TableName>
                </a:TableLSN>
                <a:TableLSN>
                    <a:LSN>1506269</a:LSN>
                    <a:TableName>ejcategorygrouplink</a:TableName>
                </a:TableLSN>
                <a:TableLSN>
                    <a:LSN>1506269</a:LSN>
                    <a:TableName>ejpackage</a:TableName>
                </a:TableLSN>
                <a:TableLSN>
                    <a:LSN>1506269</a:LSN>
                    <a:TableName>ejpackage_item</a:TableName>
                </a:TableLSN>
                <a:TableLSN>
                    <a:LSN>1506269</a:LSN>
                    <a:TableName>ejscript</a:TableName>
                </a:TableLSN>
                <a:TableLSN>
                    <a:LSN>1506269</a:LSN>
                    <a:TableName>ejscript_debug</a:TableName>
                </a:TableLSN>
                <a:TableLSN>
                    <a:LSN>1506269</a:LSN>
                    <a:TableName>ejsel_ejsel</a:TableName>
                </a:TableLSN>
                <a:TableLSN>
                    <a:LSN>1506269</a:LSN>
                    <a:TableName>ejsel_meta_result</a:TableName>
                </a:TableLSN>
                <a:TableLSN>
                    <a:LSN>1506269</a:LSN>
                    <a:TableName>ejsel_result_set</a:TableName>
                </a:TableLSN>
                <a:TableLSN>
                    <a:LSN>1506269</a:LSN>
                    <a:TableName>ejsel_source_idlist</a:TableName>
                </a:TableLSN>
                <a:TableLSN>
                    <a:LSN>1506269</a:LSN>
                    <a:TableName>ejsel_source_script</a:TableName>
                </a:TableLSN>
                <a:TableLSN>
                    <a:LSN>1506269</a:LSN>
                    <a:TableName>ejsel_source_xml</a:TableName>
                </a:TableLSN>
                <a:TableLSN>
                    <a:LSN>1506269</a:LSN>
                    <a:TableName>ejselection</a:TableName>
                </a:TableLSN>
                <a:TableLSN>
                    <a:LSN>1506269</a:LSN>
                    <a:TableName>ejuser</a:TableName>
                </a:TableLSN>
                <a:TableLSN>
                    <a:LSN>1506269</a:LSN>
                    <a:TableName>element_profile</a:TableName>
                </a:TableLSN>
                <a:TableLSN>
                    <a:LSN>1506336</a:LSN>
                    <a:TableName>email</a:TableName>
                </a:TableLSN>
                <a:TableLSN>
                    <a:LSN>1506269</a:LSN>
                    <a:TableName>erpconfiguration</a:TableName>
                </a:TableLSN>
                <a:TableLSN>
                    <a:LSN>1506269</a:LSN>
                    <a:TableName>erpconnection</a:TableName>
                </a:TableLSN>
                <a:TableLSN>
                    <a:LSN>1506269</a:LSN>
                    <a:TableName>erpconnectionaccess</a:TableName>
                </a:TableLSN>
                <a:TableLSN>
                    <a:LSN>1506269</a:LSN>
                    <a:TableName>erpconnectionactortype</a:TableName>
                </a:TableLSN>
                <a:TableLSN>
                    <a:LSN>1506269</a:LSN>
                    <a:TableName>erpconnector</a:TableName>
                </a:TableLSN>
                <a:TableLSN>
                    <a:LSN>1506269</a:LSN>
                    <a:TableName>erpexternalkey</a:TableName>
                </a:TableLSN>
                <a:TableLSN>
                    <a:LSN>1506269</a:LSN>
                    <a:TableName>erpfield</a:TableName>
                </a:TableLSN>
                <a:TableLSN>
                    <a:LSN>1506269</a:LSN>
                    <a:TableName>erpinternalkey</a:TableName>
                </a:TableLSN>
                <a:TableLSN>
                    <a:LSN>1506269</a:LSN>
                    <a:TableName>erplistitemmapping</a:TableName>
                </a:TableLSN>
                <a:TableLSN>
                    <a:LSN>1506269</a:LSN>
                    <a:TableName>ext_datasource</a:TableName>
                </a:TableLSN>
                <a:TableLSN>
                    <a:LSN>1506269</a:LSN>
                    <a:TableName>ext_field</a:TableName>
                </a:TableLSN>
                <a:TableLSN>
                    <a:LSN>1506269</a:LSN>
                    <a:TableName>ext_table</a:TableName>
                </a:TableLSN>
                <a:TableLSN>
                    <a:LSN>1506269</a:LSN>
                    <a:TableName>extapp</a:TableName>
                </a:TableLSN>
                <a:TableLSN>
                    <a:LSN>1506269</a:LSN>
                    <a:TableName>extappgrouplink</a:TableName>
                </a:TableLSN>
                <a:TableLSN>
                    <a:LSN>1506269</a:LSN>
                    <a:TableName>extappheadinglink</a:TableName>
                </a:TableLSN>
                <a:TableLSN>
                    <a:LSN>1506269</a:LSN>
                    <a:TableName>external_document</a:TableName>
                </a:TableLSN>
                <a:TableLSN>
                    <a:LSN>1506269</a:LSN>
                    <a:TableName>externalevent</a:TableName>
                </a:TableLSN>
                <a:TableLSN>
                    <a:LSN>1506269</a:LSN>
                    <a:TableName>extra_fields</a:TableName>
                </a:TableLSN>
                <a:TableLSN>
                    <a:LSN>1506269</a:LSN>
                    <a:TableName>extra_menus</a:TableName>
                </a:TableLSN>
                <a:TableLSN>
                    <a:LSN>1506269</a:LSN>
                    <a:TableName>extra_tables</a:TableName>
                </a:TableLSN>
                <a:TableLSN>
                    <a:LSN>1506269</a:LSN>
                    <a:TableName>extra_tables_entry</a:TableName>
                </a:TableLSN>
                <a:TableLSN>
                    <a:LSN>1506269</a:LSN>
                    <a:TableName>extra_tables_result</a:TableName>
                </a:TableLSN>
                <a:TableLSN>
                    <a:LSN>1506269</a:LSN>
                    <a:TableName>favourite</a:TableName>
                </a:TableLSN>
                <a:TableLSN>
                    <a:LSN>1506269</a:LSN>
                    <a:TableName>fieldlabel</a:TableName>
                </a:TableLSN>
                <a:TableLSN>
                    <a:LSN>1506269</a:LSN>
                    <a:TableName>form</a:TableName>
                </a:TableLSN>
                <a:TableLSN>
                    <a:LSN>1506269</a:LSN>
                    <a:TableName>form_submission</a:TableName>
                </a:TableLSN>
                <a:TableLSN>
                    <a:LSN>1506269</a:LSN>
                    <a:TableName>functionright</a:TableName>
                </a:TableLSN>
                <a:TableLSN>
                    <a:LSN>1506269</a:LSN>
                    <a:TableName>functionrightrolelink</a:TableName>
                </a:TableLSN>
                <a:TableLSN>
                    <a:LSN>1506269</a:LSN>
                    <a:TableName>heading</a:TableName>
                </a:TableLSN>
                <a:TableLSN>
                    <a:LSN>1506269</a:LSN>
                    <a:TableName>help</a:TableName>
                </a:TableLSN>
                <a:TableLSN>
                    <a:LSN>1506269</a:LSN>
                    <a:TableName>hierarchy</a:TableName>
                </a:TableLSN>
                <a:TableLSN>
                    <a:LSN>1506269</a:LSN>
                    <a:TableName>hotlist</a:TableName>
                </a:TableLSN>
                <a:TableLSN>
                    <a:LSN>1506269</a:LSN>
                    <a:TableName>indexfield</a:TableName>
                </a:TableLSN>
                <a:TableLSN>
                    <a:LSN>1506269</a:LSN>
                    <a:TableName>intent</a:TableName>
                </a:TableLSN>
                <a:TableLSN>
                    <a:LSN>1506269</a:LSN>
                    <a:TableName>intentgrouplink</a:TableName>
                </a:TableLSN>
                <a:TableLSN>
                    <a:LSN>1506269</a:LSN>
                    <a:TableName>intentheadinglink</a:TableName>
                </a:TableLSN>
                <a:TableLSN>
                    <a:LSN>1506269</a:LSN>
                    <a:TableName>invitation</a:TableName>
                </a:TableLSN>
                <a:TableLSN>
                    <a:LSN>1506269</a:LSN>
                    <a:TableName>invoice</a:TableName>
                </a:TableLSN>
                <a:TableLSN>
                    <a:LSN>1506269</a:LSN>
                    <a:TableName>invoice_entry</a:TableName>
                </a:TableLSN>
                <a:TableLSN>
                    <a:LSN>1506269</a:LSN>
                    <a:TableName>invoice_sum</a:TableName>
                </a:TableLSN>
                <a:TableLSN>
                    <a:LSN>1506269</a:LSN>
                    <a:TableName>invoice_type</a:TableName>
                </a:TableLSN>
                <a:TableLSN>
                    <a:LSN>1506269</a:LSN>
                    <a:TableName>item_config</a:TableName>
                </a:TableLSN>
                <a:TableLSN>
                    <a:LSN>1506269</a:LSN>
                    <a:TableName>kb_attachment</a:TableName>
                </a:TableLSN>
                <a:TableLSN>
                    <a:LSN>1506269</a:LSN>
                    <a:TableName>kb_category</a:TableName>
                </a:TableLSN>
                <a:TableLSN>
                    <a:LSN>1506269</a:LSN>
                    <a:TableName>kb_category_log</a:TableName>
                </a:TableLSN>
                <a:TableLSN>
                    <a:LSN>1506269</a:LSN>
                    <a:TableName>kb_entry</a:TableName>
                </a:TableLSN>
                <a:TableLSN>
                    <a:LSN>1506269</a:LSN>
                    <a:TableName>kb_entry_comment</a:TableName>
                </a:TableLSN>
                <a:TableLSN>
                    <a:LSN>1506269</a:LSN>
                    <a:TableName>kb_entry_keyword</a:TableName>
                </a:TableLSN>
                <a:TableLSN>
                    <a:LSN>1506269</a:LSN>
                    <a:TableName>kb_entry_log</a:TableName>
                </a:TableLSN>
                <a:TableLSN>
                    <a:LSN>1506269</a:LSN>
                    <a:TableName>kb_group</a:TableName>
                </a:TableLSN>
                <a:TableLSN>
                    <a:LSN>1506269</a:LSN>
                    <a:TableName>kb_group_entry</a:TableName>
                </a:TableLSN>
                <a:TableLSN>
                    <a:LSN>1506269</a:LSN>
                    <a:TableName>kb_http_link</a:TableName>
                </a:TableLSN>
                <a:TableLSN>
                    <a:LSN>1506269</a:LSN>
                    <a:TableName>kb_solution_finder</a:TableName>
                </a:TableLSN>
                <a:TableLSN>
                    <a:LSN>1506269</a:LSN>
                    <a:TableName>kb_solution_finder_entry</a:TableName>
                </a:TableLSN>
                <a:TableLSN>
                    <a:LSN>1506269</a:LSN>
                    <a:TableName>kb_workflow</a:TableName>
                </a:TableLSN>
                <a:TableLSN>
                    <a:LSN>1506269</a:LSN>
                    <a:TableName>kb_workflow_access</a:TableName>
                </a:TableLSN>
                <a:TableLSN>
                    <a:LSN>1506269</a:LSN>
                    <a:TableName>languageinfo</a:TableName>
                </a:TableLSN>
                <a:TableLSN>
                    <a:LSN>1506269</a:LSN>
                    <a:TableName>languageinfocountry</a:TableName>
                </a:TableLSN>
                <a:TableLSN>
                    <a:LSN>1506269</a:LSN>
                    <a:TableName>legal_html_tags</a:TableName>
                </a:TableLSN>
                <a:TableLSN>
                    <a:LSN>1506269</a:LSN>
                    <a:TableName>legalbase</a:TableName>
                </a:TableLSN>
                <a:TableLSN>
                    <a:LSN>1506269</a:LSN>
                    <a:TableName>licensesatllink</a:TableName>
                </a:TableLSN>
                <a:TableLSN>
                    <a:LSN>1506269</a:LSN>
                    <a:TableName>localetext</a:TableName>
                </a:TableLSN>
                <a:TableLSN>
                    <a:LSN>1506269</a:LSN>
                    <a:TableName>log_debug</a:TableName>
                </a:TableLSN>
                <a:TableLSN>
                    <a:LSN>1506269</a:LSN>
                    <a:TableName>log_events</a:TableName>
                </a:TableLSN>
                <a:TableLSN>
                    <a:LSN>1506269</a:LSN>
                    <a:TableName>mail_alias</a:TableName>
                </a:TableLSN>
                <a:TableLSN>
                    <a:LSN>1506269</a:LSN>
                    <a:TableName>mail_block</a:TableName>
                </a:TableLSN>
                <a:TableLSN>
                    <a:LSN>1506269</a:LSN>
                    <a:TableName>mail_in_filter</a:TableName>
                </a:TableLSN>
                <a:TableLSN>
                    <a:LSN>1506269</a:LSN>
                    <a:TableName>mail_in_uidl</a:TableName>
                </a:TableLSN>
                <a:TableLSN>
                    <a:LSN>1506269</a:LSN>
                    <a:TableName>message_customers</a:TableName>
                </a:TableLSN>
                <a:TableLSN>
                    <a:LSN>1506269</a:LSN>
                    <a:TableName>message_header</a:TableName>
                </a:TableLSN>
                <a:TableLSN>
                    <a:LSN>1506336</a:LSN>
                    <a:TableName>message_id</a:TableName>
                </a:TableLSN>
                <a:TableLSN>
                    <a:LSN>1506269</a:LSN>
                    <a:TableName>mrmrs</a:TableName>
                </a:TableLSN>
                <a:TableLSN>
                    <a:LSN>1506269</a:LSN>
                    <a:TableName>mrmrsgrouplink</a:TableName>
                </a:TableLSN>
                <a:TableLSN>
                    <a:LSN>1506269</a:LSN>
                    <a:TableName>mrmrsheadinglink</a:TableName>
                </a:TableLSN>
                <a:TableLSN>
                    <a:LSN>1506269</a:LSN>
                    <a:TableName>ms_filter</a:TableName>
                </a:TableLSN>
                <a:TableLSN>
                    <a:LSN>1506269</a:LSN>
                    <a:TableName>ms_filter_mail</a:TableName>
                </a:TableLSN>
                <a:TableLSN>
                    <a:LSN>1506269</a:LSN>
                    <a:TableName>ms_substitute</a:TableName>
                </a:TableLSN>
                <a:TableLSN>
                    <a:LSN>1506269</a:LSN>
                    <a:TableName>ms_trashbin</a:TableName>
                </a:TableLSN>
                <a:TableLSN>
                    <a:LSN>1506336</a:LSN>
                    <a:TableName>notice_frame</a:TableName>
                </a:TableLSN>
                <a:TableLSN>
                    <a:LSN>1506269</a:LSN>
                    <a:TableName>onlineapp</a:TableName>
                </a:TableLSN>
                <a:TableLSN>
                    <a:LSN>1506269</a:LSN>
                    <a:TableName>outgoing_message</a:TableName>
                </a:TableLSN>
                <a:TableLSN>
                    <a:LSN>1506269</a:LSN>
                    <a:TableName>ownercontactlink</a:TableName>
                </a:TableLSN>
                <a:TableLSN>
                    <a:LSN>1506269</a:LSN>
                    <a:TableName>password_rules</a:TableName>
                </a:TableLSN>
                <a:TableLSN>
                    <a:LSN>1506269</a:LSN>
                    <a:TableName>paymentterms</a:TableName>
                </a:TableLSN>
                <a:TableLSN>
                    <a:LSN>1506269</a:LSN>
                    <a:TableName>paymenttermsgrouplink</a:TableName>
                </a:TableLSN>
                <a:TableLSN>
                    <a:LSN>1506269</a:LSN>
                    <a:TableName>paymenttermsheadinglink</a:TableName>
                </a:TableLSN>
                <a:TableLSN>
                    <a:LSN>1506269</a:LSN>
                    <a:TableName>paymenttype</a:TableName>
                </a:TableLSN>
                <a:TableLSN>
                    <a:LSN>1506269</a:LSN>
                    <a:TableName>paymenttypegrouplink</a:TableName>
                </a:TableLSN>
                <a:TableLSN>
                    <a:LSN>1506269</a:LSN>
                    <a:TableName>paymenttypeheadinglink</a:TableName>
                </a:TableLSN>
                <a:TableLSN>
                    <a:LSN>1506269</a:LSN>
                    <a:TableName>persint</a:TableName>
                </a:TableLSN>
                <a:TableLSN>
                    <a:LSN>1506269</a:LSN>
                    <a:TableName>persintgrouplink</a:TableName>
                </a:TableLSN>
                <a:TableLSN>
                    <a:LSN>1506269</a:LSN>
                    <a:TableName>persintheadinglink</a:TableName>
                </a:TableLSN>
                <a:TableLSN>
                    <a:LSN>1506269</a:LSN>
                    <a:TableName>person</a:TableName>
                </a:TableLSN>
                <a:TableLSN>
                    <a:LSN>1506269</a:LSN>
                    <a:TableName>personinterest</a:TableName>
                </a:TableLSN>
                <a:TableLSN>
                    <a:LSN>1506269</a:LSN>
                    <a:TableName>perspos</a:TableName>
                </a:TableLSN>
                <a:TableLSN>
                    <a:LSN>1506269</a:LSN>
                    <a:TableName>persposgrouplink</a:TableName>
                </a:TableLSN>
                <a:TableLSN>
                    <a:LSN>1506269</a:LSN>
                    <a:TableName>persposheadinglink</a:TableName>
                </a:TableLSN>
                <a:TableLSN>
                    <a:LSN>1506269</a:LSN>
                    <a:TableName>phone</a:TableName>
                </a:TableLSN>
                <a:TableLSN>
                    <a:LSN>1506269</a:LSN>
                    <a:TableName>phoneformat</a:TableName>
                </a:TableLSN>
                <a:TableLSN>
                    <a:LSN>1506269</a:LSN>
                    <a:TableName>physicaldatabase</a:TableName>
                </a:TableLSN>
                <a:TableLSN>
                    <a:LSN>1506269</a:LSN>
                    <a:TableName>physicalfield</a:TableName>
                </a:TableLSN>
                <a:TableLSN>
                    <a:LSN>1506269</a:LSN>
                    <a:TableName>physicalschema</a:TableName>
                </a:TableLSN>
                <a:TableLSN>
                    <a:LSN>1506269</a:LSN>
                    <a:TableName>physicaltable</a:TableName>
                </a:TableLSN>
                <a:TableLSN>
                    <a:LSN>1506269</a:LSN>
                    <a:TableName>pmembtype</a:TableName>
                </a:TableLSN>
                <a:TableLSN>
                    <a:LSN>1506269</a:LSN>
                    <a:TableName>pmembtypegrouplink</a:TableName>
                </a:TableLSN>
                <a:TableLSN>
                    <a:LSN>1506269</a:LSN>
                    <a:TableName>pmembtypeheadinglink</a:TableName>
                </a:TableLSN>
                <a:TableLSN>
                    <a:LSN>1506269</a:LSN>
                    <a:TableName>preference</a:TableName>
                </a:TableLSN>
                <a:TableLSN>
                    <a:LSN>1506269</a:LSN>
                    <a:TableName>pricelist</a:TableName>
                </a:TableLSN>
                <a:TableLSN>
                    <a:LSN>1506269</a:LSN>
                    <a:TableName>priceunit</a:TableName>
                </a:TableLSN>
                <a:TableLSN>
                    <a:LSN>1506269</a:LSN>
                    <a:TableName>priceunitgrouplink</a:TableName>
                </a:TableLSN>
                <a:TableLSN>
                    <a:LSN>1506269</a:LSN>
                    <a:TableName>priceunitheadinglink</a:TableName>
                </a:TableLSN>
                <a:TableLSN>
                    <a:LSN>1506269</a:LSN>
                    <a:TableName>priority</a:TableName>
                </a:TableLSN>
                <a:TableLSN>
                    <a:LSN>1506269</a:LSN>
                    <a:TableName>prioritygrouplink</a:TableName>
                </a:TableLSN>
                <a:TableLSN>
                    <a:LSN>1506269</a:LSN>
                    <a:TableName>priorityheadinglink</a:TableName>
                </a:TableLSN>
                <a:TableLSN>
                    <a:LSN>1506269</a:LSN>
                    <a:TableName>prob</a:TableName>
                </a:TableLSN>
                <a:TableLSN>
                    <a:LSN>1506269</a:LSN>
                    <a:TableName>probgrouplink</a:TableName>
                </a:TableLSN>
                <a:TableLSN>
                    <a:LSN>1506269</a:LSN>
                    <a:TableName>probheadinglink</a:TableName>
                </a:TableLSN>
                <a:TableLSN>
                    <a:LSN>1506269</a:LSN>
                    <a:TableName>product</a:TableName>
                </a:TableLSN>
                <a:TableLSN>
                    <a:LSN>1506269</a:LSN>
                    <a:TableName>productcategory</a:TableName>
                </a:TableLSN>
                <a:TableLSN>
                    <a:LSN>1506269</a:LSN>
                    <a:TableName>productcategorygrouplink</a:TableName>
                </a:TableLSN>
                <a:TableLSN>
                    <a:LSN>1506269</a:LSN>
                    <a:TableName>productcategoryheadinglink</a:TableName>
                </a:TableLSN>
                <a:TableLSN>
                    <a:LSN>1506269</a:LSN>
                    <a:TableName>productfamily</a:TableName>
                </a:TableLSN>
                <a:TableLSN>
                    <a:LSN>1506269</a:LSN>
                    <a:TableName>productfamilygrouplink</a:TableName>
                </a:TableLSN>
                <a:TableLSN>
                    <a:LSN>1506269</a:LSN>
                    <a:TableName>productfamilyheadinglink</a:TableName>
                </a:TableLSN>
                <a:TableLSN>
                    <a:LSN>1506269</a:LSN>
                    <a:TableName>producttype</a:TableName>
                </a:TableLSN>
                <a:TableLSN>
                    <a:LSN>1506269</a:LSN>
                    <a:TableName>producttypegrouplink</a:TableName>
                </a:TableLSN>
                <a:TableLSN>
                    <a:LSN>1506269</a:LSN>
                    <a:TableName>producttypeheadinglink</a:TableName>
                </a:TableLSN>
                <a:TableLSN>
                    <a:LSN>1506269</a:LSN>
                    <a:TableName>productversion</a:TableName>
                </a:TableLSN>
                <a:TableLSN>
                    <a:LSN>1506269</a:LSN>
                    <a:TableName>profile</a:TableName>
                </a:TableLSN>
                <a:TableLSN>
                    <a:LSN>1506269</a:LSN>
                    <a:TableName>project</a:TableName>
                </a:TableLSN>
                <a:TableLSN>
                    <a:LSN>1506269</a:LSN>
                    <a:TableName>projectmember</a:TableName>
                </a:TableLSN>
                <a:TableLSN>
                    <a:LSN>1506269</a:LSN>
                    <a:TableName>projecttypestatuslink</a:TableName>
                </a:TableLSN>
                <a:TableLSN>
                    <a:LSN>1506269</a:LSN>
                    <a:TableName>projstatus</a:TableName>
                </a:TableLSN>
                <a:TableLSN>
                    <a:LSN>1506269</a:LSN>
                    <a:TableName>projstatusgrouplink</a:TableName>
                </a:TableLSN>
                <a:TableLSN>
                    <a:LSN>1506269</a:LSN>
                    <a:TableName>projstatusheadinglink</a:TableName>
                </a:TableLSN>
                <a:TableLSN>
                    <a:LSN>1506269</a:LSN>
                    <a:TableName>projtype</a:TableName>
                </a:TableLSN>
                <a:TableLSN>
                    <a:LSN>1506269</a:LSN>
                    <a:TableName>projtypegrouplink</a:TableName>
                </a:TableLSN>
                <a:TableLSN>
                    <a:LSN>1506269</a:LSN>
                    <a:TableName>projtypeheadinglink</a:TableName>
                </a:TableLSN>
                <a:TableLSN>
                    <a:LSN>1506269</a:LSN>
                    <a:TableName>publish</a:TableName>
                </a:TableLSN>
                <a:TableLSN>
                    <a:LSN>1506269</a:LSN>
                    <a:TableName>pushnotificationservice</a:TableName>
                </a:TableLSN>
                <a:TableLSN>
                    <a:LSN>1506269</a:LSN>
                    <a:TableName>quick_reply</a:TableName>
                </a:TableLSN>
                <a:TableLSN>
                    <a:LSN>1506269</a:LSN>
                    <a:TableName>quote</a:TableName>
                </a:TableLSN>
                <a:TableLSN>
                    <a:LSN>1506269</a:LSN>
                    <a:TableName>quotealternative</a:TableName>
                </a:TableLSN>
                <a:TableLSN>
                    <a:LSN>1506269</a:LSN>
                    <a:TableName>quoteconnection</a:TableName>
                </a:TableLSN>
                <a:TableLSN>
                    <a:LSN>1506269</a:LSN>
                    <a:TableName>quoteconnectionaccess</a:TableName>
                </a:TableLSN>
                <a:TableLSN>
                    <a:LSN>1506269</a:LSN>
                    <a:TableName>quoteline</a:TableName>
                </a:TableLSN>
                <a:TableLSN>
                    <a:LSN>1506269</a:LSN>
                    <a:TableName>quotelineconfiguration</a:TableName>
                </a:TableLSN>
                <a:TableLSN>
                    <a:LSN>1506269</a:LSN>
                    <a:TableName>quoteversion</a:TableName>
                </a:TableLSN>
                <a:TableLSN>
                    <a:LSN>1506269</a:LSN>
                    <a:TableName>quoteversionattachment</a:TableName>
                </a:TableLSN>
                <a:TableLSN>
                    <a:LSN>1506269</a:LSN>
                    <a:TableName>reason</a:TableName>
                </a:TableLSN>
                <a:TableLSN>
                    <a:LSN>1506269</a:LSN>
                    <a:TableName>reasongrouplink</a:TableName>
                </a:TableLSN>
                <a:TableLSN>
                    <a:LSN>1506269</a:LSN>
                    <a:TableName>reasonheadinglink</a:TableName>
                </a:TableLSN>
                <a:TableLSN>
                    <a:LSN>1506269</a:LSN>
                    <a:TableName>reasonsold</a:TableName>
                </a:TableLSN>
                <a:TableLSN>
                    <a:LSN>1506269</a:LSN>
                    <a:TableName>reasonsoldgrouplink</a:TableName>
                </a:TableLSN>
                <a:TableLSN>
                    <a:LSN>1506269</a:LSN>
                    <a:TableName>reasonsoldheadinglink</a:TableName>
                </a:TableLSN>
                <a:TableLSN>
                    <a:LSN>1506269</a:LSN>
                    <a:TableName>reasonstalled</a:TableName>
                </a:TableLSN>
                <a:TableLSN>
                    <a:LSN>1506269</a:LSN>
                    <a:TableName>reasonstalledgrouplink</a:TableName>
                </a:TableLSN>
                <a:TableLSN>
                    <a:LSN>1506269</a:LSN>
                    <a:TableName>reasonstalledheadinglink</a:TableName>
                </a:TableLSN>
                <a:TableLSN>
                    <a:LSN>1506269</a:LSN>
                    <a:TableName>recurrencerule</a:TableName>
                </a:TableLSN>
                <a:TableLSN>
                    <a:LSN>1506269</a:LSN>
                    <a:TableName>redletterday</a:TableName>
                </a:TableLSN>
                <a:TableLSN>
                    <a:LSN>1506269</a:LSN>
                    <a:TableName>refcountrange</a:TableName>
                </a:TableLSN>
                <a:TableLSN>
                    <a:LSN>1506269</a:LSN>
                    <a:TableName>refcounts</a:TableName>
                </a:TableLSN>
                <a:TableLSN>
                    <a:LSN>1506269</a:LSN>
                    <a:TableName>rejectreason</a:TableName>
                </a:TableLSN>
                <a:TableLSN>
                    <a:LSN>1506269</a:LSN>
                    <a:TableName>rejectreasongrouplink</a:TableName>
                </a:TableLSN>
                <a:TableLSN>
                    <a:LSN>1506269</a:LSN>
                    <a:TableName>rejectreasonheadinglink</a:TableName>
                </a:TableLSN>
                <a:TableLSN>
                    <a:LSN>1506269</a:LSN>
                    <a:TableName>relationdefinition</a:TableName>
                </a:TableLSN>
                <a:TableLSN>
                    <a:LSN>1506269</a:LSN>
                    <a:TableName>relations</a:TableName>
                </a:TableLSN>
                <a:TableLSN>
                    <a:LSN>1506269</a:LSN>
                    <a:TableName>relationship</a:TableName>
                </a:TableLSN>
                <a:TableLSN>
                    <a:LSN>1506269</a:LSN>
                    <a:TableName>relationtarget</a:TableName>
                </a:TableLSN>
                <a:TableLSN>
                    <a:LSN>1506269</a:LSN>
                    <a:TableName>reldefgrouplink</a:TableName>
                </a:TableLSN>
                <a:TableLSN>
                    <a:LSN>1506269</a:LSN>
                    <a:TableName>reldefheadinglink</a:TableName>
                </a:TableLSN>
                <a:TableLSN>
                    <a:LSN>1506269</a:LSN>
                    <a:TableName>reply_template</a:TableName>
                </a:TableLSN>
                <a:TableLSN>
                    <a:LSN>1506269</a:LSN>
                    <a:TableName>reply_template_attachment</a:TableName>
                </a:TableLSN>
                <a:TableLSN>
                    <a:LSN>1506269</a:LSN>
                    <a:TableName>reply_template_body</a:TableName>
                </a:TableLSN>
                <a:TableLSN>
                    <a:LSN>1506269</a:LSN>
                    <a:TableName>reply_template_folder</a:TableName>
                </a:TableLSN>
                <a:TableLSN>
                    <a:LSN>1506269</a:LSN>
                    <a:TableName>reporterlistdef</a:TableName>
                </a:TableLSN>
                <a:TableLSN>
                    <a:LSN>1506269</a:LSN>
                    <a:TableName>resourceoverride</a:TableName>
                </a:TableLSN>
                <a:TableLSN>
                    <a:LSN>1506269</a:LSN>
                    <a:TableName>role</a:TableName>
                </a:TableLSN>
                <a:TableLSN>
                    <a:LSN>1506269</a:LSN>
                    <a:TableName>role_category</a:TableName>
                </a:TableLSN>
                <a:TableLSN>
                    <a:LSN>1506269</a:LSN>
                    <a:TableName>role_element</a:TableName>
                </a:TableLSN>
                <a:TableLSN>
                    <a:LSN>1506269</a:LSN>
                    <a:TableName>role_member</a:TableName>
                </a:TableLSN>
                <a:TableLSN>
                    <a:LSN>1506269</a:LSN>
                    <a:TableName>role_workflow</a:TableName>
                </a:TableLSN>
                <a:TableLSN>
                    <a:LSN>1506269</a:LSN>
                    <a:TableName>s_attachment</a:TableName>
                </a:TableLSN>
                <a:TableLSN>
                    <a:LSN>1506269</a:LSN>
                    <a:TableName>s_bounce_shipment</a:TableName>
                </a:TableLSN>
                <a:TableLSN>
                    <a:LSN>1506269</a:LSN>
                    <a:TableName>s_dyn_criteria</a:TableName>
                </a:TableLSN>
                <a:TableLSN>
                    <a:LSN>1506269</a:LSN>
                    <a:TableName>s_link</a:TableName>
                </a:TableLSN>
                <a:TableLSN>
                    <a:LSN>1506269</a:LSN>
                    <a:TableName>s_link_customer</a:TableName>
                </a:TableLSN>
                <a:TableLSN>
                    <a:LSN>1506269</a:LSN>
                    <a:TableName>s_link_customer_statical</a:TableName>
                </a:TableLSN>
                <a:TableLSN>
                    <a:LSN>1506269</a:LSN>
                    <a:TableName>s_list</a:TableName>
                </a:TableLSN>
                <a:TableLSN>
                    <a:LSN>1506269</a:LSN>
                    <a:TableName>s_list_customer</a:TableName>
                </a:TableLSN>
                <a:TableLSN>
                    <a:LSN>1506269</a:LSN>
                    <a:TableName>s_list_element</a:TableName>
                </a:TableLSN>
                <a:TableLSN>
                    <a:LSN>1506269</a:LSN>
                    <a:TableName>s_list_shipment</a:TableName>
                </a:TableLSN>
                <a:TableLSN>
                    <a:LSN>1506269</a:LSN>
                    <a:TableName>s_message</a:TableName>
                </a:TableLSN>
                <a:TableLSN>
                    <a:LSN>1506269</a:LSN>
                    <a:TableName>s_messageblock</a:TableName>
                </a:TableLSN>
                <a:TableLSN>
                    <a:LSN>1506269</a:LSN>
                    <a:TableName>s_picture_entry</a:TableName>
                </a:TableLSN>
                <a:TableLSN>
                    <a:LSN>1506269</a:LSN>
                    <a:TableName>s_picture_folder</a:TableName>
                </a:TableLSN>
                <a:TableLSN>
                    <a:LSN>1506269</a:LSN>
                    <a:TableName>s_sent_message</a:TableName>
                </a:TableLSN>
                <a:TableLSN>
                    <a:LSN>1506269</a:LSN>
                    <a:TableName>s_shipment</a:TableName>
                </a:TableLSN>
                <a:TableLSN>
                    <a:LSN>1506269</a:LSN>
                    <a:TableName>s_shipment_addr</a:TableName>
                </a:TableLSN>
                <a:TableLSN>
                    <a:LSN>1506269</a:LSN>
                    <a:TableName>s_smtp_servers</a:TableName>
                </a:TableLSN>
                <a:TableLSN>
                    <a:LSN>1506269</a:LSN>
                    <a:TableName>s_washing</a:TableName>
                </a:TableLSN>
                <a:TableLSN>
                    <a:LSN>1506269</a:LSN>
                    <a:TableName>s_washing_list</a:TableName>
                </a:TableLSN>
                <a:TableLSN>
                    <a:LSN>1506336</a:LSN>
                    <a:TableName>saintconfiguration</a:TableName>
                </a:TableLSN>
                <a:TableLSN>
                    <a:LSN>1506269</a:LSN>
                    <a:TableName>sale</a:TableName>
                </a:TableLSN>
                <a:TableLSN>
                    <a:LSN>1506269</a:LSN>
                    <a:TableName>salehist</a:TableName>
                </a:TableLSN>
                <a:TableLSN>
                    <a:LSN>1506269</a:LSN>
                    <a:TableName>salestakeholder</a:TableName>
                </a:TableLSN>
                <a:TableLSN>
                    <a:LSN>1506269</a:LSN>
                    <a:TableName>saletype</a:TableName>
                </a:TableLSN>
                <a:TableLSN>
                    <a:LSN>1506269</a:LSN>
                    <a:TableName>saletypecat</a:TableName>
                </a:TableLSN>
                <a:TableLSN>
                    <a:LSN>1506269</a:LSN>
                    <a:TableName>saletypecatgrouplink</a:TableName>
                </a:TableLSN>
                <a:TableLSN>
                    <a:LSN>1506269</a:LSN>
                    <a:TableName>saletypecatheadinglink</a:TableName>
                </a:TableLSN>
                <a:TableLSN>
                    <a:LSN>1506269</a:LSN>
                    <a:TableName>saletypegrouplink</a:TableName>
                </a:TableLSN>
                <a:TableLSN>
                    <a:LSN>1506269</a:LSN>
                    <a:TableName>saletypeheadinglink</a:TableName>
                </a:TableLSN>
                <a:TableLSN>
                    <a:LSN>1506269</a:LSN>
                    <a:TableName>saletypequoteattachment</a:TableName>
                </a:TableLSN>
                <a:TableLSN>
                    <a:LSN>1506269</a:LSN>
                    <a:TableName>saletypestagelink</a:TableName>
                </a:TableLSN>
                <a:TableLSN>
                    <a:LSN>1506269</a:LSN>
                    <a:TableName>salutation</a:TableName>
                </a:TableLSN>
                <a:TableLSN>
                    <a:LSN>1506269</a:LSN>
                    <a:TableName>salutationgrouplink</a:TableName>
                </a:TableLSN>
                <a:TableLSN>
                    <a:LSN>1506269</a:LSN>
                    <a:TableName>salutationheadinglink</a:TableName>
                </a:TableLSN>
                <a:TableLSN>
                    <a:LSN>1506336</a:LSN>
                    <a:TableName>schedule</a:TableName>
                </a:TableLSN>
                <a:TableLSN>
                    <a:LSN>1506269</a:LSN>
                    <a:TableName>scheduled_task</a:TableName>
                </a:TableLSN>
                <a:TableLSN>
                    <a:LSN>1506269</a:LSN>
                    <a:TableName>screen_chooser</a:TableName>
                </a:TableLSN>
                <a:TableLSN>
                    <a:LSN>1506269</a:LSN>
                    <a:TableName>screen_definition</a:TableName>
                </a:TableLSN>
                <a:TableLSN>
                    <a:LSN>1506269</a:LSN>
                    <a:TableName>screen_definition_action</a:TableName>
                </a:TableLSN>
                <a:TableLSN>
                    <a:LSN>1506269</a:LSN>
                    <a:TableName>screen_definition_element</a:TableName>
                </a:TableLSN>
                <a:TableLSN>
                    <a:LSN>1506269</a:LSN>
                    <a:TableName>screen_definition_hidden</a:TableName>
                </a:TableLSN>
                <a:TableLSN>
                    <a:LSN>1506269</a:LSN>
                    <a:TableName>screen_definition_language</a:TableName>
                </a:TableLSN>
                <a:TableLSN>
                    <a:LSN>1506269</a:LSN>
                    <a:TableName>script_trace</a:TableName>
                </a:TableLSN>
                <a:TableLSN>
                    <a:LSN>1506269</a:LSN>
                    <a:TableName>script_trace_run</a:TableName>
                </a:TableLSN>
                <a:TableLSN>
                    <a:LSN>1506269</a:LSN>
                    <a:TableName>searchcat</a:TableName>
                </a:TableLSN>
                <a:TableLSN>
                    <a:LSN>1506269</a:LSN>
                    <a:TableName>searchcatgrouplink</a:TableName>
                </a:TableLSN>
                <a:TableLSN>
                    <a:LSN>1506269</a:LSN>
                    <a:TableName>searchcatheadinglink</a:TableName>
                </a:TableLSN>
                <a:TableLSN>
                    <a:LSN>1506269</a:LSN>
                    <a:TableName>selection</a:TableName>
                </a:TableLSN>
                <a:TableLSN>
                    <a:LSN>1506269</a:LSN>
                    <a:TableName>selectionmember</a:TableName>
                </a:TableLSN>
                <a:TableLSN>
                    <a:LSN>1506269</a:LSN>
                    <a:TableName>shipmenttype</a:TableName>
                </a:TableLSN>
                <a:TableLSN>
                    <a:LSN>1506269</a:LSN>
                    <a:TableName>shipmenttypereservation</a:TableName>
                </a:TableLSN>
                <a:TableLSN>
                    <a:LSN>1506269</a:LSN>
                    <a:TableName>sms</a:TableName>
                </a:TableLSN>
                <a:TableLSN>
                    <a:LSN>1506269</a:LSN>
                    <a:TableName>sms_hysteria</a:TableName>
                </a:TableLSN>
                <a:TableLSN>
                    <a:LSN>1506269</a:LSN>
                    <a:TableName>snapshot</a:TableName>
                </a:TableLSN>
                <a:TableLSN>
                    <a:LSN>1506269</a:LSN>
                    <a:TableName>soap_access</a:TableName>
                </a:TableLSN>
                <a:TableLSN>
                    <a:LSN>1506269</a:LSN>
                    <a:TableName>source</a:TableName>
                </a:TableLSN>
                <a:TableLSN>
                    <a:LSN>1506269</a:LSN>
                    <a:TableName>sourcegrouplink</a:TableName>
                </a:TableLSN>
                <a:TableLSN>
                    <a:LSN>1506269</a:LSN>
                    <a:TableName>sourceheadinglink</a:TableName>
                </a:TableLSN>
                <a:TableLSN>
                    <a:LSN>1506269</a:LSN>
                    <a:TableName>stakeholderrole</a:TableName>
                </a:TableLSN>
                <a:TableLSN>
                    <a:LSN>1506269</a:LSN>
                    <a:TableName>stakeholderrolegrouplink</a:TableName>
                </a:TableLSN>
                <a:TableLSN>
                    <a:LSN>1506269</a:LSN>
                    <a:TableName>stakeholderroleheadinglink</a:TableName>
                </a:TableLSN>
                <a:TableLSN>
                    <a:LSN>1506269</a:LSN>
                    <a:TableName>static_list_ref</a:TableName>
                </a:TableLSN>
                <a:TableLSN>
                    <a:LSN>1506336</a:LSN>
                    <a:TableName>statusdef</a:TableName>
                </a:TableLSN>
                <a:TableLSN>
                    <a:LSN>1506269</a:LSN>
                    <a:TableName>subscriptionunit</a:TableName>
                </a:TableLSN>
                <a:TableLSN>
                    <a:LSN>1506269</a:LSN>
                    <a:TableName>subscriptionunitgrouplink</a:TableName>
                </a:TableLSN>
                <a:TableLSN>
                    <a:LSN>1506269</a:LSN>
                    <a:TableName>subscriptionunitheadinglink</a:TableName>
                </a:TableLSN>
                <a:TableLSN>
                    <a:LSN>1506269</a:LSN>
                    <a:TableName>suggestedappointment</a:TableName>
                </a:TableLSN>
                <a:TableLSN>
                    <a:LSN>1506269</a:LSN>
                    <a:TableName>suggesteddocument</a:TableName>
                </a:TableLSN>
                <a:TableLSN>
                    <a:LSN>1506269</a:LSN>
                    <a:TableName>system_script</a:TableName>
                </a:TableLSN>
                <a:TableLSN>
                    <a:LSN>1506269</a:LSN>
                    <a:TableName>tags</a:TableName>
                </a:TableLSN>
                <a:TableLSN>
                    <a:LSN>1506269</a:LSN>
                    <a:TableName>tagsgrouplink</a:TableName>
                </a:TableLSN>
                <a:TableLSN>
                    <a:LSN>1506269</a:LSN>
                    <a:TableName>tagsheadinglink</a:TableName>
                </a:TableLSN>
                <a:TableLSN>
                    <a:LSN>1506269</a:LSN>
                    <a:TableName>task</a:TableName>
                </a:TableLSN>
                <a:TableLSN>
                    <a:LSN>1506269</a:LSN>
                    <a:TableName>taskgrouplink</a:TableName>
                </a:TableLSN>
                <a:TableLSN>
                    <a:LSN>1506269</a:LSN>
                    <a:TableName>taskheadinglink</a:TableName>
                </a:TableLSN>
                <a:TableLSN>
                    <a:LSN>1506269</a:LSN>
                    <a:TableName>temporary_words</a:TableName>
                </a:TableLSN>
                <a:TableLSN>
                    <a:LSN>1506336</a:LSN>
                    <a:TableName>temporarykey</a:TableName>
                </a:TableLSN>
                <a:TableLSN>
                    <a:LSN>1506269</a:LSN>
                    <a:TableName>text</a:TableName>
                </a:TableLSN>
                <a:TableLSN>
                    <a:LSN>1506269</a:LSN>
                    <a:TableName>ticket</a:TableName>
                </a:TableLSN>
                <a:TableLSN>
                    <a:LSN>1506269</a:LSN>
                    <a:TableName>ticket_alert</a:TableName>
                </a:TableLSN>
                <a:TableLSN>
                    <a:LSN>1506269</a:LSN>
                    <a:TableName>ticket_attachment</a:TableName>
                </a:TableLSN>
                <a:TableLSN>
                    <a:LSN>1506269</a:LSN>
                    <a:TableName>ticket_customers</a:TableName>
                </a:TableLSN>
                <a:TableLSN>
                    <a:LSN>1506269</a:LSN>
                    <a:TableName>ticket_log</a:TableName>
                </a:TableLSN>
                <a:TableLSN>
                    <a:LSN>1506269</a:LSN>
                    <a:TableName>ticket_log_action</a:TableName>
                </a:TableLSN>
                <a:TableLSN>
                    <a:LSN>1506269</a:LSN>
                    <a:TableName>ticket_log_change</a:TableName>
                </a:TableLSN>
                <a:TableLSN>
                    <a:LSN>1506269</a:LSN>
                    <a:TableName>ticket_priority</a:TableName>
                </a:TableLSN>
                <a:TableLSN>
                    <a:LSN>1506269</a:LSN>
                    <a:TableName>ticket_relation</a:TableName>
                </a:TableLSN>
                <a:TableLSN>
                    <a:LSN>1506269</a:LSN>
                    <a:TableName>ticket_relation_action</a:TableName>
                </a:TableLSN>
                <a:TableLSN>
                    <a:LSN>1506269</a:LSN>
                    <a:TableName>ticket_relation_type</a:TableName>
                </a:TableLSN>
                <a:TableLSN>
                    <a:LSN>1506269</a:LSN>
                    <a:TableName>ticket_status</a:TableName>
                </a:TableLSN>
                <a:TableLSN>
                    <a:LSN>1506269</a:LSN>
                    <a:TableName>ticket_status_history</a:TableName>
                </a:TableLSN>
                <a:TableLSN>
                    <a:LSN>1506269</a:LSN>
                    <a:TableName>ticket_type</a:TableName>
                </a:TableLSN>
                <a:TableLSN>
                    <a:LSN>1506269</a:LSN>
                    <a:TableName>tree_explorer_entry</a:TableName>
                </a:TableLSN>
                <a:TableLSN>
                    <a:LSN>1506269</a:LSN>
                    <a:TableName>tree_explorer_link</a:TableName>
                </a:TableLSN>
                <a:TableLSN>
                    <a:LSN>1506269</a:LSN>
                    <a:TableName>typicalsearch</a:TableName>
                </a:TableLSN>
                <a:TableLSN>
                    <a:LSN>1506269</a:LSN>
                    <a:TableName>tzdstrule</a:TableName>
                </a:TableLSN>
                <a:TableLSN>
                    <a:LSN>1506269</a:LSN>
                    <a:TableName>tzlocation</a:TableName>
                </a:TableLSN>
                <a:TableLSN>
                    <a:LSN>1506269</a:LSN>
                    <a:TableName>tzstdrule</a:TableName>
                </a:TableLSN>
                <a:TableLSN>
                    <a:LSN>1506269</a:LSN>
                    <a:TableName>udappntlarge</a:TableName>
                </a:TableLSN>
                <a:TableLSN>
                    <a:LSN>1506269</a:LSN>
                    <a:TableName>udappntsmall</a:TableName>
                </a:TableLSN>
                <a:TableLSN>
                    <a:LSN>1506269</a:LSN>
                    <a:TableName>udcontactlarge</a:TableName>
                </a:TableLSN>
                <a:TableLSN>
                    <a:LSN>1506269</a:LSN>
                    <a:TableName>udcontactsmall</a:TableName>
                </a:TableLSN>
                <a:TableLSN>
                    <a:LSN>1506269</a:LSN>
                    <a:TableName>uddoclarge</a:TableName>
                </a:TableLSN>
                <a:TableLSN>
                    <a:LSN>1506269</a:LSN>
                    <a:TableName>uddocsmall</a:TableName>
                </a:TableLSN>
                <a:TableLSN>
                    <a:LSN>1506269</a:LSN>
                    <a:TableName>udeffield</a:TableName>
                </a:TableLSN>
                <a:TableLSN>
                    <a:LSN>1506269</a:LSN>
                    <a:TableName>udeffieldgl</a:TableName>
                </a:TableLSN>
                <a:TableLSN>
                    <a:LSN>1506269</a:LSN>
                    <a:TableName>udlist</a:TableName>
                </a:TableLSN>
                <a:TableLSN>
                    <a:LSN>1506269</a:LSN>
                    <a:TableName>udlistdefinition</a:TableName>
                </a:TableLSN>
                <a:TableLSN>
                    <a:LSN>1506269</a:LSN>
                    <a:TableName>udlistgrouplink</a:TableName>
                </a:TableLSN>
                <a:TableLSN>
                    <a:LSN>1506269</a:LSN>
                    <a:TableName>udlistheadinglink</a:TableName>
                </a:TableLSN>
                <a:TableLSN>
                    <a:LSN>1506269</a:LSN>
                    <a:TableName>udpersonlarge</a:TableName>
                </a:TableLSN>
                <a:TableLSN>
                    <a:LSN>1506269</a:LSN>
                    <a:TableName>udpersonsmall</a:TableName>
                </a:TableLSN>
                <a:TableLSN>
                    <a:LSN>1506269</a:LSN>
                    <a:TableName>udprojectlarge</a:TableName>
                </a:TableLSN>
                <a:TableLSN>
                    <a:LSN>1506269</a:LSN>
                    <a:TableName>udprojectsmall</a:TableName>
                </a:TableLSN>
                <a:TableLSN>
                    <a:LSN>1506269</a:LSN>
                    <a:TableName>udsalelarge</a:TableName>
                </a:TableLSN>
                <a:TableLSN>
                    <a:LSN>1506269</a:LSN>
                    <a:TableName>udsalesmall</a:TableName>
                </a:TableLSN>
                <a:TableLSN>
                    <a:LSN>1506269</a:LSN>
                    <a:TableName>url</a:TableName>
                </a:TableLSN>
                <a:TableLSN>
                    <a:LSN>1506269</a:LSN>
                    <a:TableName>usergroup</a:TableName>
                </a:TableLSN>
                <a:TableLSN>
                    <a:LSN>1506269</a:LSN>
                    <a:TableName>usergrouplink</a:TableName>
                </a:TableLSN>
                <a:TableLSN>
                    <a:LSN>1506269</a:LSN>
                    <a:TableName>userrolelink</a:TableName>
                </a:TableLSN>
                <a:TableLSN>
                    <a:LSN>1506269</a:LSN>
                    <a:TableName>visiblefor</a:TableName>
                </a:TableLSN>
                <a:TableLSN>
                    <a:LSN>1506269</a:LSN>
                    <a:TableName>webhook</a:TableName>
                </a:TableLSN>
                <a:TableLSN>
                    <a:LSN>1506336</a:LSN>
                    <a:TableName>word_relations</a:TableName>
                </a:TableLSN>
                <a:TableLSN>
                    <a:LSN>1506269</a:LSN>
                    <a:TableName>wsdl_description</a:TableName>
                </a:TableLSN>
                <a:TableLSN>
                    <a:LSN>1506269</a:LSN>
                    <a:TableName>y_collective_orders</a:TableName>
                </a:TableLSN>
                <a:TableLSN>
                    <a:LSN>1506269</a:LSN>
                    <a:TableName>y_kostenstelle</a:TableName>
                </a:TableLSN>
                <a:TableLSN>
                    <a:LSN>1506269</a:LSN>
                    <a:TableName>ziptocity</a:TableName>
                </a:TableLSN>
            </MirrorLSN>
        </TableSchemaResponse>
    </s:Body>
</s:Envelope>