<?xml version="1.0" encoding="utf-8"?>
<wsdl:definitions name="MirroringClientService" targetNamespace="http://tempuri.org/"
	xmlns:wsdl="http://schemas.xmlsoap.org/wsdl/"
	xmlns:xsd="http://www.w3.org/2001/XMLSchema"
	xmlns:soapenc="http://schemas.xmlsoap.org/soap/encoding/"
	xmlns:wsu="http://docs.oasis-open.org/wss/2004/01/oasis-200401-wss-wssecurity-utility-1.0.xsd"
	xmlns:soap="http://schemas.xmlsoap.org/wsdl/soap/"
	xmlns:soap12="http://schemas.xmlsoap.org/wsdl/soap12/"
	xmlns:tns="http://tempuri.org/"
	xmlns:wsa="http://schemas.xmlsoap.org/ws/2004/08/addressing"
	xmlns:wsx="http://schemas.xmlsoap.org/ws/2004/09/mex"
	xmlns:wsap="http://schemas.xmlsoap.org/ws/2004/08/addressing/policy"
	xmlns:wsaw="http://www.w3.org/2006/05/addressing/wsdl"
	xmlns:msc="http://schemas.microsoft.com/ws/2005/12/wsdl/contract"
	xmlns:i0="http://www.superoffice.com/online/mirroring/0.1"
	xmlns:wsp="http://schemas.xmlsoap.org/ws/2004/09/policy"
	xmlns:wsa10="http://www.w3.org/2005/08/addressing"
	xmlns:wsam="http://www.w3.org/2007/05/addressing/metadata">
	<wsp:Policy wsu:Id="BasicHttpsBinding_IMirroringClientService_policy">
		<wsp:ExactlyOne>
			<wsp:All>
				<sp:TransportBinding
					xmlns:sp="http://schemas.xmlsoap.org/ws/2005/07/securitypolicy">
					<wsp:Policy>
						<sp:TransportToken>
							<wsp:Policy>
								<sp:HttpsToken RequireClientCertificate="false"/>
							</wsp:Policy>
						</sp:TransportToken>
						<sp:AlgorithmSuite>
							<wsp:Policy>
								<sp:Basic256/>
							</wsp:Policy>
						</sp:AlgorithmSuite>
						<sp:Layout>
							<wsp:Policy>
								<sp:Strict/>
							</wsp:Policy>
						</sp:Layout>
					</wsp:Policy>
				</sp:TransportBinding>
			</wsp:All>
		</wsp:ExactlyOne>
	</wsp:Policy>
	<wsdl:import namespace="http://www.superoffice.com/online/mirroring/0.1" location="http://localhost:9006/MirroringClientService.svc?wsdl=wsdl0"/>
	<wsdl:types/>
	<wsdl:binding name="BasicHttpsBinding_IMirroringClientService" type="i0:IMirroringClientService">
		<wsp:PolicyReference URI="#BasicHttpsBinding_IMirroringClientService_policy"/>
		<soap:binding transport="http://schemas.xmlsoap.org/soap/http"/>
		<wsdl:operation name="Authenticate">
			<soap:operation soapAction="http://www.superoffice.com/online/mirroring/0.1/IMirroringClientService/Authenticate" style="document"/>
			<wsdl:input name="AuthenticateRequest">
				<soap:header message="i0:AuthenticateRequest_Headers" part="SignedToken" use="literal"/>
				<soap:body use="literal"/>
			</wsdl:input>
			<wsdl:output name="AuthenticateResponse">
				<soap:body use="literal"/>
			</wsdl:output>
		</wsdl:operation>
		<wsdl:operation name="TableSchema">
			<soap:operation soapAction="http://www.superoffice.com/online/mirroring/0.1/IMirroringClientService/TableSchema" style="document"/>
			<wsdl:input name="TableSchemaRequest">
				<soap:header message="i0:TableSchemaRequest_Headers" part="SignedToken" use="literal"/>
				<soap:body use="literal"/>
			</wsdl:input>
			<wsdl:output name="TableSchemaResponse">
				<soap:body use="literal"/>
			</wsdl:output>
		</wsdl:operation>
		<wsdl:operation name="RowData">
			<soap:operation soapAction="http://www.superoffice.com/online/mirroring/0.1/IMirroringClientService/RowData" style="document"/>
			<wsdl:input name="RowDataRequest">
				<soap:header message="i0:RowDataRequest_Headers" part="SignedToken" use="literal"/>
				<soap:body use="literal"/>
			</wsdl:input>
			<wsdl:output name="RowDataResponse">
				<soap:body use="literal"/>
			</wsdl:output>
		</wsdl:operation>
		<wsdl:operation name="Wipe">
			<soap:operation soapAction="http://www.superoffice.com/online/mirroring/0.1/IMirroringClientService/Wipe" style="document"/>
			<wsdl:input name="WipeRequest">
				<soap:header message="i0:WipeRequest_Headers" part="SignedToken" use="literal"/>
				<soap:body use="literal"/>
			</wsdl:input>
			<wsdl:output name="WipeResponse">
				<soap:body use="literal"/>
			</wsdl:output>
		</wsdl:operation>
		<wsdl:operation name="ReplicationCompleted">
			<soap:operation soapAction="http://www.superoffice.com/online/mirroring/0.1/IMirroringClientService/ReplicationCompleted" style="document"/>
			<wsdl:input name="ReplicationCompletedRequest">
				<soap:header message="i0:ReplicationCompletedRequest_Headers" part="SignedToken" use="literal"/>
				<soap:body use="literal"/>
			</wsdl:input>
			<wsdl:output name="ReplicationCompletedResponse">
				<soap:body use="literal"/>
			</wsdl:output>
		</wsdl:operation>
	</wsdl:binding>
	<wsdl:service name="MirroringClientService">
		<wsdl:port name="BasicHttpsBinding_IMirroringClientService" binding="tns:BasicHttpsBinding_IMirroringClientService">
			<soap:address location="https://localhost:44334/MirroringClientService.svc"/>
		</wsdl:port>
	</wsdl:service>
</wsdl:definitions>