<?xml version="1.0" encoding="utf-8"?>
<wsdl:definitions name="MirroringClientService" targetNamespace="http://www.superoffice.com/online/mirroring/0.1" xmlns:wsdl="http://schemas.xmlsoap.org/wsdl/" xmlns:wsap="http://schemas.xmlsoap.org/ws/2004/08/addressing/policy" xmlns:wsa10="http://www.w3.org/2005/08/addressing" xmlns:tns="http://www.superoffice.com/online/mirroring/0.1" xmlns:msc="http://schemas.microsoft.com/ws/2005/12/wsdl/contract" xmlns:soapenc="http://schemas.xmlsoap.org/soap/encoding/" xmlns:wsx="http://schemas.xmlsoap.org/ws/2004/09/mex" xmlns:soap="http://schemas.xmlsoap.org/wsdl/soap/" xmlns:wsam="http://www.w3.org/2007/05/addressing/metadata" xmlns:wsa="http://schemas.xmlsoap.org/ws/2004/08/addressing" xmlns:wsp="http://schemas.xmlsoap.org/ws/2004/09/policy" xmlns:wsaw="http://www.w3.org/2006/05/addressing/wsdl" xmlns:soap12="http://schemas.xmlsoap.org/wsdl/soap12/" xmlns:wsu="http://docs.oasis-open.org/wss/2004/01/oasis-200401-wss-wssecurity-utility-1.0.xsd" xmlns:xsd="http://www.w3.org/2001/XMLSchema">
	<wsp:Policy wsu:Id="BasicHttpsBinding_IMirroringClientService_policy">
		<wsp:ExactlyOne>
			<wsp:All>
				<sp:TransportBinding xmlns:sp="http://schemas.xmlsoap.org/ws/2005/07/securitypolicy">
					<wsp:Policy>
						<sp:TransportToken>
							<wsp:Policy>
								<sp:HttpsToken RequireClientCertificate="false"/>
							</wsp:Policy>
						</sp:TransportToken>
						<sp:AlgorithmSuite>
							<wsp:Policy>
								<sp:Basic256/>
							</wsp:Policy>
						</sp:AlgorithmSuite>
						<sp:Layout>
							<wsp:Policy>
								<sp:Strict/>
							</wsp:Policy>
						</sp:Layout>
					</wsp:Policy>
				</sp:TransportBinding>
			</wsp:All>
		</wsp:ExactlyOne>
	</wsp:Policy>
	<wsdl:types>
		<xs:schema elementFormDefault="qualified" targetNamespace="http://www.superoffice.com/online/mirroring/0.1" xmlns:xs="http://www.w3.org/2001/XMLSchema">
			<xs:import namespace="http://schemas.datacontract.org/2004/07/SuperOffice.Online.Mirroring.Contract.V1"/>
			<xs:element name="AuthenticateRequest">
				<xs:complexType>
					<xs:sequence>
						<xs:element minOccurs="0" name="ClientState" nillable="true" type="xs:string"/>
					</xs:sequence>
				</xs:complexType>
			</xs:element>
			<xs:element name="SignedToken" nillable="true" type="xs:string"/>
			<xs:element name="AuthenticateResponse">
				<xs:complexType>
					<xs:sequence>
						<xs:element minOccurs="0" name="IsSuccessful" type="xs:boolean"/>
						<xs:element minOccurs="0" name="ErrorMessage" nillable="true" type="xs:string"/>
						<xs:element minOccurs="0" name="SignedApplicationToken" nillable="true" type="xs:string"/>
						<xs:element minOccurs="0" name="SupportedInterfaces" nillable="true" type="xs:string"/>
						<xs:element minOccurs="0" name="SuperOfficeMirroringBuild" nillable="true" type="xs:string"/>
						<xs:element minOccurs="0" name="ClientState" nillable="true" type="xs:string"/>
						<xs:element minOccurs="0" name="AdditionalInformationJson" nillable="true" type="xs:string"/>
					</xs:sequence>
				</xs:complexType>
			</xs:element>
			<xs:element name="TableSchemaRequest">
				<xs:complexType>
					<xs:sequence>
						<xs:element minOccurs="0" name="ClientState" nillable="true" type="xs:string"/>
						<xs:element minOccurs="0" name="Tables" nillable="true" type="q1:ArrayOfTableSchemaInfo" xmlns:q1="http://schemas.datacontract.org/2004/07/SuperOffice.Online.Mirroring.Contract.V1"/>
					</xs:sequence>
				</xs:complexType>
			</xs:element>
			<xs:element name="TableSchemaResponse">
				<xs:complexType>
					<xs:sequence>
						<xs:element minOccurs="0" name="IsSuccessful" type="xs:boolean"/>
						<xs:element minOccurs="0" name="ErrorMessage" nillable="true" type="xs:string"/>
						<xs:element minOccurs="0" name="MirrorLSN" nillable="true" type="q2:ArrayOfTableLSN" xmlns:q2="http://schemas.datacontract.org/2004/07/SuperOffice.Online.Mirroring.Contract.V1"/>
					</xs:sequence>
				</xs:complexType>
			</xs:element>
			<xs:element name="RowDataRequest">
				<xs:complexType>
					<xs:sequence>
						<xs:element minOccurs="0" name="ClientState" nillable="true" type="xs:string"/>
						<xs:element minOccurs="0" name="DataBatches" nillable="true" type="q3:ArrayOfRowDataBatch" xmlns:q3="http://schemas.datacontract.org/2004/07/SuperOffice.Online.Mirroring.Contract.V1"/>
					</xs:sequence>
				</xs:complexType>
			</xs:element>
			<xs:element name="RowDataResponse">
				<xs:complexType>
					<xs:sequence>
						<xs:element minOccurs="0" name="IsSuccessful" type="xs:boolean"/>
						<xs:element minOccurs="0" name="ErrorMessage" nillable="true" type="xs:string"/>
					</xs:sequence>
				</xs:complexType>
			</xs:element>
			<xs:element name="WipeRequest">
				<xs:complexType>
					<xs:sequence>
						<xs:element minOccurs="0" name="ClientState" nillable="true" type="xs:string"/>
						<xs:element minOccurs="0" name="TableName" nillable="true" type="xs:string"/>
					</xs:sequence>
				</xs:complexType>
			</xs:element>
			<xs:element name="WipeResponse">
				<xs:complexType>
					<xs:sequence>
						<xs:element minOccurs="0" name="IsSuccessful" type="xs:boolean"/>
						<xs:element minOccurs="0" name="ErrorMessage" nillable="true" type="xs:string"/>
					</xs:sequence>
				</xs:complexType>
			</xs:element>
			<xs:element name="ReplicationCompletedRequest">
				<xs:complexType>
					<xs:sequence>
						<xs:element minOccurs="0" name="ClientState" nillable="true" type="xs:string"/>
						<xs:element minOccurs="0" name="ChangedTables" nillable="true" type="q4:ArrayOfReplicationSummary" xmlns:q4="http://schemas.datacontract.org/2004/07/SuperOffice.Online.Mirroring.Contract.V1"/>
					</xs:sequence>
				</xs:complexType>
			</xs:element>
			<xs:element name="ReplicationCompletedResponse">
				<xs:complexType>
					<xs:sequence>
						<xs:element minOccurs="0" name="IsSuccessful" type="xs:boolean"/>
						<xs:element minOccurs="0" name="ErrorMessage" nillable="true" type="xs:string"/>
					</xs:sequence>
				</xs:complexType>
			</xs:element>
		</xs:schema>
		<xs:schema attributeFormDefault="qualified" elementFormDefault="qualified" targetNamespace="http://schemas.microsoft.com/2003/10/Serialization/" xmlns:xs="http://www.w3.org/2001/XMLSchema" xmlns:tns="http://schemas.microsoft.com/2003/10/Serialization/">
			<xs:element name="anyType" nillable="true" type="xs:anyType"/>
			<xs:element name="anyURI" nillable="true" type="xs:anyURI"/>
			<xs:element name="base64Binary" nillable="true" type="xs:base64Binary"/>
			<xs:element name="boolean" nillable="true" type="xs:boolean"/>
			<xs:element name="byte" nillable="true" type="xs:byte"/>
			<xs:element name="dateTime" nillable="true" type="xs:dateTime"/>
			<xs:element name="decimal" nillable="true" type="xs:decimal"/>
			<xs:element name="double" nillable="true" type="xs:double"/>
			<xs:element name="float" nillable="true" type="xs:float"/>
			<xs:element name="int" nillable="true" type="xs:int"/>
			<xs:element name="long" nillable="true" type="xs:long"/>
			<xs:element name="QName" nillable="true" type="xs:QName"/>
			<xs:element name="short" nillable="true" type="xs:short"/>
			<xs:element name="string" nillable="true" type="xs:string"/>
			<xs:element name="unsignedByte" nillable="true" type="xs:unsignedByte"/>
			<xs:element name="unsignedInt" nillable="true" type="xs:unsignedInt"/>
			<xs:element name="unsignedLong" nillable="true" type="xs:unsignedLong"/>
			<xs:element name="unsignedShort" nillable="true" type="xs:unsignedShort"/>
			<xs:element name="char" nillable="true" type="tns:char"/>
			<xs:simpleType name="char">
				<xs:restriction base="xs:int"/>
			</xs:simpleType>
			<xs:element name="duration" nillable="true" type="tns:duration"/>
			<xs:simpleType name="duration">
				<xs:restriction base="xs:duration">
					<xs:pattern value="\-?P(\d*D)?(T(\d*H)?(\d*M)?(\d*(\.\d*)?S)?)?"/>
					<xs:minInclusive value="-P10675199DT2H48M5.4775808S"/>
					<xs:maxInclusive value="P10675199DT2H48M5.4775807S"/>
				</xs:restriction>
			</xs:simpleType>
			<xs:element name="guid" nillable="true" type="tns:guid"/>
			<xs:simpleType name="guid">
				<xs:restriction base="xs:string">
					<xs:pattern value="[\da-fA-F]{8}-[\da-fA-F]{4}-[\da-fA-F]{4}-[\da-fA-F]{4}-[\da-fA-F]{12}"/>
				</xs:restriction>
			</xs:simpleType>
			<xs:attribute name="FactoryType" type="xs:QName"/>
			<xs:attribute name="Id" type="xs:ID"/>
			<xs:attribute name="Ref" type="xs:IDREF"/>
		</xs:schema>
		<xs:schema elementFormDefault="qualified" targetNamespace="http://schemas.datacontract.org/2004/07/SuperOffice.Online.Mirroring.Contract.V1" xmlns:xs="http://www.w3.org/2001/XMLSchema" xmlns:tns="http://schemas.datacontract.org/2004/07/SuperOffice.Online.Mirroring.Contract.V1">
			<xs:import namespace="http://schemas.microsoft.com/2003/10/Serialization/Arrays"/>
			<xs:complexType name="ArrayOfTableSchemaInfo">
				<xs:sequence>
					<xs:element minOccurs="0" maxOccurs="unbounded" name="TableSchemaInfo" nillable="true" type="tns:TableSchemaInfo"/>
				</xs:sequence>
			</xs:complexType>
			<xs:element name="ArrayOfTableSchemaInfo" nillable="true" type="tns:ArrayOfTableSchemaInfo"/>
			<xs:complexType name="TableSchemaInfo">
				<xs:sequence>
					<xs:element minOccurs="0" name="Columns" nillable="true" type="tns:ArrayOfColumnInfo"/>
					<xs:element minOccurs="0" name="TableName" nillable="true" type="xs:string"/>
				</xs:sequence>
			</xs:complexType>
			<xs:element name="TableSchemaInfo" nillable="true" type="tns:TableSchemaInfo"/>
			<xs:complexType name="ArrayOfColumnInfo">
				<xs:sequence>
					<xs:element minOccurs="0" maxOccurs="unbounded" name="ColumnInfo" nillable="true" type="tns:ColumnInfo"/>
				</xs:sequence>
			</xs:complexType>
			<xs:element name="ArrayOfColumnInfo" nillable="true" type="tns:ArrayOfColumnInfo"/>
			<xs:complexType name="ColumnInfo">
				<xs:sequence>
					<xs:element minOccurs="0" name="DefaultValue" nillable="true" type="xs:string"/>
					<xs:element minOccurs="0" name="IsNullable" type="xs:boolean"/>
					<xs:element minOccurs="0" name="Name" nillable="true" type="xs:string"/>
					<xs:element minOccurs="0" name="Type" nillable="true" type="xs:string"/>
				</xs:sequence>
			</xs:complexType>
			<xs:element name="ColumnInfo" nillable="true" type="tns:ColumnInfo"/>
			<xs:complexType name="ArrayOfTableLSN">
				<xs:sequence>
					<xs:element minOccurs="0" maxOccurs="unbounded" name="TableLSN" nillable="true" type="tns:TableLSN"/>
				</xs:sequence>
			</xs:complexType>
			<xs:element name="ArrayOfTableLSN" nillable="true" type="tns:ArrayOfTableLSN"/>
			<xs:complexType name="TableLSN">
				<xs:sequence>
					<xs:element minOccurs="0" name="LSN" type="xs:long"/>
					<xs:element minOccurs="0" name="TableName" nillable="true" type="xs:string"/>
				</xs:sequence>
			</xs:complexType>
			<xs:element name="TableLSN" nillable="true" type="tns:TableLSN"/>
			<xs:complexType name="ArrayOfRowDataBatch">
				<xs:sequence>
					<xs:element minOccurs="0" maxOccurs="unbounded" name="RowDataBatch" nillable="true" type="tns:RowDataBatch"/>
				</xs:sequence>
			</xs:complexType>
			<xs:element name="ArrayOfRowDataBatch" nillable="true" type="tns:ArrayOfRowDataBatch"/>
			<xs:complexType name="RowDataBatch">
				<xs:sequence>
					<xs:element minOccurs="0" name="Data" nillable="true" type="tns:ArrayOfRowData"/>
					<xs:element minOccurs="0" name="LSN" type="xs:long"/>
					<xs:element minOccurs="0" name="TableInfo" nillable="true" type="tns:TableSchemaInfo"/>
				</xs:sequence>
			</xs:complexType>
			<xs:element name="RowDataBatch" nillable="true" type="tns:RowDataBatch"/>
			<xs:complexType name="ArrayOfRowData">
				<xs:sequence>
					<xs:element minOccurs="0" maxOccurs="unbounded" name="RowData" nillable="true" type="tns:RowData"/>
				</xs:sequence>
			</xs:complexType>
			<xs:element name="ArrayOfRowData" nillable="true" type="tns:ArrayOfRowData"/>
			<xs:complexType name="RowData">
				<xs:sequence>
					<xs:element minOccurs="0" name="ColumnValues" nillable="true" type="q1:ArrayOfstring" xmlns:q1="http://schemas.microsoft.com/2003/10/Serialization/Arrays"/>
					<xs:element minOccurs="0" name="Operation" nillable="true" type="xs:string"/>
				</xs:sequence>
			</xs:complexType>
			<xs:element name="RowData" nillable="true" type="tns:RowData"/>
			<xs:complexType name="ArrayOfReplicationSummary">
				<xs:sequence>
					<xs:element minOccurs="0" maxOccurs="unbounded" name="ReplicationSummary" nillable="true" type="tns:ReplicationSummary"/>
				</xs:sequence>
			</xs:complexType>
			<xs:element name="ArrayOfReplicationSummary" nillable="true" type="tns:ArrayOfReplicationSummary"/>
			<xs:complexType name="ReplicationSummary">
				<xs:sequence>
					<xs:element minOccurs="0" name="Deletes" type="xs:int"/>
					<xs:element minOccurs="0" name="Inserts" type="xs:int"/>
					<xs:element minOccurs="0" name="TableName" nillable="true" type="xs:string"/>
					<xs:element minOccurs="0" name="Updates" type="xs:int"/>
				</xs:sequence>
			</xs:complexType>
			<xs:element name="ReplicationSummary" nillable="true" type="tns:ReplicationSummary"/>
		</xs:schema>
		<xs:schema elementFormDefault="qualified" targetNamespace="http://schemas.microsoft.com/2003/10/Serialization/Arrays" xmlns:xs="http://www.w3.org/2001/XMLSchema" xmlns:tns="http://schemas.microsoft.com/2003/10/Serialization/Arrays">
			<xs:complexType name="ArrayOfstring">
				<xs:sequence>
					<xs:element minOccurs="0" maxOccurs="unbounded" name="string" nillable="true" type="xs:string"/>
				</xs:sequence>
			</xs:complexType>
			<xs:element name="ArrayOfstring" nillable="true" type="tns:ArrayOfstring"/>
		</xs:schema>
	</wsdl:types>
	<wsdl:message name="AuthenticateRequest">
		<wsdl:part name="parameters" element="tns:AuthenticateRequest"/>
	</wsdl:message>
	<wsdl:message name="AuthenticateRequest_Headers">
		<wsdl:part name="SignedToken" element="tns:SignedToken"/>
	</wsdl:message>
	<wsdl:message name="AuthenticateResponse">
		<wsdl:part name="parameters" element="tns:AuthenticateResponse"/>
	</wsdl:message>
	<wsdl:message name="TableSchemaRequest">
		<wsdl:part name="parameters" element="tns:TableSchemaRequest"/>
	</wsdl:message>
	<wsdl:message name="TableSchemaRequest_Headers">
		<wsdl:part name="SignedToken" element="tns:SignedToken"/>
	</wsdl:message>
	<wsdl:message name="TableSchemaResponse">
		<wsdl:part name="parameters" element="tns:TableSchemaResponse"/>
	</wsdl:message>
	<wsdl:message name="RowDataRequest">
		<wsdl:part name="parameters" element="tns:RowDataRequest"/>
	</wsdl:message>
	<wsdl:message name="RowDataRequest_Headers">
		<wsdl:part name="SignedToken" element="tns:SignedToken"/>
	</wsdl:message>
	<wsdl:message name="RowDataResponse">
		<wsdl:part name="parameters" element="tns:RowDataResponse"/>
	</wsdl:message>
	<wsdl:message name="WipeRequest">
		<wsdl:part name="parameters" element="tns:WipeRequest"/>
	</wsdl:message>
	<wsdl:message name="WipeRequest_Headers">
		<wsdl:part name="SignedToken" element="tns:SignedToken"/>
	</wsdl:message>
	<wsdl:message name="WipeResponse">
		<wsdl:part name="parameters" element="tns:WipeResponse"/>
	</wsdl:message>
	<wsdl:message name="ReplicationCompletedRequest">
		<wsdl:part name="parameters" element="tns:ReplicationCompletedRequest"/>
	</wsdl:message>
	<wsdl:message name="ReplicationCompletedRequest_Headers">
		<wsdl:part name="SignedToken" element="tns:SignedToken"/>
	</wsdl:message>
	<wsdl:message name="ReplicationCompletedResponse">
		<wsdl:part name="parameters" element="tns:ReplicationCompletedResponse"/>
	</wsdl:message>
	<wsdl:portType name="IMirroringClientService">
		<wsdl:operation name="Authenticate">
			<wsdl:input wsaw:Action="http://www.superoffice.com/online/mirroring/0.1/IMirroringClientService/Authenticate" name="AuthenticateRequest" message="tns:AuthenticateRequest"/>
			<wsdl:output wsaw:Action="http://www.superoffice.com/online/mirroring/0.1/IMirroringClientService/AuthenticateResponse" name="AuthenticateResponse" message="tns:AuthenticateResponse"/>
		</wsdl:operation>
		<wsdl:operation name="TableSchema">
			<wsdl:input wsaw:Action="http://www.superoffice.com/online/mirroring/0.1/IMirroringClientService/TableSchema" name="TableSchemaRequest" message="tns:TableSchemaRequest"/>
			<wsdl:output wsaw:Action="http://www.superoffice.com/online/mirroring/0.1/IMirroringClientService/TableSchemaResponse" name="TableSchemaResponse" message="tns:TableSchemaResponse"/>
		</wsdl:operation>
		<wsdl:operation name="RowData">
			<wsdl:input wsaw:Action="http://www.superoffice.com/online/mirroring/0.1/IMirroringClientService/RowData" name="RowDataRequest" message="tns:RowDataRequest"/>
			<wsdl:output wsaw:Action="http://www.superoffice.com/online/mirroring/0.1/IMirroringClientService/RowDataResponse" name="RowDataResponse" message="tns:RowDataResponse"/>
		</wsdl:operation>
		<wsdl:operation name="Wipe">
			<wsdl:input wsaw:Action="http://www.superoffice.com/online/mirroring/0.1/IMirroringClientService/Wipe" name="WipeRequest" message="tns:WipeRequest"/>
			<wsdl:output wsaw:Action="http://www.superoffice.com/online/mirroring/0.1/IMirroringClientService/WipeResponse" name="WipeResponse" message="tns:WipeResponse"/>
		</wsdl:operation>
		<wsdl:operation name="ReplicationCompleted">
			<wsdl:input wsaw:Action="http://www.superoffice.com/online/mirroring/0.1/IMirroringClientService/ReplicationCompleted" name="ReplicationCompletedRequest" message="tns:ReplicationCompletedRequest"/>
			<wsdl:output wsaw:Action="http://www.superoffice.com/online/mirroring/0.1/IMirroringClientService/ReplicationCompletedResponse" name="ReplicationCompletedResponse" message="tns:ReplicationCompletedResponse"/>
		</wsdl:operation>
	</wsdl:portType>
	<wsdl:binding name="BasicHttpsBinding_IMirroringClientService" type="tns:IMirroringClientService">
		<wsp:PolicyReference URI="#BasicHttpsBinding_IMirroringClientService_policy"/>
		<soap:binding transport="http://schemas.xmlsoap.org/soap/http"/>
		<wsdl:operation name="Authenticate">
			<soap:operation soapAction="http://www.superoffice.com/online/mirroring/0.1/IMirroringClientService/Authenticate" style="document"/>
			<wsdl:input name="AuthenticateRequest">
				<soap:header message="tns:AuthenticateRequest_Headers" part="SignedToken" use="literal"/>
				<soap:body use="literal"/>
			</wsdl:input>
			<wsdl:output name="AuthenticateResponse">
				<soap:body use="literal"/>
			</wsdl:output>
		</wsdl:operation>
		<wsdl:operation name="TableSchema">
			<soap:operation soapAction="http://www.superoffice.com/online/mirroring/0.1/IMirroringClientService/TableSchema" style="document"/>
			<wsdl:input name="TableSchemaRequest">
				<soap:header message="tns:TableSchemaRequest_Headers" part="SignedToken" use="literal"/>
				<soap:body use="literal"/>
			</wsdl:input>
			<wsdl:output name="TableSchemaResponse">
				<soap:body use="literal"/>
			</wsdl:output>
		</wsdl:operation>
		<wsdl:operation name="RowData">
			<soap:operation soapAction="http://www.superoffice.com/online/mirroring/0.1/IMirroringClientService/RowData" style="document"/>
			<wsdl:input name="RowDataRequest">
				<soap:header message="tns:RowDataRequest_Headers" part="SignedToken" use="literal"/>
				<soap:body use="literal"/>
			</wsdl:input>
			<wsdl:output name="RowDataResponse">
				<soap:body use="literal"/>
			</wsdl:output>
		</wsdl:operation>
		<wsdl:operation name="Wipe">
			<soap:operation soapAction="http://www.superoffice.com/online/mirroring/0.1/IMirroringClientService/Wipe" style="document"/>
			<wsdl:input name="WipeRequest">
				<soap:header message="tns:WipeRequest_Headers" part="SignedToken" use="literal"/>
				<soap:body use="literal"/>
			</wsdl:input>
			<wsdl:output name="WipeResponse">
				<soap:body use="literal"/>
			</wsdl:output>
		</wsdl:operation>
		<wsdl:operation name="ReplicationCompleted">
			<soap:operation soapAction="http://www.superoffice.com/online/mirroring/0.1/IMirroringClientService/ReplicationCompleted" style="document"/>
			<wsdl:input name="ReplicationCompletedRequest">
				<soap:header message="tns:ReplicationCompletedRequest_Headers" part="SignedToken" use="literal"/>
				<soap:body use="literal"/>
			</wsdl:input>
			<wsdl:output name="ReplicationCompletedResponse">
				<soap:body use="literal"/>
			</wsdl:output>
		</wsdl:operation>
	</wsdl:binding>
	<wsdl:service name="MirroringClientService">
		<wsdl:port name="BasicHttpsBinding_IMirroringClientService" binding="tns:BasicHttpsBinding_IMirroringClientService">
			<soap:address location="https://localhost:44334/MirroringClientService.svc"/>
		</wsdl:port>
	</wsdl:service>
</wsdl:definitions>