<?xml version="1.0" encoding="utf-8"?><wsdl:definitions name="WcfRelationService" targetNamespace="http://www.superoffice.net/ws/crm/NetServer/Services87" xmlns:wsdl="http://schemas.xmlsoap.org/wsdl/" xmlns:wsap="http://schemas.xmlsoap.org/ws/2004/08/addressing/policy" xmlns:wsa10="http://www.w3.org/2005/08/addressing" xmlns:tns="http://www.superoffice.net/ws/crm/NetServer/Services87" xmlns:msc="http://schemas.microsoft.com/ws/2005/12/wsdl/contract" xmlns:soapenc="http://schemas.xmlsoap.org/soap/encoding/" xmlns:wsx="http://schemas.xmlsoap.org/ws/2004/09/mex" xmlns:soap="http://schemas.xmlsoap.org/wsdl/soap/" xmlns:wsam="http://www.w3.org/2007/05/addressing/metadata" xmlns:wsa="http://schemas.xmlsoap.org/ws/2004/08/addressing" xmlns:wsp="http://schemas.xmlsoap.org/ws/2004/09/policy" xmlns:wsaw="http://www.w3.org/2006/05/addressing/wsdl" xmlns:soap12="http://schemas.xmlsoap.org/wsdl/soap12/" xmlns:wsu="http://docs.oasis-open.org/wss/2004/01/oasis-200401-wss-wssecurity-utility-1.0.xsd" xmlns:xsd="http://www.w3.org/2001/XMLSchema"><wsdl:types><xs:schema elementFormDefault="qualified" targetNamespace="http://www.superoffice.net/ws/crm/NetServer/Services87" xmlns:xs="http://www.w3.org/2001/XMLSchema"><xs:element name="CreateDefaultContactRelationEntity"><xs:complexType><xs:sequence/></xs:complexType></xs:element><xs:element name="ApplicationToken" nillable="true" type="xs:string"/><xs:complexType name="SoCredentials"><xs:sequence><xs:element minOccurs="0" name="Ticket" nillable="true" type="xs:string"/></xs:sequence></xs:complexType><xs:element name="SoCredentials" nillable="true" type="tns:SoCredentials"/><xs:element name="Credentials" nillable="true" type="tns:SoCredentials"/><xs:complexType name="SoTimeZone"><xs:sequence><xs:element minOccurs="0" name="SoTimeZoneId" type="xs:int"/><xs:element minOccurs="0" name="SoTimeZoneLocationCode" nillable="true" type="xs:string"/></xs:sequence></xs:complexType><xs:element name="SoTimeZone" nillable="true" type="tns:SoTimeZone"/><xs:element name="TimeZone" nillable="true" type="tns:SoTimeZone"/><xs:element name="CreateDefaultContactRelationEntityResponse"><xs:complexType><xs:sequence><xs:element minOccurs="0" name="Response" nillable="true" type="tns:ContactRelationEntity"/></xs:sequence></xs:complexType></xs:element><xs:complexType name="ContactRelationEntity"><xs:complexContent mixed="false"><xs:extension base="tns:Carrier"><xs:sequence><xs:element minOccurs="0" name="SourceContactId" type="xs:int"/><xs:element minOccurs="0" name="SourcePersonId" type="xs:int"/><xs:element minOccurs="0" name="DestinationContactId" type="xs:int"/><xs:element minOccurs="0" name="DestinationPersonId" type="xs:int"/><xs:element minOccurs="0" name="RelationId" type="xs:int"/><xs:element minOccurs="0" name="Comment" nillable="true" type="xs:string"/><xs:element minOccurs="0" name="RelationDefinitionId" type="xs:int"/><xs:element minOccurs="0" name="Reversed" type="xs:short"/><xs:element minOccurs="0" name="UpdatedDate" type="xs:dateTime"/><xs:element minOccurs="0" name="CreatedDate" type="xs:dateTime"/><xs:element minOccurs="0" name="CreatedBy" nillable="true" type="tns:Associate"/><xs:element minOccurs="0" name="UpdatedBy" nillable="true" type="tns:Associate"/><xs:element minOccurs="0" name="SourceContactName" nillable="true" type="xs:string"/><xs:element minOccurs="0" name="SourcePersonName" nillable="true" type="xs:string"/><xs:element minOccurs="0" name="DestinationContactName" nillable="true" type="xs:string"/><xs:element minOccurs="0" name="DestinationPersonName" nillable="true" type="xs:string"/><xs:element minOccurs="0" name="ActiveText" nillable="true" type="xs:string"/><xs:element minOccurs="0" name="PassiveText" nillable="true" type="xs:string"/></xs:sequence></xs:extension></xs:complexContent></xs:complexType><xs:element name="ContactRelationEntity" nillable="true" type="tns:ContactRelationEntity"/><xs:complexType name="Carrier"><xs:sequence><xs:element minOccurs="0" name="TableRight" nillable="true" type="tns:TableRight"/><xs:element minOccurs="0" name="FieldProperties" nillable="true" type="tns:FieldPropertyDictionary"/></xs:sequence></xs:complexType><xs:element name="Carrier" nillable="true" type="tns:Carrier"/><xs:complexType name="TableRight"><xs:sequence><xs:element minOccurs="0" name="Mask" type="tns:ETableRight"/><xs:element minOccurs="0" name="Reason" nillable="true" type="xs:string"/></xs:sequence></xs:complexType><xs:element name="TableRight" nillable="true" type="tns:TableRight"/><xs:simpleType name="ETableRight"><xs:list><xs:simpleType><xs:restriction base="xs:string"><xs:enumeration value="Select"/><xs:enumeration value="Update"/><xs:enumeration value="Insert"/><xs:enumeration value="Delete"/><xs:enumeration value="Filtering"/><xs:enumeration value="RestrictedUpdate"/></xs:restriction></xs:simpleType></xs:list></xs:simpleType><xs:element name="ETableRight" nillable="true" type="tns:ETableRight"/><xs:complexType name="FieldPropertyDictionary"><xs:annotation><xs:appinfo><IsDictionary xmlns="http://schemas.microsoft.com/2003/10/Serialization/">true</IsDictionary></xs:appinfo></xs:annotation><xs:sequence><xs:element minOccurs="0" maxOccurs="unbounded" name="FieldPropertyDictionaryKeyValuePair"><xs:complexType><xs:sequence><xs:element name="Key" nillable="true" type="xs:string"/><xs:element name="Value" nillable="true" type="tns:FieldProperty"/></xs:sequence></xs:complexType></xs:element></xs:sequence></xs:complexType><xs:element name="FieldPropertyDictionary" nillable="true" type="tns:FieldPropertyDictionary"/><xs:complexType name="FieldProperty"><xs:sequence><xs:element minOccurs="0" name="FieldRight" nillable="true" type="tns:FieldRight"/><xs:element minOccurs="0" name="FieldType" nillable="true" type="xs:string"/><xs:element minOccurs="0" name="FieldLength" type="xs:int"/></xs:sequence></xs:complexType><xs:element name="FieldProperty" nillable="true" type="tns:FieldProperty"/><xs:complexType name="FieldRight"><xs:sequence><xs:element minOccurs="0" name="Mask" type="tns:EFieldRight"/><xs:element minOccurs="0" name="Reason" nillable="true" type="xs:string"/></xs:sequence></xs:complexType><xs:element name="FieldRight" nillable="true" type="tns:FieldRight"/><xs:simpleType name="EFieldRight"><xs:list><xs:simpleType><xs:restriction base="xs:string"><xs:enumeration value="Read"/><xs:enumeration value="Write"/><xs:enumeration value="Unused1"/><xs:enumeration value="Unused2"/><xs:enumeration value="Unused3"/><xs:enumeration value="Unused4"/><xs:enumeration value="UIHintMandatory"/><xs:enumeration value="UIHintReadOnly"/><xs:enumeration value="UndefinedValue256"/></xs:restriction></xs:simpleType></xs:list></xs:simpleType><xs:element name="EFieldRight" nillable="true" type="tns:EFieldRight"/><xs:complexType name="Associate"><xs:complexContent mixed="false"><xs:extension base="tns:Carrier"><xs:sequence><xs:element minOccurs="0" name="AssociateId" type="xs:int"/><xs:element minOccurs="0" name="Name" nillable="true" type="xs:string"/><xs:element minOccurs="0" name="PersonId" type="xs:int"/><xs:element minOccurs="0" name="Rank" type="xs:short"/><xs:element minOccurs="0" name="Tooltip" nillable="true" type="xs:string"/><xs:element minOccurs="0" name="Type" type="tns:UserType"/><xs:element minOccurs="0" name="GroupIdx" type="xs:int"/><xs:element minOccurs="0" name="FullName" nillable="true" type="xs:string"/><xs:element minOccurs="0" name="FormalName" nillable="true" type="xs:string"/><xs:element minOccurs="0" name="Deleted" type="xs:boolean"/><xs:element minOccurs="0" name="EjUserId" type="xs:int"/><xs:element minOccurs="0" name="UserName" nillable="true" type="xs:string"/></xs:sequence></xs:extension></xs:complexContent></xs:complexType><xs:element name="Associate" nillable="true" type="tns:Associate"/><xs:simpleType name="UserType"><xs:restriction base="xs:string"><xs:enumeration value="Unknown"/><xs:enumeration value="InternalAssociate"/><xs:enumeration value="ResourceAssociate"/><xs:enumeration value="ExternalAssociate"/><xs:enumeration value="AnonymousAssociate"/><xs:enumeration value="SystemAssociate"/></xs:restriction></xs:simpleType><xs:element name="UserType" nillable="true" type="tns:UserType"/><xs:complexType name="SoExceptionInfo"><xs:sequence><xs:element minOccurs="0" name="Message" nillable="true" type="xs:string"/><xs:element minOccurs="0" name="StackTrace" nillable="true" type="xs:string"/><xs:element minOccurs="0" name="FriendlyText" nillable="true" type="xs:string"/><xs:element minOccurs="0" name="ExceptionType" nillable="true" type="xs:string"/><xs:element minOccurs="0" name="Source" nillable="true" type="xs:string"/><xs:element minOccurs="0" name="InnerException" nillable="true" type="tns:SoExceptionInfo"/><xs:element minOccurs="0" name="Parameters" nillable="true" type="tns:SoExceptionInfoParameters"/></xs:sequence></xs:complexType><xs:element name="SoExceptionInfo" nillable="true" type="tns:SoExceptionInfo"/><xs:complexType name="SoExceptionInfoParameters"><xs:annotation><xs:appinfo><IsDictionary xmlns="http://schemas.microsoft.com/2003/10/Serialization/">true</IsDictionary></xs:appinfo></xs:annotation><xs:sequence><xs:element minOccurs="0" maxOccurs="unbounded" name="SoExceptionInfoParametersKeyValuePair"><xs:complexType><xs:sequence><xs:element name="Key" nillable="true" type="xs:string"/><xs:element name="Value" nillable="true" type="xs:string"/></xs:sequence></xs:complexType></xs:element></xs:sequence></xs:complexType><xs:element name="SoExceptionInfoParameters" nillable="true" type="tns:SoExceptionInfoParameters"/><xs:element name="ExceptionInfo" nillable="true" type="tns:SoExceptionInfo"/><xs:complexType name="SoExtraInfo"><xs:annotation><xs:appinfo><IsDictionary xmlns="http://schemas.microsoft.com/2003/10/Serialization/">true</IsDictionary></xs:appinfo></xs:annotation><xs:sequence><xs:element minOccurs="0" maxOccurs="unbounded" name="ExtraInfoNameValuePair"><xs:complexType><xs:sequence><xs:element name="Key" nillable="true" type="xs:string"/><xs:element name="Value" nillable="true" type="xs:string"/></xs:sequence></xs:complexType></xs:element></xs:sequence></xs:complexType><xs:element name="SoExtraInfo" nillable="true" type="tns:SoExtraInfo"/><xs:element name="ExtraInfo" nillable="true" type="tns:SoExtraInfo"/><xs:element name="Succeeded" type="xs:boolean"/><xs:element name="GetContactRelationEntity"><xs:complexType><xs:sequence><xs:element minOccurs="0" name="ContactRelationEntityId" type="xs:int"/></xs:sequence></xs:complexType></xs:element><xs:element name="GetContactRelationEntityResponse"><xs:complexType><xs:sequence><xs:element minOccurs="0" name="Response" nillable="true" type="tns:ContactRelationEntity"/></xs:sequence></xs:complexType></xs:element><xs:element name="SaveContactRelation"><xs:complexType><xs:sequence><xs:element minOccurs="0" name="ContactRelationEntity" nillable="true" type="tns:ContactRelationEntity"/></xs:sequence></xs:complexType></xs:element><xs:element name="SaveContactRelationResponse"><xs:complexType><xs:sequence><xs:element minOccurs="0" name="Response" nillable="true" type="tns:ContactRelationEntity"/></xs:sequence></xs:complexType></xs:element><xs:element name="DeleteContactRelation"><xs:complexType><xs:sequence><xs:element minOccurs="0" name="ContactRelationEntityId" type="xs:int"/></xs:sequence></xs:complexType></xs:element><xs:element name="DeleteContactRelationResponse"><xs:complexType><xs:sequence/></xs:complexType></xs:element></xs:schema><xs:schema attributeFormDefault="qualified" elementFormDefault="qualified" targetNamespace="http://schemas.microsoft.com/2003/10/Serialization/" xmlns:xs="http://www.w3.org/2001/XMLSchema" xmlns:tns="http://schemas.microsoft.com/2003/10/Serialization/"><xs:element name="anyType" nillable="true" type="xs:anyType"/><xs:element name="anyURI" nillable="true" type="xs:anyURI"/><xs:element name="base64Binary" nillable="true" type="xs:base64Binary"/><xs:element name="boolean" nillable="true" type="xs:boolean"/><xs:element name="byte" nillable="true" type="xs:byte"/><xs:element name="dateTime" nillable="true" type="xs:dateTime"/><xs:element name="decimal" nillable="true" type="xs:decimal"/><xs:element name="double" nillable="true" type="xs:double"/><xs:element name="float" nillable="true" type="xs:float"/><xs:element name="int" nillable="true" type="xs:int"/><xs:element name="long" nillable="true" type="xs:long"/><xs:element name="QName" nillable="true" type="xs:QName"/><xs:element name="short" nillable="true" type="xs:short"/><xs:element name="string" nillable="true" type="xs:string"/><xs:element name="unsignedByte" nillable="true" type="xs:unsignedByte"/><xs:element name="unsignedInt" nillable="true" type="xs:unsignedInt"/><xs:element name="unsignedLong" nillable="true" type="xs:unsignedLong"/><xs:element name="unsignedShort" nillable="true" type="xs:unsignedShort"/><xs:element name="char" nillable="true" type="tns:char"/><xs:simpleType name="char"><xs:restriction base="xs:int"/></xs:simpleType><xs:element name="duration" nillable="true" type="tns:duration"/><xs:simpleType name="duration"><xs:restriction base="xs:duration"><xs:pattern value="\-?P(\d*D)?(T(\d*H)?(\d*M)?(\d*(\.\d*)?S)?)?"/><xs:minInclusive value="-P10675199DT2H48M5.4775808S"/><xs:maxInclusive value="P10675199DT2H48M5.4775807S"/></xs:restriction></xs:simpleType><xs:element name="guid" nillable="true" type="tns:guid"/><xs:simpleType name="guid"><xs:restriction base="xs:string"><xs:pattern value="[\da-fA-F]{8}-[\da-fA-F]{4}-[\da-fA-F]{4}-[\da-fA-F]{4}-[\da-fA-F]{12}"/></xs:restriction></xs:simpleType><xs:attribute name="FactoryType" type="xs:QName"/><xs:attribute name="Id" type="xs:ID"/><xs:attribute name="Ref" type="xs:IDREF"/></xs:schema></wsdl:types><wsdl:message name="CreateDefaultContactRelationEntityRequest"><wsdl:part name="parameters" element="tns:CreateDefaultContactRelationEntity"/></wsdl:message><wsdl:message name="CreateDefaultContactRelationEntityRequest_Headers"><wsdl:part name="ApplicationToken" element="tns:ApplicationToken"/><wsdl:part name="Credentials" element="tns:Credentials"/><wsdl:part name="TimeZone" element="tns:TimeZone"/></wsdl:message><wsdl:message name="CreateDefaultContactRelationEntityResponse"><wsdl:part name="parameters" element="tns:CreateDefaultContactRelationEntityResponse"/></wsdl:message><wsdl:message name="CreateDefaultContactRelationEntityResponse_Headers"><wsdl:part name="ExceptionInfo" element="tns:ExceptionInfo"/><wsdl:part name="ExtraInfo" element="tns:ExtraInfo"/><wsdl:part name="Succeeded" element="tns:Succeeded"/><wsdl:part name="TimeZone" element="tns:TimeZone"/></wsdl:message><wsdl:message name="GetContactRelationEntityRequest"><wsdl:part name="parameters" element="tns:GetContactRelationEntity"/></wsdl:message><wsdl:message name="GetContactRelationEntityRequest_Headers"><wsdl:part name="ApplicationToken" element="tns:ApplicationToken"/><wsdl:part name="Credentials" element="tns:Credentials"/><wsdl:part name="TimeZone" element="tns:TimeZone"/></wsdl:message><wsdl:message name="GetContactRelationEntityResponse"><wsdl:part name="parameters" element="tns:GetContactRelationEntityResponse"/></wsdl:message><wsdl:message name="GetContactRelationEntityResponse_Headers"><wsdl:part name="ExceptionInfo" element="tns:ExceptionInfo"/><wsdl:part name="ExtraInfo" element="tns:ExtraInfo"/><wsdl:part name="Succeeded" element="tns:Succeeded"/><wsdl:part name="TimeZone" element="tns:TimeZone"/></wsdl:message><wsdl:message name="SaveContactRelationRequest"><wsdl:part name="parameters" element="tns:SaveContactRelation"/></wsdl:message><wsdl:message name="SaveContactRelationRequest_Headers"><wsdl:part name="ApplicationToken" element="tns:ApplicationToken"/><wsdl:part name="Credentials" element="tns:Credentials"/><wsdl:part name="TimeZone" element="tns:TimeZone"/></wsdl:message><wsdl:message name="SaveContactRelationResponse"><wsdl:part name="parameters" element="tns:SaveContactRelationResponse"/></wsdl:message><wsdl:message name="SaveContactRelationResponse_Headers"><wsdl:part name="ExceptionInfo" element="tns:ExceptionInfo"/><wsdl:part name="ExtraInfo" element="tns:ExtraInfo"/><wsdl:part name="Succeeded" element="tns:Succeeded"/><wsdl:part name="TimeZone" element="tns:TimeZone"/></wsdl:message><wsdl:message name="DeleteContactRelationRequest"><wsdl:part name="parameters" element="tns:DeleteContactRelation"/></wsdl:message><wsdl:message name="DeleteContactRelationRequest_Headers"><wsdl:part name="ApplicationToken" element="tns:ApplicationToken"/><wsdl:part name="Credentials" element="tns:Credentials"/><wsdl:part name="TimeZone" element="tns:TimeZone"/></wsdl:message><wsdl:message name="DeleteContactRelationResponse"><wsdl:part name="parameters" element="tns:DeleteContactRelationResponse"/></wsdl:message><wsdl:message name="DeleteContactRelationResponse_Headers"><wsdl:part name="ExceptionInfo" element="tns:ExceptionInfo"/><wsdl:part name="ExtraInfo" element="tns:ExtraInfo"/><wsdl:part name="Succeeded" element="tns:Succeeded"/><wsdl:part name="TimeZone" element="tns:TimeZone"/></wsdl:message><wsdl:portType name="Relation"><wsdl:documentation><summary>Declaration of Wcf web services for Relation</summary></wsdl:documentation><wsdl:operation name="CreateDefaultContactRelationEntity"><wsdl:documentation><summary>Loading default values into a new ContactRelationEntity.  NetServer calculates default values (e.g. Country) on the entity, which is required when creating/storing a new instance.</summary></wsdl:documentation><wsdl:input wsaw:Action="http://www.superoffice.net/ws/crm/NetServer/Services87/Relation/CreateDefaultContactRelationEntity" name="CreateDefaultContactRelationEntityRequest" message="tns:CreateDefaultContactRelationEntityRequest"/><wsdl:output wsaw:Action="http://www.superoffice.net/ws/crm/NetServer/Services87/Relation/CreateDefaultContactRelationEntityResponse" name="CreateDefaultContactRelationEntityResponse" message="tns:CreateDefaultContactRelationEntityResponse"/></wsdl:operation><wsdl:operation name="GetContactRelationEntity"><wsdl:documentation><summary>Gets a ContactRelationEntity object..</summary></wsdl:documentation><wsdl:input wsaw:Action="http://www.superoffice.net/ws/crm/NetServer/Services87/Relation/GetContactRelationEntity" name="GetContactRelationEntityRequest" message="tns:GetContactRelationEntityRequest"/><wsdl:output wsaw:Action="http://www.superoffice.net/ws/crm/NetServer/Services87/Relation/GetContactRelationEntityResponse" name="GetContactRelationEntityResponse" message="tns:GetContactRelationEntityResponse"/></wsdl:operation><wsdl:operation name="SaveContactRelation"><wsdl:documentation><summary>Creates a new or updates an existing contact relation.</summary></wsdl:documentation><wsdl:input wsaw:Action="http://www.superoffice.net/ws/crm/NetServer/Services87/Relation/SaveContactRelation" name="SaveContactRelationRequest" message="tns:SaveContactRelationRequest"/><wsdl:output wsaw:Action="http://www.superoffice.net/ws/crm/NetServer/Services87/Relation/SaveContactRelationResponse" name="SaveContactRelationResponse" message="tns:SaveContactRelationResponse"/></wsdl:operation><wsdl:operation name="DeleteContactRelation"><wsdl:documentation><summary>Deletes the spesified contact relation.</summary></wsdl:documentation><wsdl:input wsaw:Action="http://www.superoffice.net/ws/crm/NetServer/Services87/Relation/DeleteContactRelation" name="DeleteContactRelationRequest" message="tns:DeleteContactRelationRequest"/><wsdl:output wsaw:Action="http://www.superoffice.net/ws/crm/NetServer/Services87/Relation/DeleteContactRelationResponse" name="DeleteContactRelationResponse" message="tns:DeleteContactRelationResponse"/></wsdl:operation></wsdl:portType><wsdl:binding name="BasicHttpBinding_Relation" type="tns:Relation"><soap:binding transport="http://schemas.xmlsoap.org/soap/http"/><wsdl:operation name="CreateDefaultContactRelationEntity"><soap:operation soapAction="http://www.superoffice.net/ws/crm/NetServer/Services87/Relation/CreateDefaultContactRelationEntity" style="document"/><wsdl:input name="CreateDefaultContactRelationEntityRequest"><soap:header message="tns:CreateDefaultContactRelationEntityRequest_Headers" part="ApplicationToken" use="literal"/><soap:header message="tns:CreateDefaultContactRelationEntityRequest_Headers" part="Credentials" use="literal"/><soap:header message="tns:CreateDefaultContactRelationEntityRequest_Headers" part="TimeZone" use="literal"/><soap:body use="literal"/></wsdl:input><wsdl:output name="CreateDefaultContactRelationEntityResponse"><soap:header message="tns:CreateDefaultContactRelationEntityResponse_Headers" part="ExceptionInfo" use="literal"/><soap:header message="tns:CreateDefaultContactRelationEntityResponse_Headers" part="ExtraInfo" use="literal"/><soap:header message="tns:CreateDefaultContactRelationEntityResponse_Headers" part="Succeeded" use="literal"/><soap:header message="tns:CreateDefaultContactRelationEntityResponse_Headers" part="TimeZone" use="literal"/><soap:body use="literal"/></wsdl:output></wsdl:operation><wsdl:operation name="GetContactRelationEntity"><soap:operation soapAction="http://www.superoffice.net/ws/crm/NetServer/Services87/Relation/GetContactRelationEntity" style="document"/><wsdl:input name="GetContactRelationEntityRequest"><soap:header message="tns:GetContactRelationEntityRequest_Headers" part="ApplicationToken" use="literal"/><soap:header message="tns:GetContactRelationEntityRequest_Headers" part="Credentials" use="literal"/><soap:header message="tns:GetContactRelationEntityRequest_Headers" part="TimeZone" use="literal"/><soap:body use="literal"/></wsdl:input><wsdl:output name="GetContactRelationEntityResponse"><soap:header message="tns:GetContactRelationEntityResponse_Headers" part="ExceptionInfo" use="literal"/><soap:header message="tns:GetContactRelationEntityResponse_Headers" part="ExtraInfo" use="literal"/><soap:header message="tns:GetContactRelationEntityResponse_Headers" part="Succeeded" use="literal"/><soap:header message="tns:GetContactRelationEntityResponse_Headers" part="TimeZone" use="literal"/><soap:body use="literal"/></wsdl:output></wsdl:operation><wsdl:operation name="SaveContactRelation"><soap:operation soapAction="http://www.superoffice.net/ws/crm/NetServer/Services87/Relation/SaveContactRelation" style="document"/><wsdl:input name="SaveContactRelationRequest"><soap:header message="tns:SaveContactRelationRequest_Headers" part="ApplicationToken" use="literal"/><soap:header message="tns:SaveContactRelationRequest_Headers" part="Credentials" use="literal"/><soap:header message="tns:SaveContactRelationRequest_Headers" part="TimeZone" use="literal"/><soap:body use="literal"/></wsdl:input><wsdl:output name="SaveContactRelationResponse"><soap:header message="tns:SaveContactRelationResponse_Headers" part="ExceptionInfo" use="literal"/><soap:header message="tns:SaveContactRelationResponse_Headers" part="ExtraInfo" use="literal"/><soap:header message="tns:SaveContactRelationResponse_Headers" part="Succeeded" use="literal"/><soap:header message="tns:SaveContactRelationResponse_Headers" part="TimeZone" use="literal"/><soap:body use="literal"/></wsdl:output></wsdl:operation><wsdl:operation name="DeleteContactRelation"><soap:operation soapAction="http://www.superoffice.net/ws/crm/NetServer/Services87/Relation/DeleteContactRelation" style="document"/><wsdl:input name="DeleteContactRelationRequest"><soap:header message="tns:DeleteContactRelationRequest_Headers" part="ApplicationToken" use="literal"/><soap:header message="tns:DeleteContactRelationRequest_Headers" part="Credentials" use="literal"/><soap:header message="tns:DeleteContactRelationRequest_Headers" part="TimeZone" use="literal"/><soap:body use="literal"/></wsdl:input><wsdl:output name="DeleteContactRelationResponse"><soap:header message="tns:DeleteContactRelationResponse_Headers" part="ExceptionInfo" use="literal"/><soap:header message="tns:DeleteContactRelationResponse_Headers" part="ExtraInfo" use="literal"/><soap:header message="tns:DeleteContactRelationResponse_Headers" part="Succeeded" use="literal"/><soap:header message="tns:DeleteContactRelationResponse_Headers" part="TimeZone" use="literal"/><soap:body use="literal"/></wsdl:output></wsdl:operation></wsdl:binding><wsdl:service name="WcfRelationService"><wsdl:port name="BasicHttpBinding_Relation" binding="tns:BasicHttpBinding_Relation"><soap:address location="https://sod.superoffice.com/Cust12345/Remote/Services87/Relation.svc"/></wsdl:port></wsdl:service></wsdl:definitions>