<?xml version="1.0" encoding="utf-8"?><wsdl:definitions name="WcfChatService" targetNamespace="http://www.superoffice.net/ws/crm/NetServer/Services87" xmlns:wsdl="http://schemas.xmlsoap.org/wsdl/" xmlns:wsap="http://schemas.xmlsoap.org/ws/2004/08/addressing/policy" xmlns:wsa10="http://www.w3.org/2005/08/addressing" xmlns:tns="http://www.superoffice.net/ws/crm/NetServer/Services87" xmlns:msc="http://schemas.microsoft.com/ws/2005/12/wsdl/contract" xmlns:soapenc="http://schemas.xmlsoap.org/soap/encoding/" xmlns:wsx="http://schemas.xmlsoap.org/ws/2004/09/mex" xmlns:soap="http://schemas.xmlsoap.org/wsdl/soap/" xmlns:wsam="http://www.w3.org/2007/05/addressing/metadata" xmlns:wsa="http://schemas.xmlsoap.org/ws/2004/08/addressing" xmlns:wsp="http://schemas.xmlsoap.org/ws/2004/09/policy" xmlns:wsaw="http://www.w3.org/2006/05/addressing/wsdl" xmlns:soap12="http://schemas.xmlsoap.org/wsdl/soap12/" xmlns:wsu="http://docs.oasis-open.org/wss/2004/01/oasis-200401-wss-wssecurity-utility-1.0.xsd" xmlns:xsd="http://www.w3.org/2001/XMLSchema"><wsdl:types><xs:schema elementFormDefault="qualified" targetNamespace="http://www.superoffice.net/ws/crm/NetServer/Services87" xmlns:xs="http://www.w3.org/2001/XMLSchema"><xs:import namespace="http://schemas.microsoft.com/2003/10/Serialization/Arrays"/><xs:element name="GetChatPresence"><xs:complexType><xs:sequence/></xs:complexType></xs:element><xs:element name="ApplicationToken" nillable="true" type="xs:string"/><xs:complexType name="SoCredentials"><xs:sequence><xs:element minOccurs="0" name="Ticket" nillable="true" type="xs:string"/></xs:sequence></xs:complexType><xs:element name="SoCredentials" nillable="true" type="tns:SoCredentials"/><xs:element name="Credentials" nillable="true" type="tns:SoCredentials"/><xs:complexType name="SoTimeZone"><xs:sequence><xs:element minOccurs="0" name="SoTimeZoneId" type="xs:int"/><xs:element minOccurs="0" name="SoTimeZoneLocationCode" nillable="true" type="xs:string"/></xs:sequence></xs:complexType><xs:element name="SoTimeZone" nillable="true" type="tns:SoTimeZone"/><xs:element name="TimeZone" nillable="true" type="tns:SoTimeZone"/><xs:element name="GetChatPresenceResponse"><xs:complexType><xs:sequence><xs:element minOccurs="0" name="Response" nillable="true" type="tns:ArrayOfChatPresence"/></xs:sequence></xs:complexType></xs:element><xs:complexType name="ArrayOfChatPresence"><xs:sequence><xs:element minOccurs="0" maxOccurs="unbounded" name="ChatPresence" nillable="true" type="tns:ChatPresence"/></xs:sequence></xs:complexType><xs:element name="ArrayOfChatPresence" nillable="true" type="tns:ArrayOfChatPresence"/><xs:complexType name="ChatPresence"><xs:complexContent mixed="false"><xs:extension base="tns:Carrier"><xs:sequence><xs:element minOccurs="0" name="UserId" type="xs:int"/><xs:element minOccurs="0" name="DisplayName" nillable="true" type="xs:string"/><xs:element minOccurs="0" name="OngoingChats" type="xs:int"/><xs:element minOccurs="0" name="Present" type="xs:boolean"/><xs:element minOccurs="0" name="ChatTopics" nillable="true" type="q1:ArrayOfint" xmlns:q1="http://schemas.microsoft.com/2003/10/Serialization/Arrays"/></xs:sequence></xs:extension></xs:complexContent></xs:complexType><xs:element name="ChatPresence" nillable="true" type="tns:ChatPresence"/><xs:complexType name="Carrier"><xs:sequence><xs:element minOccurs="0" name="TableRight" nillable="true" type="tns:TableRight"/><xs:element minOccurs="0" name="FieldProperties" nillable="true" type="tns:FieldPropertyDictionary"/></xs:sequence></xs:complexType><xs:element name="Carrier" nillable="true" type="tns:Carrier"/><xs:complexType name="TableRight"><xs:sequence><xs:element minOccurs="0" name="Mask" type="tns:ETableRight"/><xs:element minOccurs="0" name="Reason" nillable="true" type="xs:string"/></xs:sequence></xs:complexType><xs:element name="TableRight" nillable="true" type="tns:TableRight"/><xs:simpleType name="ETableRight"><xs:list><xs:simpleType><xs:restriction base="xs:string"><xs:enumeration value="Select"/><xs:enumeration value="Update"/><xs:enumeration value="Insert"/><xs:enumeration value="Delete"/><xs:enumeration value="Filtering"/><xs:enumeration value="RestrictedUpdate"/></xs:restriction></xs:simpleType></xs:list></xs:simpleType><xs:element name="ETableRight" nillable="true" type="tns:ETableRight"/><xs:complexType name="FieldPropertyDictionary"><xs:annotation><xs:appinfo><IsDictionary xmlns="http://schemas.microsoft.com/2003/10/Serialization/">true</IsDictionary></xs:appinfo></xs:annotation><xs:sequence><xs:element minOccurs="0" maxOccurs="unbounded" name="FieldPropertyDictionaryKeyValuePair"><xs:complexType><xs:sequence><xs:element name="Key" nillable="true" type="xs:string"/><xs:element name="Value" nillable="true" type="tns:FieldProperty"/></xs:sequence></xs:complexType></xs:element></xs:sequence></xs:complexType><xs:element name="FieldPropertyDictionary" nillable="true" type="tns:FieldPropertyDictionary"/><xs:complexType name="FieldProperty"><xs:sequence><xs:element minOccurs="0" name="FieldRight" nillable="true" type="tns:FieldRight"/><xs:element minOccurs="0" name="FieldType" nillable="true" type="xs:string"/><xs:element minOccurs="0" name="FieldLength" type="xs:int"/></xs:sequence></xs:complexType><xs:element name="FieldProperty" nillable="true" type="tns:FieldProperty"/><xs:complexType name="FieldRight"><xs:sequence><xs:element minOccurs="0" name="Mask" type="tns:EFieldRight"/><xs:element minOccurs="0" name="Reason" nillable="true" type="xs:string"/></xs:sequence></xs:complexType><xs:element name="FieldRight" nillable="true" type="tns:FieldRight"/><xs:simpleType name="EFieldRight"><xs:list><xs:simpleType><xs:restriction base="xs:string"><xs:enumeration value="Read"/><xs:enumeration value="Write"/><xs:enumeration value="Unused1"/><xs:enumeration value="Unused2"/><xs:enumeration value="Unused3"/><xs:enumeration value="Unused4"/><xs:enumeration value="UIHintMandatory"/><xs:enumeration value="UIHintReadOnly"/><xs:enumeration value="UndefinedValue256"/></xs:restriction></xs:simpleType></xs:list></xs:simpleType><xs:element name="EFieldRight" nillable="true" type="tns:EFieldRight"/><xs:complexType name="SoExceptionInfo"><xs:sequence><xs:element minOccurs="0" name="Message" nillable="true" type="xs:string"/><xs:element minOccurs="0" name="StackTrace" nillable="true" type="xs:string"/><xs:element minOccurs="0" name="FriendlyText" nillable="true" type="xs:string"/><xs:element minOccurs="0" name="ExceptionType" nillable="true" type="xs:string"/><xs:element minOccurs="0" name="Source" nillable="true" type="xs:string"/><xs:element minOccurs="0" name="InnerException" nillable="true" type="tns:SoExceptionInfo"/><xs:element minOccurs="0" name="Parameters" nillable="true" type="tns:SoExceptionInfoParameters"/></xs:sequence></xs:complexType><xs:element name="SoExceptionInfo" nillable="true" type="tns:SoExceptionInfo"/><xs:complexType name="SoExceptionInfoParameters"><xs:annotation><xs:appinfo><IsDictionary xmlns="http://schemas.microsoft.com/2003/10/Serialization/">true</IsDictionary></xs:appinfo></xs:annotation><xs:sequence><xs:element minOccurs="0" maxOccurs="unbounded" name="SoExceptionInfoParametersKeyValuePair"><xs:complexType><xs:sequence><xs:element name="Key" nillable="true" type="xs:string"/><xs:element name="Value" nillable="true" type="xs:string"/></xs:sequence></xs:complexType></xs:element></xs:sequence></xs:complexType><xs:element name="SoExceptionInfoParameters" nillable="true" type="tns:SoExceptionInfoParameters"/><xs:element name="ExceptionInfo" nillable="true" type="tns:SoExceptionInfo"/><xs:complexType name="SoExtraInfo"><xs:annotation><xs:appinfo><IsDictionary xmlns="http://schemas.microsoft.com/2003/10/Serialization/">true</IsDictionary></xs:appinfo></xs:annotation><xs:sequence><xs:element minOccurs="0" maxOccurs="unbounded" name="ExtraInfoNameValuePair"><xs:complexType><xs:sequence><xs:element name="Key" nillable="true" type="xs:string"/><xs:element name="Value" nillable="true" type="xs:string"/></xs:sequence></xs:complexType></xs:element></xs:sequence></xs:complexType><xs:element name="SoExtraInfo" nillable="true" type="tns:SoExtraInfo"/><xs:element name="ExtraInfo" nillable="true" type="tns:SoExtraInfo"/><xs:element name="Succeeded" type="xs:boolean"/><xs:element name="SaveChatPresence"><xs:complexType><xs:sequence><xs:element minOccurs="0" name="ChatPresence" nillable="true" type="tns:ArrayOfChatPresence"/></xs:sequence></xs:complexType></xs:element><xs:element name="SaveChatPresenceResponse"><xs:complexType><xs:sequence/></xs:complexType></xs:element><xs:element name="IsWithinOpeningHours"><xs:complexType><xs:sequence><xs:element minOccurs="0" name="ChatTopicId" type="xs:int"/></xs:sequence></xs:complexType></xs:element><xs:element name="IsWithinOpeningHoursResponse"><xs:complexType><xs:sequence><xs:element minOccurs="0" name="Response" type="xs:boolean"/></xs:sequence></xs:complexType></xs:element></xs:schema><xs:schema attributeFormDefault="qualified" elementFormDefault="qualified" targetNamespace="http://schemas.microsoft.com/2003/10/Serialization/" xmlns:xs="http://www.w3.org/2001/XMLSchema" xmlns:tns="http://schemas.microsoft.com/2003/10/Serialization/"><xs:element name="anyType" nillable="true" type="xs:anyType"/><xs:element name="anyURI" nillable="true" type="xs:anyURI"/><xs:element name="base64Binary" nillable="true" type="xs:base64Binary"/><xs:element name="boolean" nillable="true" type="xs:boolean"/><xs:element name="byte" nillable="true" type="xs:byte"/><xs:element name="dateTime" nillable="true" type="xs:dateTime"/><xs:element name="decimal" nillable="true" type="xs:decimal"/><xs:element name="double" nillable="true" type="xs:double"/><xs:element name="float" nillable="true" type="xs:float"/><xs:element name="int" nillable="true" type="xs:int"/><xs:element name="long" nillable="true" type="xs:long"/><xs:element name="QName" nillable="true" type="xs:QName"/><xs:element name="short" nillable="true" type="xs:short"/><xs:element name="string" nillable="true" type="xs:string"/><xs:element name="unsignedByte" nillable="true" type="xs:unsignedByte"/><xs:element name="unsignedInt" nillable="true" type="xs:unsignedInt"/><xs:element name="unsignedLong" nillable="true" type="xs:unsignedLong"/><xs:element name="unsignedShort" nillable="true" type="xs:unsignedShort"/><xs:element name="char" nillable="true" type="tns:char"/><xs:simpleType name="char"><xs:restriction base="xs:int"/></xs:simpleType><xs:element name="duration" nillable="true" type="tns:duration"/><xs:simpleType name="duration"><xs:restriction base="xs:duration"><xs:pattern value="\-?P(\d*D)?(T(\d*H)?(\d*M)?(\d*(\.\d*)?S)?)?"/><xs:minInclusive value="-P10675199DT2H48M5.4775808S"/><xs:maxInclusive value="P10675199DT2H48M5.4775807S"/></xs:restriction></xs:simpleType><xs:element name="guid" nillable="true" type="tns:guid"/><xs:simpleType name="guid"><xs:restriction base="xs:string"><xs:pattern value="[\da-fA-F]{8}-[\da-fA-F]{4}-[\da-fA-F]{4}-[\da-fA-F]{4}-[\da-fA-F]{12}"/></xs:restriction></xs:simpleType><xs:attribute name="FactoryType" type="xs:QName"/><xs:attribute name="Id" type="xs:ID"/><xs:attribute name="Ref" type="xs:IDREF"/></xs:schema><xs:schema elementFormDefault="qualified" targetNamespace="http://schemas.microsoft.com/2003/10/Serialization/Arrays" xmlns:xs="http://www.w3.org/2001/XMLSchema" xmlns:tns="http://schemas.microsoft.com/2003/10/Serialization/Arrays"><xs:complexType name="ArrayOfint"><xs:sequence><xs:element minOccurs="0" maxOccurs="unbounded" name="int" type="xs:int"/></xs:sequence></xs:complexType><xs:element name="ArrayOfint" nillable="true" type="tns:ArrayOfint"/></xs:schema></wsdl:types><wsdl:message name="GetChatPresenceRequest"><wsdl:part name="parameters" element="tns:GetChatPresence"/></wsdl:message><wsdl:message name="GetChatPresenceRequest_Headers"><wsdl:part name="ApplicationToken" element="tns:ApplicationToken"/><wsdl:part name="Credentials" element="tns:Credentials"/><wsdl:part name="TimeZone" element="tns:TimeZone"/></wsdl:message><wsdl:message name="GetChatPresenceResponse"><wsdl:part name="parameters" element="tns:GetChatPresenceResponse"/></wsdl:message><wsdl:message name="GetChatPresenceResponse_Headers"><wsdl:part name="ExceptionInfo" element="tns:ExceptionInfo"/><wsdl:part name="ExtraInfo" element="tns:ExtraInfo"/><wsdl:part name="Succeeded" element="tns:Succeeded"/><wsdl:part name="TimeZone" element="tns:TimeZone"/></wsdl:message><wsdl:message name="SaveChatPresenceRequest"><wsdl:part name="parameters" element="tns:SaveChatPresence"/></wsdl:message><wsdl:message name="SaveChatPresenceRequest_Headers"><wsdl:part name="ApplicationToken" element="tns:ApplicationToken"/><wsdl:part name="Credentials" element="tns:Credentials"/><wsdl:part name="TimeZone" element="tns:TimeZone"/></wsdl:message><wsdl:message name="SaveChatPresenceResponse"><wsdl:part name="parameters" element="tns:SaveChatPresenceResponse"/></wsdl:message><wsdl:message name="SaveChatPresenceResponse_Headers"><wsdl:part name="ExceptionInfo" element="tns:ExceptionInfo"/><wsdl:part name="ExtraInfo" element="tns:ExtraInfo"/><wsdl:part name="Succeeded" element="tns:Succeeded"/><wsdl:part name="TimeZone" element="tns:TimeZone"/></wsdl:message><wsdl:message name="IsWithinOpeningHoursRequest"><wsdl:part name="parameters" element="tns:IsWithinOpeningHours"/></wsdl:message><wsdl:message name="IsWithinOpeningHoursRequest_Headers"><wsdl:part name="ApplicationToken" element="tns:ApplicationToken"/><wsdl:part name="Credentials" element="tns:Credentials"/><wsdl:part name="TimeZone" element="tns:TimeZone"/></wsdl:message><wsdl:message name="IsWithinOpeningHoursResponse"><wsdl:part name="parameters" element="tns:IsWithinOpeningHoursResponse"/></wsdl:message><wsdl:message name="IsWithinOpeningHoursResponse_Headers"><wsdl:part name="ExceptionInfo" element="tns:ExceptionInfo"/><wsdl:part name="ExtraInfo" element="tns:ExtraInfo"/><wsdl:part name="Succeeded" element="tns:Succeeded"/><wsdl:part name="TimeZone" element="tns:TimeZone"/></wsdl:message><wsdl:portType name="Chat"><wsdl:documentation><summary>Declaration of Wcf web services for Chat</summary></wsdl:documentation><wsdl:operation name="GetChatPresence"><wsdl:documentation><summary>Get the chat presence status for all chat users</summary></wsdl:documentation><wsdl:input wsaw:Action="http://www.superoffice.net/ws/crm/NetServer/Services87/Chat/GetChatPresence" name="GetChatPresenceRequest" message="tns:GetChatPresenceRequest"/><wsdl:output wsaw:Action="http://www.superoffice.net/ws/crm/NetServer/Services87/Chat/GetChatPresenceResponse" name="GetChatPresenceResponse" message="tns:GetChatPresenceResponse"/></wsdl:operation><wsdl:operation name="SaveChatPresence"><wsdl:documentation><summary>Save the chat presence for specified users</summary></wsdl:documentation><wsdl:input wsaw:Action="http://www.superoffice.net/ws/crm/NetServer/Services87/Chat/SaveChatPresence" name="SaveChatPresenceRequest" message="tns:SaveChatPresenceRequest"/><wsdl:output wsaw:Action="http://www.superoffice.net/ws/crm/NetServer/Services87/Chat/SaveChatPresenceResponse" name="SaveChatPresenceResponse" message="tns:SaveChatPresenceResponse"/></wsdl:operation><wsdl:operation name="IsWithinOpeningHours"><wsdl:documentation><summary>Check if we are right now within the opening hours of the given topic. Will use timezones to calculate if configured.</summary></wsdl:documentation><wsdl:input wsaw:Action="http://www.superoffice.net/ws/crm/NetServer/Services87/Chat/IsWithinOpeningHours" name="IsWithinOpeningHoursRequest" message="tns:IsWithinOpeningHoursRequest"/><wsdl:output wsaw:Action="http://www.superoffice.net/ws/crm/NetServer/Services87/Chat/IsWithinOpeningHoursResponse" name="IsWithinOpeningHoursResponse" message="tns:IsWithinOpeningHoursResponse"/></wsdl:operation></wsdl:portType><wsdl:binding name="BasicHttpBinding_Chat" type="tns:Chat"><soap:binding transport="http://schemas.xmlsoap.org/soap/http"/><wsdl:operation name="GetChatPresence"><soap:operation soapAction="http://www.superoffice.net/ws/crm/NetServer/Services87/Chat/GetChatPresence" style="document"/><wsdl:input name="GetChatPresenceRequest"><soap:header message="tns:GetChatPresenceRequest_Headers" part="ApplicationToken" use="literal"/><soap:header message="tns:GetChatPresenceRequest_Headers" part="Credentials" use="literal"/><soap:header message="tns:GetChatPresenceRequest_Headers" part="TimeZone" use="literal"/><soap:body use="literal"/></wsdl:input><wsdl:output name="GetChatPresenceResponse"><soap:header message="tns:GetChatPresenceResponse_Headers" part="ExceptionInfo" use="literal"/><soap:header message="tns:GetChatPresenceResponse_Headers" part="ExtraInfo" use="literal"/><soap:header message="tns:GetChatPresenceResponse_Headers" part="Succeeded" use="literal"/><soap:header message="tns:GetChatPresenceResponse_Headers" part="TimeZone" use="literal"/><soap:body use="literal"/></wsdl:output></wsdl:operation><wsdl:operation name="SaveChatPresence"><soap:operation soapAction="http://www.superoffice.net/ws/crm/NetServer/Services87/Chat/SaveChatPresence" style="document"/><wsdl:input name="SaveChatPresenceRequest"><soap:header message="tns:SaveChatPresenceRequest_Headers" part="ApplicationToken" use="literal"/><soap:header message="tns:SaveChatPresenceRequest_Headers" part="Credentials" use="literal"/><soap:header message="tns:SaveChatPresenceRequest_Headers" part="TimeZone" use="literal"/><soap:body use="literal"/></wsdl:input><wsdl:output name="SaveChatPresenceResponse"><soap:header message="tns:SaveChatPresenceResponse_Headers" part="ExceptionInfo" use="literal"/><soap:header message="tns:SaveChatPresenceResponse_Headers" part="ExtraInfo" use="literal"/><soap:header message="tns:SaveChatPresenceResponse_Headers" part="Succeeded" use="literal"/><soap:header message="tns:SaveChatPresenceResponse_Headers" part="TimeZone" use="literal"/><soap:body use="literal"/></wsdl:output></wsdl:operation><wsdl:operation name="IsWithinOpeningHours"><soap:operation soapAction="http://www.superoffice.net/ws/crm/NetServer/Services87/Chat/IsWithinOpeningHours" style="document"/><wsdl:input name="IsWithinOpeningHoursRequest"><soap:header message="tns:IsWithinOpeningHoursRequest_Headers" part="ApplicationToken" use="literal"/><soap:header message="tns:IsWithinOpeningHoursRequest_Headers" part="Credentials" use="literal"/><soap:header message="tns:IsWithinOpeningHoursRequest_Headers" part="TimeZone" use="literal"/><soap:body use="literal"/></wsdl:input><wsdl:output name="IsWithinOpeningHoursResponse"><soap:header message="tns:IsWithinOpeningHoursResponse_Headers" part="ExceptionInfo" use="literal"/><soap:header message="tns:IsWithinOpeningHoursResponse_Headers" part="ExtraInfo" use="literal"/><soap:header message="tns:IsWithinOpeningHoursResponse_Headers" part="Succeeded" use="literal"/><soap:header message="tns:IsWithinOpeningHoursResponse_Headers" part="TimeZone" use="literal"/><soap:body use="literal"/></wsdl:output></wsdl:operation></wsdl:binding><wsdl:service name="WcfChatService"><wsdl:port name="BasicHttpBinding_Chat" binding="tns:BasicHttpBinding_Chat"><soap:address location="https://sod.superoffice.com/Cust12345/Remote/Services87/Chat.svc"/></wsdl:port></wsdl:service></wsdl:definitions>