<?xml version="1.0" encoding="utf-8"?><wsdl:definitions name="WcfPreviewsService" targetNamespace="http://www.superoffice.net/ws/crm/NetServer/Services84" xmlns:wsdl="http://schemas.xmlsoap.org/wsdl/" xmlns:wsap="http://schemas.xmlsoap.org/ws/2004/08/addressing/policy" xmlns:wsa10="http://www.w3.org/2005/08/addressing" xmlns:tns="http://www.superoffice.net/ws/crm/NetServer/Services84" xmlns:msc="http://schemas.microsoft.com/ws/2005/12/wsdl/contract" xmlns:soapenc="http://schemas.xmlsoap.org/soap/encoding/" xmlns:wsx="http://schemas.xmlsoap.org/ws/2004/09/mex" xmlns:soap="http://schemas.xmlsoap.org/wsdl/soap/" xmlns:wsam="http://www.w3.org/2007/05/addressing/metadata" xmlns:wsa="http://schemas.xmlsoap.org/ws/2004/08/addressing" xmlns:wsp="http://schemas.xmlsoap.org/ws/2004/09/policy" xmlns:wsaw="http://www.w3.org/2006/05/addressing/wsdl" xmlns:soap12="http://schemas.xmlsoap.org/wsdl/soap12/" xmlns:wsu="http://docs.oasis-open.org/wss/2004/01/oasis-200401-wss-wssecurity-utility-1.0.xsd" xmlns:xsd="http://www.w3.org/2001/XMLSchema"><wsdl:types><xs:schema elementFormDefault="qualified" targetNamespace="http://www.superoffice.net/ws/crm/NetServer/Services84" xmlns:xs="http://www.w3.org/2001/XMLSchema"><xs:element name="GetPreview"><xs:complexType><xs:sequence><xs:element minOccurs="0" name="PreviewHint" nillable="true" type="xs:string"/></xs:sequence></xs:complexType></xs:element><xs:element name="ApplicationToken" nillable="true" type="xs:string"/><xs:complexType name="SoCredentials"><xs:sequence><xs:element minOccurs="0" name="Ticket" nillable="true" type="xs:string"/></xs:sequence></xs:complexType><xs:element name="SoCredentials" nillable="true" type="tns:SoCredentials"/><xs:element name="Credentials" nillable="true" type="tns:SoCredentials"/><xs:complexType name="SoTimeZone"><xs:sequence><xs:element minOccurs="0" name="SoTimeZoneId" type="xs:int"/><xs:element minOccurs="0" name="SoTimeZoneLocationCode" nillable="true" type="xs:string"/></xs:sequence></xs:complexType><xs:element name="SoTimeZone" nillable="true" type="tns:SoTimeZone"/><xs:element name="TimeZone" nillable="true" type="tns:SoTimeZone"/><xs:element name="GetPreviewResponse"><xs:complexType><xs:sequence><xs:element minOccurs="0" name="Response" nillable="true" type="xs:string"/></xs:sequence></xs:complexType></xs:element><xs:complexType name="SoExceptionInfo"><xs:sequence><xs:element minOccurs="0" name="Message" nillable="true" type="xs:string"/><xs:element minOccurs="0" name="StackTrace" nillable="true" type="xs:string"/><xs:element minOccurs="0" name="FriendlyText" nillable="true" type="xs:string"/><xs:element minOccurs="0" name="ExceptionType" nillable="true" type="xs:string"/><xs:element minOccurs="0" name="Source" nillable="true" type="xs:string"/><xs:element minOccurs="0" name="InnerException" nillable="true" type="tns:SoExceptionInfo"/><xs:element minOccurs="0" name="Parameters" nillable="true" type="tns:SoExceptionInfoParameters"/></xs:sequence></xs:complexType><xs:element name="SoExceptionInfo" nillable="true" type="tns:SoExceptionInfo"/><xs:complexType name="SoExceptionInfoParameters"><xs:annotation><xs:appinfo><IsDictionary xmlns="http://schemas.microsoft.com/2003/10/Serialization/">true</IsDictionary></xs:appinfo></xs:annotation><xs:sequence><xs:element minOccurs="0" maxOccurs="unbounded" name="SoExceptionInfoParametersKeyValuePair"><xs:complexType><xs:sequence><xs:element name="Key" nillable="true" type="xs:string"/><xs:element name="Value" nillable="true" type="xs:string"/></xs:sequence></xs:complexType></xs:element></xs:sequence></xs:complexType><xs:element name="SoExceptionInfoParameters" nillable="true" type="tns:SoExceptionInfoParameters"/><xs:element name="ExceptionInfo" nillable="true" type="tns:SoExceptionInfo"/><xs:complexType name="SoExtraInfo"><xs:annotation><xs:appinfo><IsDictionary xmlns="http://schemas.microsoft.com/2003/10/Serialization/">true</IsDictionary></xs:appinfo></xs:annotation><xs:sequence><xs:element minOccurs="0" maxOccurs="unbounded" name="ExtraInfoNameValuePair"><xs:complexType><xs:sequence><xs:element name="Key" nillable="true" type="xs:string"/><xs:element name="Value" nillable="true" type="xs:string"/></xs:sequence></xs:complexType></xs:element></xs:sequence></xs:complexType><xs:element name="SoExtraInfo" nillable="true" type="tns:SoExtraInfo"/><xs:element name="ExtraInfo" nillable="true" type="tns:SoExtraInfo"/><xs:element name="Succeeded" type="xs:boolean"/></xs:schema><xs:schema attributeFormDefault="qualified" elementFormDefault="qualified" targetNamespace="http://schemas.microsoft.com/2003/10/Serialization/" xmlns:xs="http://www.w3.org/2001/XMLSchema" xmlns:tns="http://schemas.microsoft.com/2003/10/Serialization/"><xs:element name="anyType" nillable="true" type="xs:anyType"/><xs:element name="anyURI" nillable="true" type="xs:anyURI"/><xs:element name="base64Binary" nillable="true" type="xs:base64Binary"/><xs:element name="boolean" nillable="true" type="xs:boolean"/><xs:element name="byte" nillable="true" type="xs:byte"/><xs:element name="dateTime" nillable="true" type="xs:dateTime"/><xs:element name="decimal" nillable="true" type="xs:decimal"/><xs:element name="double" nillable="true" type="xs:double"/><xs:element name="float" nillable="true" type="xs:float"/><xs:element name="int" nillable="true" type="xs:int"/><xs:element name="long" nillable="true" type="xs:long"/><xs:element name="QName" nillable="true" type="xs:QName"/><xs:element name="short" nillable="true" type="xs:short"/><xs:element name="string" nillable="true" type="xs:string"/><xs:element name="unsignedByte" nillable="true" type="xs:unsignedByte"/><xs:element name="unsignedInt" nillable="true" type="xs:unsignedInt"/><xs:element name="unsignedLong" nillable="true" type="xs:unsignedLong"/><xs:element name="unsignedShort" nillable="true" type="xs:unsignedShort"/><xs:element name="char" nillable="true" type="tns:char"/><xs:simpleType name="char"><xs:restriction base="xs:int"/></xs:simpleType><xs:element name="duration" nillable="true" type="tns:duration"/><xs:simpleType name="duration"><xs:restriction base="xs:duration"><xs:pattern value="\-?P(\d*D)?(T(\d*H)?(\d*M)?(\d*(\.\d*)?S)?)?"/><xs:minInclusive value="-P10675199DT2H48M5.4775808S"/><xs:maxInclusive value="P10675199DT2H48M5.4775807S"/></xs:restriction></xs:simpleType><xs:element name="guid" nillable="true" type="tns:guid"/><xs:simpleType name="guid"><xs:restriction base="xs:string"><xs:pattern value="[\da-fA-F]{8}-[\da-fA-F]{4}-[\da-fA-F]{4}-[\da-fA-F]{4}-[\da-fA-F]{12}"/></xs:restriction></xs:simpleType><xs:attribute name="FactoryType" type="xs:QName"/><xs:attribute name="Id" type="xs:ID"/><xs:attribute name="Ref" type="xs:IDREF"/></xs:schema></wsdl:types><wsdl:message name="GetPreviewRequest"><wsdl:part name="parameters" element="tns:GetPreview"/></wsdl:message><wsdl:message name="GetPreviewRequest_Headers"><wsdl:part name="ApplicationToken" element="tns:ApplicationToken"/><wsdl:part name="Credentials" element="tns:Credentials"/><wsdl:part name="TimeZone" element="tns:TimeZone"/></wsdl:message><wsdl:message name="GetPreviewResponse"><wsdl:part name="parameters" element="tns:GetPreviewResponse"/></wsdl:message><wsdl:message name="GetPreviewResponse_Headers"><wsdl:part name="ExceptionInfo" element="tns:ExceptionInfo"/><wsdl:part name="ExtraInfo" element="tns:ExtraInfo"/><wsdl:part name="Succeeded" element="tns:Succeeded"/><wsdl:part name="TimeZone" element="tns:TimeZone"/></wsdl:message><wsdl:portType name="Previews"><wsdl:documentation><summary>Declaration of Wcf web services for Previews</summary></wsdl:documentation><wsdl:operation name="GetPreview"><wsdl:documentation><summary>Parse a Preview hint and return a Preview. The returned Preview string may contain resource string identifiers (in square brackets), to be processed by the resource manager.&lt;para /&gt;The Preview hint is either a literal text, representing itself, or a set of key/value pairs enclosed in curly braces. Each key is separated from its value by an equals sign, and each pair from the next by an ampersand, according to usual conventions.&lt;para /&gt;A typical Preview hint could be {contact_id=123} or {appointment_id=222&amp;amp;mode=simple}</summary></wsdl:documentation><wsdl:input wsaw:Action="http://www.superoffice.net/ws/crm/NetServer/Services84/Previews/GetPreview" name="GetPreviewRequest" message="tns:GetPreviewRequest"/><wsdl:output wsaw:Action="http://www.superoffice.net/ws/crm/NetServer/Services84/Previews/GetPreviewResponse" name="GetPreviewResponse" message="tns:GetPreviewResponse"/></wsdl:operation></wsdl:portType><wsdl:binding name="BasicHttpBinding_Previews" type="tns:Previews"><soap:binding transport="http://schemas.xmlsoap.org/soap/http"/><wsdl:operation name="GetPreview"><soap:operation soapAction="http://www.superoffice.net/ws/crm/NetServer/Services84/Previews/GetPreview" style="document"/><wsdl:input name="GetPreviewRequest"><soap:header message="tns:GetPreviewRequest_Headers" part="ApplicationToken" use="literal"/><soap:header message="tns:GetPreviewRequest_Headers" part="Credentials" use="literal"/><soap:header message="tns:GetPreviewRequest_Headers" part="TimeZone" use="literal"/><soap:body use="literal"/></wsdl:input><wsdl:output name="GetPreviewResponse"><soap:header message="tns:GetPreviewResponse_Headers" part="ExceptionInfo" use="literal"/><soap:header message="tns:GetPreviewResponse_Headers" part="ExtraInfo" use="literal"/><soap:header message="tns:GetPreviewResponse_Headers" part="Succeeded" use="literal"/><soap:header message="tns:GetPreviewResponse_Headers" part="TimeZone" use="literal"/><soap:body use="literal"/></wsdl:output></wsdl:operation></wsdl:binding><wsdl:service name="WcfPreviewsService"><wsdl:port name="BasicHttpBinding_Previews" binding="tns:BasicHttpBinding_Previews"><soap:address location="https://sod.superoffice.com/Cust12345/Remote/Services84/Previews.svc"/></wsdl:port></wsdl:service></wsdl:definitions>