<EMET Version="5.2.5546.26803">
  <Settings>
    <ExploitAction Value="StopProgram" />
    <AdvancedSettings DeepHooks="True" AntiDetours="True" BannedFunctions="True" />
    <Reporting Telemetry="True" TrayIcon="True" EventLog="True" />
    <SystemSettings DEP="Always On" SEHOP="Always On" ASLR="Application Opt In" Pinning="Enabled" />
  </Settings>
  <EMET_Apps>
    <AppConfig Path="*\Adobe\Acrobat*\Acrobat" Executable="Acrobat.exe">
      <Mitigation Name="DEP" Enabled="true" />
      <Mitigation Name="SEHOP" Enabled="true" />
      <Mitigation Name="NullPage" Enabled="true" />
      <Mitigation Name="HeapSpray" Enabled="true" />
      <Mitigation Name="EAF" Enabled="true" />
      <Mitigation Name="EAF+" Enabled="true">
        <eaf_modules>AcroRd32.dll;Acrofx32.dll;AcroForm.api</eaf_modules>
      </Mitigation>
      <Mitigation Name="MandatoryASLR" Enabled="true" />
      <Mitigation Name="BottomUpASLR" Enabled="true" />
      <Mitigation Name="LoadLib" Enabled="true" />
      <Mitigation Name="MemProt" Enabled="true" />
      <Mitigation Name="Caller" Enabled="true" />
      <Mitigation Name="SimExecFlow" Enabled="true" />
      <Mitigation Name="StackPivot" Enabled="true" />
      <Mitigation Name="ASR" Enabled="false" />
    </AppConfig>
    <AppConfig Path="*\Adobe\Reader*\Reader" Executable="AcroRd32.exe">
      <Mitigation Name="DEP" Enabled="true" />
      <Mitigation Name="SEHOP" Enabled="true" />
      <Mitigation Name="NullPage" Enabled="true" />
      <Mitigation Name="HeapSpray" Enabled="true" />
      <Mitigation Name="EAF" Enabled="true" />
      <Mitigation Name="EAF+" Enabled="true">
        <eaf_modules>AcroRd32.dll;Acrofx32.dll;AcroForm.api</eaf_modules>
      </Mitigation>
      <Mitigation Name="MandatoryASLR" Enabled="true" />
      <Mitigation Name="BottomUpASLR" Enabled="true" />
      <Mitigation Name="LoadLib" Enabled="true" />
      <Mitigation Name="MemProt" Enabled="true" />
      <Mitigation Name="Caller" Enabled="true" />
      <Mitigation Name="SimExecFlow" Enabled="true" />
      <Mitigation Name="StackPivot" Enabled="true" />
      <Mitigation Name="ASR" Enabled="false" />
    </AppConfig>
    <AppConfig Path="*\OFFICE1*" Executable="EXCEL.EXE">
      <Mitigation Name="DEP" Enabled="true" />
      <Mitigation Name="SEHOP" Enabled="true" />
      <Mitigation Name="NullPage" Enabled="true" />
      <Mitigation Name="HeapSpray" Enabled="true" />
      <Mitigation Name="EAF" Enabled="true" />
      <Mitigation Name="EAF+" Enabled="false" />
      <Mitigation Name="MandatoryASLR" Enabled="true" />
      <Mitigation Name="BottomUpASLR" Enabled="true" />
      <Mitigation Name="LoadLib" Enabled="true" />
      <Mitigation Name="MemProt" Enabled="true" />
      <Mitigation Name="Caller" Enabled="true" />
      <Mitigation Name="SimExecFlow" Enabled="true" />
      <Mitigation Name="StackPivot" Enabled="true" />
      <Mitigation Name="ASR" Enabled="true">
        <asr_modules>flash*.ocx</asr_modules>
      </Mitigation>
    </AppConfig>
    <AppConfig Path="*\Internet Explorer" Executable="iexplore.exe">
      <Mitigation Name="DEP" Enabled="true" />
      <Mitigation Name="SEHOP" Enabled="true" />
      <Mitigation Name="NullPage" Enabled="true" />
      <Mitigation Name="HeapSpray" Enabled="true" />
      <Mitigation Name="EAF" Enabled="true" />
      <Mitigation Name="EAF+" Enabled="true">
        <eaf_modules>mshtml.dll;flash*.ocx;jscript*.dll;vbscript.dll;vgx.dll</eaf_modules>
      </Mitigation>
      <Mitigation Name="MandatoryASLR" Enabled="true" />
      <Mitigation Name="BottomUpASLR" Enabled="true" />
      <Mitigation Name="LoadLib" Enabled="true" />
      <Mitigation Name="MemProt" Enabled="true" />
      <Mitigation Name="Caller" Enabled="true" />
      <Mitigation Name="SimExecFlow" Enabled="true" />
      <Mitigation Name="StackPivot" Enabled="true" />
      <Mitigation Name="ASR" Enabled="true">
        <asr_modules>npjpi*.dll;jp2iexp.dll;vgx.dll;msxml4*.dll;wshom.ocx;scrrun.dll;vbscript.dll</asr_modules>
        <asr_zones>1;2</asr_zones>
      </Mitigation>
    </AppConfig>
    <AppConfig Path="C:\Windows\system32\inetsrv" Executable="inetinfo.exe">
      <Mitigation Name="DEP" Enabled="true" />
      <Mitigation Name="SEHOP" Enabled="true" />
      <Mitigation Name="NullPage" Enabled="true" />
      <Mitigation Name="HeapSpray" Enabled="true" />
      <Mitigation Name="EAF" Enabled="true" />
      <Mitigation Name="EAF+" Enabled="false" />
      <Mitigation Name="MandatoryASLR" Enabled="true" />
      <Mitigation Name="BottomUpASLR" Enabled="true" />
      <Mitigation Name="LoadLib" Enabled="true" />
      <Mitigation Name="MemProt" Enabled="true" />
      <Mitigation Name="Caller" Enabled="true" />
      <Mitigation Name="SimExecFlow" Enabled="true" />
      <Mitigation Name="StackPivot" Enabled="true" />
      <Mitigation Name="ASR" Enabled="false" />
    </AppConfig>
    <AppConfig Path="*\OFFICE1*" Executable="INFOPATH.EXE">
      <Mitigation Name="DEP" Enabled="true" />
      <Mitigation Name="SEHOP" Enabled="true" />
      <Mitigation Name="NullPage" Enabled="true" />
      <Mitigation Name="HeapSpray" Enabled="true" />
      <Mitigation Name="EAF" Enabled="true" />
      <Mitigation Name="EAF+" Enabled="false" />
      <Mitigation Name="MandatoryASLR" Enabled="true" />
      <Mitigation Name="BottomUpASLR" Enabled="true" />
      <Mitigation Name="LoadLib" Enabled="true" />
      <Mitigation Name="MemProt" Enabled="true" />
      <Mitigation Name="Caller" Enabled="true" />
      <Mitigation Name="SimExecFlow" Enabled="true" />
      <Mitigation Name="StackPivot" Enabled="true" />
      <Mitigation Name="ASR" Enabled="false" />
    </AppConfig>
    <AppConfig Path="*\Java\jre6\bin" Executable="java.exe">
      <Mitigation Name="DEP" Enabled="true" />
      <Mitigation Name="SEHOP" Enabled="true" />
      <Mitigation Name="NullPage" Enabled="true" />
      <Mitigation Name="HeapSpray" Enabled="false" />
      <Mitigation Name="EAF" Enabled="true" />
      <Mitigation Name="EAF+" Enabled="false" />
      <Mitigation Name="MandatoryASLR" Enabled="true" />
      <Mitigation Name="BottomUpASLR" Enabled="true" />
      <Mitigation Name="LoadLib" Enabled="true" />
      <Mitigation Name="MemProt" Enabled="true" />
      <Mitigation Name="Caller" Enabled="true" />
      <Mitigation Name="SimExecFlow" Enabled="true" />
      <Mitigation Name="StackPivot" Enabled="true" />
      <Mitigation Name="ASR" Enabled="false" />
    </AppConfig>
    <AppConfig Path="*\Java\jre7\bin" Executable="java.exe">
      <Mitigation Name="DEP" Enabled="true" />
      <Mitigation Name="SEHOP" Enabled="true" />
      <Mitigation Name="NullPage" Enabled="true" />
      <Mitigation Name="HeapSpray" Enabled="false" />
      <Mitigation Name="EAF" Enabled="true" />
      <Mitigation Name="EAF+" Enabled="false" />
      <Mitigation Name="MandatoryASLR" Enabled="true" />
      <Mitigation Name="BottomUpASLR" Enabled="true" />
      <Mitigation Name="LoadLib" Enabled="true" />
      <Mitigation Name="MemProt" Enabled="true" />
      <Mitigation Name="Caller" Enabled="true" />
      <Mitigation Name="SimExecFlow" Enabled="true" />
      <Mitigation Name="StackPivot" Enabled="true" />
      <Mitigation Name="ASR" Enabled="false" />
    </AppConfig>
    <AppConfig Path="*\Java\jre1.8*\bin" Executable="java.exe">
      <Mitigation Name="DEP" Enabled="true" />
      <Mitigation Name="SEHOP" Enabled="true" />
      <Mitigation Name="NullPage" Enabled="true" />
      <Mitigation Name="HeapSpray" Enabled="false" />
      <Mitigation Name="EAF" Enabled="true" />
      <Mitigation Name="EAF+" Enabled="false" />
      <Mitigation Name="MandatoryASLR" Enabled="true" />
      <Mitigation Name="BottomUpASLR" Enabled="true" />
      <Mitigation Name="LoadLib" Enabled="true" />
      <Mitigation Name="MemProt" Enabled="true" />
      <Mitigation Name="Caller" Enabled="true" />
      <Mitigation Name="SimExecFlow" Enabled="true" />
      <Mitigation Name="StackPivot" Enabled="true" />
      <Mitigation Name="ASR" Enabled="false" />
    </AppConfig>
    <AppConfig Path="*\Java\jre6\bin" Executable="javaw.exe">
      <Mitigation Name="DEP" Enabled="true" />
      <Mitigation Name="SEHOP" Enabled="true" />
      <Mitigation Name="NullPage" Enabled="true" />
      <Mitigation Name="HeapSpray" Enabled="false" />
      <Mitigation Name="EAF" Enabled="true" />
      <Mitigation Name="EAF+" Enabled="false" />
      <Mitigation Name="MandatoryASLR" Enabled="true" />
      <Mitigation Name="BottomUpASLR" Enabled="true" />
      <Mitigation Name="LoadLib" Enabled="true" />
      <Mitigation Name="MemProt" Enabled="true" />
      <Mitigation Name="Caller" Enabled="true" />
      <Mitigation Name="SimExecFlow" Enabled="true" />
      <Mitigation Name="StackPivot" Enabled="true" />
      <Mitigation Name="ASR" Enabled="false" />
    </AppConfig>
    <AppConfig Path="*\Java\jre7\bin" Executable="javaw.exe">
      <Mitigation Name="DEP" Enabled="true" />
      <Mitigation Name="SEHOP" Enabled="true" />
      <Mitigation Name="NullPage" Enabled="true" />
      <Mitigation Name="HeapSpray" Enabled="false" />
      <Mitigation Name="EAF" Enabled="true" />
      <Mitigation Name="EAF+" Enabled="false" />
      <Mitigation Name="MandatoryASLR" Enabled="true" />
      <Mitigation Name="BottomUpASLR" Enabled="true" />
      <Mitigation Name="LoadLib" Enabled="true" />
      <Mitigation Name="MemProt" Enabled="true" />
      <Mitigation Name="Caller" Enabled="true" />
      <Mitigation Name="SimExecFlow" Enabled="true" />
      <Mitigation Name="StackPivot" Enabled="true" />
      <Mitigation Name="ASR" Enabled="false" />
    </AppConfig>
    <AppConfig Path="*\Java\jre1.8*\bin" Executable="javaw.exe">
      <Mitigation Name="DEP" Enabled="true" />
      <Mitigation Name="SEHOP" Enabled="true" />
      <Mitigation Name="NullPage" Enabled="true" />
      <Mitigation Name="HeapSpray" Enabled="false" />
      <Mitigation Name="EAF" Enabled="true" />
      <Mitigation Name="EAF+" Enabled="false" />
      <Mitigation Name="MandatoryASLR" Enabled="true" />
      <Mitigation Name="BottomUpASLR" Enabled="true" />
      <Mitigation Name="LoadLib" Enabled="true" />
      <Mitigation Name="MemProt" Enabled="true" />
      <Mitigation Name="Caller" Enabled="true" />
      <Mitigation Name="SimExecFlow" Enabled="true" />
      <Mitigation Name="StackPivot" Enabled="true" />
      <Mitigation Name="ASR" Enabled="false" />
    </AppConfig>
    <AppConfig Path="*\Java\jre6\bin" Executable="javaws.exe">
      <Mitigation Name="DEP" Enabled="true" />
      <Mitigation Name="SEHOP" Enabled="true" />
      <Mitigation Name="NullPage" Enabled="true" />
      <Mitigation Name="HeapSpray" Enabled="false" />
      <Mitigation Name="EAF" Enabled="true" />
      <Mitigation Name="EAF+" Enabled="false" />
      <Mitigation Name="MandatoryASLR" Enabled="true" />
      <Mitigation Name="BottomUpASLR" Enabled="true" />
      <Mitigation Name="LoadLib" Enabled="true" />
      <Mitigation Name="MemProt" Enabled="true" />
      <Mitigation Name="Caller" Enabled="true" />
      <Mitigation Name="SimExecFlow" Enabled="true" />
      <Mitigation Name="StackPivot" Enabled="true" />
      <Mitigation Name="ASR" Enabled="false" />
    </AppConfig>
    <AppConfig Path="*\Java\jre7\bin" Executable="javaws.exe">
      <Mitigation Name="DEP" Enabled="true" />
      <Mitigation Name="SEHOP" Enabled="true" />
      <Mitigation Name="NullPage" Enabled="true" />
      <Mitigation Name="HeapSpray" Enabled="false" />
      <Mitigation Name="EAF" Enabled="true" />
      <Mitigation Name="EAF+" Enabled="false" />
      <Mitigation Name="MandatoryASLR" Enabled="true" />
      <Mitigation Name="BottomUpASLR" Enabled="true" />
      <Mitigation Name="LoadLib" Enabled="true" />
      <Mitigation Name="MemProt" Enabled="true" />
      <Mitigation Name="Caller" Enabled="true" />
      <Mitigation Name="SimExecFlow" Enabled="true" />
      <Mitigation Name="StackPivot" Enabled="true" />
      <Mitigation Name="ASR" Enabled="false" />
    </AppConfig>
    <AppConfig Path="*\Java\jre1.8*\bin" Executable="javaws.exe">
      <Mitigation Name="DEP" Enabled="true" />
      <Mitigation Name="SEHOP" Enabled="true" />
      <Mitigation Name="NullPage" Enabled="true" />
      <Mitigation Name="HeapSpray" Enabled="false" />
      <Mitigation Name="EAF" Enabled="true" />
      <Mitigation Name="EAF+" Enabled="false" />
      <Mitigation Name="MandatoryASLR" Enabled="true" />
      <Mitigation Name="BottomUpASLR" Enabled="true" />
      <Mitigation Name="LoadLib" Enabled="true" />
      <Mitigation Name="MemProt" Enabled="true" />
      <Mitigation Name="Caller" Enabled="true" />
      <Mitigation Name="SimExecFlow" Enabled="true" />
      <Mitigation Name="StackPivot" Enabled="true" />
      <Mitigation Name="ASR" Enabled="false" />
    </AppConfig>
    <AppConfig Path="*\OFFICE1*" Executable="LYNC.EXE">
      <Mitigation Name="DEP" Enabled="true" />
      <Mitigation Name="SEHOP" Enabled="true" />
      <Mitigation Name="NullPage" Enabled="true" />
      <Mitigation Name="HeapSpray" Enabled="true" />
      <Mitigation Name="EAF" Enabled="true" />
      <Mitigation Name="EAF+" Enabled="false" />
      <Mitigation Name="MandatoryASLR" Enabled="true" />
      <Mitigation Name="BottomUpASLR" Enabled="true" />
      <Mitigation Name="LoadLib" Enabled="true" />
      <Mitigation Name="MemProt" Enabled="true" />
      <Mitigation Name="Caller" Enabled="true" />
      <Mitigation Name="SimExecFlow" Enabled="true" />
      <Mitigation Name="StackPivot" Enabled="true" />
      <Mitigation Name="ASR" Enabled="false" />
    </AppConfig>
    <AppConfig Path="*\OFFICE1*" Executable="MSACCESS.EXE">
      <Mitigation Name="DEP" Enabled="true" />
      <Mitigation Name="SEHOP" Enabled="true" />
      <Mitigation Name="NullPage" Enabled="true" />
      <Mitigation Name="HeapSpray" Enabled="true" />
      <Mitigation Name="EAF" Enabled="true" />
      <Mitigation Name="EAF+" Enabled="false" />
      <Mitigation Name="MandatoryASLR" Enabled="true" />
      <Mitigation Name="BottomUpASLR" Enabled="true" />
      <Mitigation Name="LoadLib" Enabled="true" />
      <Mitigation Name="MemProt" Enabled="true" />
      <Mitigation Name="Caller" Enabled="true" />
      <Mitigation Name="SimExecFlow" Enabled="true" />
      <Mitigation Name="StackPivot" Enabled="true" />
      <Mitigation Name="ASR" Enabled="false" />
    </AppConfig>
    <AppConfig Path="*\OFFICE1*" Executable="MSPUB.EXE">
      <Mitigation Name="DEP" Enabled="true" />
      <Mitigation Name="SEHOP" Enabled="true" />
      <Mitigation Name="NullPage" Enabled="true" />
      <Mitigation Name="HeapSpray" Enabled="true" />
      <Mitigation Name="EAF" Enabled="true" />
      <Mitigation Name="EAF+" Enabled="false" />
      <Mitigation Name="MandatoryASLR" Enabled="true" />
      <Mitigation Name="BottomUpASLR" Enabled="true" />
      <Mitigation Name="LoadLib" Enabled="true" />
      <Mitigation Name="MemProt" Enabled="true" />
      <Mitigation Name="Caller" Enabled="true" />
      <Mitigation Name="SimExecFlow" Enabled="true" />
      <Mitigation Name="StackPivot" Enabled="true" />
      <Mitigation Name="ASR" Enabled="false" />
    </AppConfig>
    <AppConfig Path="*\OFFICE1*" Executable="OIS.EXE">
      <Mitigation Name="DEP" Enabled="true" />
      <Mitigation Name="SEHOP" Enabled="true" />
      <Mitigation Name="NullPage" Enabled="true" />
      <Mitigation Name="HeapSpray" Enabled="true" />
      <Mitigation Name="EAF" Enabled="true" />
      <Mitigation Name="EAF+" Enabled="false" />
      <Mitigation Name="MandatoryASLR" Enabled="true" />
      <Mitigation Name="BottomUpASLR" Enabled="true" />
      <Mitigation Name="LoadLib" Enabled="true" />
      <Mitigation Name="MemProt" Enabled="true" />
      <Mitigation Name="Caller" Enabled="true" />
      <Mitigation Name="SimExecFlow" Enabled="true" />
      <Mitigation Name="StackPivot" Enabled="true" />
      <Mitigation Name="ASR" Enabled="false" />
    </AppConfig>
    <AppConfig Path="*\OFFICE1*" Executable="OUTLOOK.EXE">
      <Mitigation Name="DEP" Enabled="true" />
      <Mitigation Name="SEHOP" Enabled="true" />
      <Mitigation Name="NullPage" Enabled="true" />
      <Mitigation Name="HeapSpray" Enabled="true" />
      <Mitigation Name="EAF" Enabled="true" />
      <Mitigation Name="EAF+" Enabled="false" />
      <Mitigation Name="MandatoryASLR" Enabled="true" />
      <Mitigation Name="BottomUpASLR" Enabled="true" />
      <Mitigation Name="LoadLib" Enabled="true" />
      <Mitigation Name="MemProt" Enabled="true" />
      <Mitigation Name="Caller" Enabled="true" />
      <Mitigation Name="SimExecFlow" Enabled="true" />
      <Mitigation Name="StackPivot" Enabled="true" />
      <Mitigation Name="ASR" Enabled="false" />
    </AppConfig>
    <AppConfig Path="*\OFFICE1*" Executable="POWERPNT.EXE">
      <Mitigation Name="DEP" Enabled="true" />
      <Mitigation Name="SEHOP" Enabled="true" />
      <Mitigation Name="NullPage" Enabled="true" />
      <Mitigation Name="HeapSpray" Enabled="true" />
      <Mitigation Name="EAF" Enabled="true" />
      <Mitigation Name="EAF+" Enabled="false" />
      <Mitigation Name="MandatoryASLR" Enabled="true" />
      <Mitigation Name="BottomUpASLR" Enabled="true" />
      <Mitigation Name="LoadLib" Enabled="true" />
      <Mitigation Name="MemProt" Enabled="true" />
      <Mitigation Name="Caller" Enabled="true" />
      <Mitigation Name="SimExecFlow" Enabled="true" />
      <Mitigation Name="StackPivot" Enabled="true" />
      <Mitigation Name="ASR" Enabled="true">
        <asr_modules>flash*.ocx</asr_modules>
      </Mitigation>
    </AppConfig>
    <AppConfig Path="*\OFFICE1*" Executable="PPTVIEW.EXE">
      <Mitigation Name="DEP" Enabled="true" />
      <Mitigation Name="SEHOP" Enabled="true" />
      <Mitigation Name="NullPage" Enabled="true" />
      <Mitigation Name="HeapSpray" Enabled="true" />
      <Mitigation Name="EAF" Enabled="true" />
      <Mitigation Name="EAF+" Enabled="false" />
      <Mitigation Name="MandatoryASLR" Enabled="true" />
      <Mitigation Name="BottomUpASLR" Enabled="true" />
      <Mitigation Name="LoadLib" Enabled="true" />
      <Mitigation Name="MemProt" Enabled="true" />
      <Mitigation Name="Caller" Enabled="true" />
      <Mitigation Name="SimExecFlow" Enabled="true" />
      <Mitigation Name="StackPivot" Enabled="true" />
      <Mitigation Name="ASR" Enabled="false" />
    </AppConfig>
    <AppConfig Path="*\OFFICE1*" Executable="VISIO.EXE">
      <Mitigation Name="DEP" Enabled="true" />
      <Mitigation Name="SEHOP" Enabled="true" />
      <Mitigation Name="NullPage" Enabled="true" />
      <Mitigation Name="HeapSpray" Enabled="true" />
      <Mitigation Name="EAF" Enabled="true" />
      <Mitigation Name="EAF+" Enabled="false" />
      <Mitigation Name="MandatoryASLR" Enabled="true" />
      <Mitigation Name="BottomUpASLR" Enabled="true" />
      <Mitigation Name="LoadLib" Enabled="true" />
      <Mitigation Name="MemProt" Enabled="true" />
      <Mitigation Name="Caller" Enabled="true" />
      <Mitigation Name="SimExecFlow" Enabled="true" />
      <Mitigation Name="StackPivot" Enabled="true" />
      <Mitigation Name="ASR" Enabled="false" />
    </AppConfig>
    <AppConfig Path="*\OFFICE1*" Executable="VPREVIEW.EXE">
      <Mitigation Name="DEP" Enabled="true" />
      <Mitigation Name="SEHOP" Enabled="true" />
      <Mitigation Name="NullPage" Enabled="true" />
      <Mitigation Name="HeapSpray" Enabled="true" />
      <Mitigation Name="EAF" Enabled="true" />
      <Mitigation Name="EAF+" Enabled="false" />
      <Mitigation Name="MandatoryASLR" Enabled="true" />
      <Mitigation Name="BottomUpASLR" Enabled="true" />
      <Mitigation Name="LoadLib" Enabled="true" />
      <Mitigation Name="MemProt" Enabled="true" />
      <Mitigation Name="Caller" Enabled="true" />
      <Mitigation Name="SimExecFlow" Enabled="true" />
      <Mitigation Name="StackPivot" Enabled="true" />
      <Mitigation Name="ASR" Enabled="false" />
    </AppConfig>
    <AppConfig Path="*\OFFICE1*" Executable="WINWORD.EXE">
      <Mitigation Name="DEP" Enabled="true" />
      <Mitigation Name="SEHOP" Enabled="true" />
      <Mitigation Name="NullPage" Enabled="true" />
      <Mitigation Name="HeapSpray" Enabled="true" />
      <Mitigation Name="EAF" Enabled="true" />
      <Mitigation Name="EAF+" Enabled="false" />
      <Mitigation Name="MandatoryASLR" Enabled="true" />
      <Mitigation Name="BottomUpASLR" Enabled="true" />
      <Mitigation Name="LoadLib" Enabled="true" />
      <Mitigation Name="MemProt" Enabled="true" />
      <Mitigation Name="Caller" Enabled="true" />
      <Mitigation Name="SimExecFlow" Enabled="true" />
      <Mitigation Name="StackPivot" Enabled="true" />
      <Mitigation Name="ASR" Enabled="true">
        <asr_modules>flash*.ocx</asr_modules>
      </Mitigation>
    </AppConfig>
    <AppConfig Path="*\Windows NT\Accessories" Executable="wordpad.exe">
      <Mitigation Name="DEP" Enabled="true" />
      <Mitigation Name="SEHOP" Enabled="true" />
      <Mitigation Name="NullPage" Enabled="true" />
      <Mitigation Name="HeapSpray" Enabled="true" />
      <Mitigation Name="EAF" Enabled="true" />
      <Mitigation Name="EAF+" Enabled="false" />
      <Mitigation Name="MandatoryASLR" Enabled="true" />
      <Mitigation Name="BottomUpASLR" Enabled="true" />
      <Mitigation Name="LoadLib" Enabled="true" />
      <Mitigation Name="MemProt" Enabled="true" />
      <Mitigation Name="Caller" Enabled="true" />
      <Mitigation Name="SimExecFlow" Enabled="true" />
      <Mitigation Name="StackPivot" Enabled="true" />
      <Mitigation Name="ASR" Enabled="false" />
    </AppConfig>
  </EMET_Apps>
  <Pinning>
    <PinRules>
      <PinRule>
        <ID>{e07e76c3-68e4-4bc6-9dab-e8c0b9b5ba57}</ID>
        <Name>MSOffice365CA</Name>
        <ReferencedCertificates>
          <UniqueCertificateIdentifier>
            <Issuer>CN=Baltimore CyberTrust Root, OU=CyberTrust, O=Baltimore, C=IE</Issuer>
            <SerialNumber>020000B9</SerialNumber>
            <PublicKeyHash>E59D5930824758CCACFA085436867B3AB5044DF0</PublicKeyHash>
          </UniqueCertificateIdentifier>
          <UniqueCertificateIdentifier>
            <Issuer>CN=VeriSign Class 3 Public Primary Certification Authority - G5, OU="(c) 2006 VeriSign, Inc. - For authorized use only", OU=VeriSign Trust Network, O="VeriSign, Inc.", C=US</Issuer>
            <SerialNumber>18DAD19E267DE8BB4A2158CDCC6B3B4A</SerialNumber>
            <PublicKeyHash>7FD365A7C2DDECBBF03009F34339FA02AF333133</PublicKeyHash>
          </UniqueCertificateIdentifier>
          <UniqueCertificateIdentifier>
            <Issuer>CN=GlobalSign Root CA, OU=Root CA, O=GlobalSign nv-sa, C=BE</Issuer>
            <SerialNumber>040000000001154B5AC394</SerialNumber>
            <PublicKeyHash>607B661A450D97CA89502F7D04CD34A8FFFCFD4B</PublicKeyHash>
          </UniqueCertificateIdentifier>
          <UniqueCertificateIdentifier>
            <Issuer>CN=GTE CyberTrust Global Root, OU="GTE CyberTrust Solutions, Inc.", O=GTE Corporation, C=US</Issuer>
            <SerialNumber>01A5</SerialNumber>
            <PublicKeyHash>A60C1D9F61FF0717B5BF3846DB4330D58EB05206</PublicKeyHash>
          </UniqueCertificateIdentifier>
          <UniqueCertificateIdentifier>
            <Issuer>CN=Verizon Global Root CA, OU=OmniRoot, O=Verizon Business, C=US</Issuer>
            <SerialNumber>01</SerialNumber>
            <PublicKeyHash>4C3811B898005B5A2B703EAA78E4D5676767A77E</PublicKeyHash>
          </UniqueCertificateIdentifier>
          <UniqueCertificateIdentifier>
            <Issuer>CN=Cybertrust Global Root, O="Cybertrust, Inc"</Issuer>
            <SerialNumber>0400000000010F85AA2D48</SerialNumber>
            <PublicKeyHash>B6087B0D7ACCAC204C8656325ECFAB6E852D7057</PublicKeyHash>
          </UniqueCertificateIdentifier>
        </ReferencedCertificates>
        <Expiration>08/01/2016 12:00:00</Expiration>
      </PinRule>
      <PinRule>
        <ID>{327e4d96-ad0f-4052-9078-fc53ad17bf4c}</ID>
        <Name>TwitterCA</Name>
        <ReferencedCertificates>
          <UniqueCertificateIdentifier>
            <Issuer>CN=GeoTrust Global CA, O=GeoTrust Inc., C=US</Issuer>
            <SerialNumber>023456</SerialNumber>
            <PublicKeyHash>00F92AC34191B6C9C2B83E55F2C0971113A00720</PublicKeyHash>
          </UniqueCertificateIdentifier>
          <UniqueCertificateIdentifier>
            <Issuer>CN=GeoTrust Global CA 2, O=GeoTrust Inc., C=US</Issuer>
            <SerialNumber>01</SerialNumber>
            <PublicKeyHash>82F2E585DDEC84A454C24347F3D943043B1535F8</PublicKeyHash>
          </UniqueCertificateIdentifier>
          <UniqueCertificateIdentifier>
            <Issuer>CN=GeoTrust Primary Certification Authority, O=GeoTrust Inc., C=US</Issuer>
            <SerialNumber>18ACB56AFD69B6153A636CAFDAFAC4A1</SerialNumber>
            <PublicKeyHash>2CD5504197158BF08F36615B4AFB6BD999C93392</PublicKeyHash>
          </UniqueCertificateIdentifier>
          <UniqueCertificateIdentifier>
            <Issuer>CN=GeoTrust Primary Certification Authority - G3, OU=(c) 2008 GeoTrust Inc. - For authorized use only, O=GeoTrust Inc., C=US</Issuer>
            <SerialNumber>15AC6E9419B2794B41F627A9C3180F1F</SerialNumber>
            <PublicKeyHash>C479CA8EA14E031D1CDC6BDB315B943E3F307F2D</PublicKeyHash>
          </UniqueCertificateIdentifier>
          <UniqueCertificateIdentifier>
            <Issuer>CN=GeoTrust Universal CA, O=GeoTrust Inc., C=US</Issuer>
            <SerialNumber>01</SerialNumber>
            <PublicKeyHash>DABB2EAAB00CB8882651745C6D03D3C0D88F7AD6</PublicKeyHash>
          </UniqueCertificateIdentifier>
          <UniqueCertificateIdentifier>
            <Issuer>CN=GeoTrust Universal CA 2, O=GeoTrust Inc., C=US</Issuer>
            <SerialNumber>01</SerialNumber>
            <PublicKeyHash>76F355E1FAA436FBF09F5C6271ED3CF44738102B</PublicKeyHash>
          </UniqueCertificateIdentifier>
          <UniqueCertificateIdentifier>
            <Issuer>OU=Class 1 Public Primary Certification Authority, O="VeriSign, Inc.", C=US</Issuer>
            <SerialNumber>00CDBA7F56F0DFE4BC54FE22ACB372AA55</SerialNumber>
            <PublicKeyHash>F3A27298EEB81B82801C4DB69A3027990A2F72E2</PublicKeyHash>
          </UniqueCertificateIdentifier>
          <UniqueCertificateIdentifier>
            <Issuer>CN=VeriSign Class 1 Public Primary Certification Authority - G3, OU="(c) 1999 VeriSign, Inc. - For authorized use only", OU=VeriSign Trust Network, O="VeriSign, Inc.", C=US</Issuer>
            <SerialNumber>008B5B75568454850B00CFAF3848CEB1A4</SerialNumber>
            <PublicKeyHash>4304207D4CBD136E9B3647790080C6781109F541</PublicKeyHash>
          </UniqueCertificateIdentifier>
          <UniqueCertificateIdentifier>
            <Issuer>OU=VeriSign Trust Network, OU="(c) 1998 VeriSign, Inc. - For authorized use only", OU=Class 2 Public Primary Certification Authority - G2, O="VeriSign, Inc.", C=US</Issuer>
            <SerialNumber>00B92F60CC889FA17A4609B85B706C8AAF</SerialNumber>
            <PublicKeyHash>C0F1ED54ACF177E4F54F68AA5C798F470B4F0144</PublicKeyHash>
          </UniqueCertificateIdentifier>
          <UniqueCertificateIdentifier>
            <Issuer>OU=Class 3 Public Primary Certification Authority, O="VeriSign, Inc.", C=US</Issuer>
            <SerialNumber>3C9131CB1FF6D01B0E9AB8D044BF12BE</SerialNumber>
            <PublicKeyHash>00D85A4C25C122E58B31EF6DBAF3CC5F29F10D61</PublicKeyHash>
          </UniqueCertificateIdentifier>
          <UniqueCertificateIdentifier>
            <Issuer>CN=VeriSign Class 2 Public Primary Certification Authority - G3, OU="(c) 1999 VeriSign, Inc. - For authorized use only", OU=VeriSign Trust Network, O="VeriSign, Inc.", C=US</Issuer>
            <SerialNumber>6170CB498C5F984529E7B0A6D9505B7A</SerialNumber>
            <PublicKeyHash>FBA33B6EC137E95605DA491620A39E0AA16287C7</PublicKeyHash>
          </UniqueCertificateIdentifier>
          <UniqueCertificateIdentifier>
            <Issuer>OU=VeriSign Trust Network, OU="(c) 1998 VeriSign, Inc. - For authorized use only", OU=Class 3 Public Primary Certification Authority - G2, O="VeriSign, Inc.", C=US</Issuer>
            <SerialNumber>7DD9FE07CFA81EB7107967FBA78934C6</SerialNumber>
            <PublicKeyHash>4C5FA7361705E286612249398CB9A8E34AE0381A</PublicKeyHash>
          </UniqueCertificateIdentifier>
          <UniqueCertificateIdentifier>
            <Issuer>CN=VeriSign Class 3 Public Primary Certification Authority - G3, OU="(c) 1999 VeriSign, Inc. - For authorized use only", OU=VeriSign Trust Network, O="VeriSign, Inc.", C=US</Issuer>
            <SerialNumber>009B7E0649A33E62B9D5EE90487129EF57</SerialNumber>
            <PublicKeyHash>F0115C20ABF0D0FE3D0842EF9571E372C11C1256</PublicKeyHash>
          </UniqueCertificateIdentifier>
          <UniqueCertificateIdentifier>
            <Issuer>CN=VeriSign Class 3 Public Primary Certification Authority - G5, OU="(c) 2006 VeriSign, Inc. - For authorized use only", OU=VeriSign Trust Network, O="VeriSign, Inc.", C=US</Issuer>
            <SerialNumber>18DAD19E267DE8BB4A2158CDCC6B3B4A</SerialNumber>
            <PublicKeyHash>7FD365A7C2DDECBBF03009F34339FA02AF333133</PublicKeyHash>
          </UniqueCertificateIdentifier>
          <UniqueCertificateIdentifier>
            <Issuer>CN=VeriSign Class 4 Public Primary Certification Authority - G3, OU="(c) 1999 VeriSign, Inc. - For authorized use only", OU=VeriSign Trust Network, O="VeriSign, Inc.", C=US</Issuer>
            <SerialNumber>00ECA0A78B6E756A01CFC47CCC2F945ED7</SerialNumber>
            <PublicKeyHash>9D22D24BEF1576731E271C3404DA87A3C4E96570</PublicKeyHash>
          </UniqueCertificateIdentifier>
          <UniqueCertificateIdentifier>
            <Issuer>CN=VeriSign Universal Root Certification Authority, OU="(c) 2008 VeriSign, Inc. - For authorized use only", OU=VeriSign Trust Network, O="VeriSign, Inc.", C=US</Issuer>
            <SerialNumber>401AC46421B31321030EBBE4121AC51D</SerialNumber>
            <PublicKeyHash>B677FA6948479F5312D5C2EA07327607D1970719</PublicKeyHash>
          </UniqueCertificateIdentifier>
          <UniqueCertificateIdentifier>
            <Issuer>CN=DigiCert Global Root CA, OU=www.digicert.com, O=DigiCert Inc, C=US</Issuer>
            <SerialNumber>083BE056904246B1A1756AC95991C74A</SerialNumber>
            <PublicKeyHash>03DE503556D14CBB66F0A3E21B1BC397B23DD155</PublicKeyHash>
          </UniqueCertificateIdentifier>
          <UniqueCertificateIdentifier>
            <Issuer>CN=DigiCert High Assurance EV Root CA, OU=www.digicert.com, O=DigiCert Inc, C=US</Issuer>
            <SerialNumber>02AC5C266A0B409B8F0B79F2AE462577</SerialNumber>
            <PublicKeyHash>B13EC36903F8BF4701D498261A0802EF63642BC3</PublicKeyHash>
          </UniqueCertificateIdentifier>
          <UniqueCertificateIdentifier>
            <Issuer>CN=DigiCert Assured ID Root CA, OU=www.digicert.com, O=DigiCert Inc, C=US</Issuer>
            <SerialNumber>0CE7E0E517D846FE8FE560FC1BF03039</SerialNumber>
            <PublicKeyHash>45EBA2AFF492CB82312D518BA7A7219DF36DC80F</PublicKeyHash>
          </UniqueCertificateIdentifier>
        </ReferencedCertificates>
        <Expiration>08/01/2016 12:00:00</Expiration>
        <PublicKeyMatch>True</PublicKeyMatch>
      </PinRule>
      <PinRule>
        <ID>{9d57ebdb-63d9-4ed4-8395-dbad85cf8f0f}</ID>
        <Name>YahooCA</Name>
        <ReferencedCertificates>
          <UniqueCertificateIdentifier>
            <Issuer>CN=GTE CyberTrust Global Root, OU="GTE CyberTrust Solutions, Inc.", O=GTE Corporation, C=US</Issuer>
            <SerialNumber>01A5</SerialNumber>
            <PublicKeyHash>A60C1D9F61FF0717B5BF3846DB4330D58EB05206</PublicKeyHash>
          </UniqueCertificateIdentifier>
          <UniqueCertificateIdentifier>
            <Issuer>CN=DigiCert High Assurance EV Root CA, OU=www.digicert.com, O=DigiCert Inc, C=US</Issuer>
            <SerialNumber>02AC5C266A0B409B8F0B79F2AE462577</SerialNumber>
            <PublicKeyHash>B13EC36903F8BF4701D498261A0802EF63642BC3</PublicKeyHash>
          </UniqueCertificateIdentifier>
          <UniqueCertificateIdentifier>
            <Issuer>CN=GeoTrust Global CA, O=GeoTrust Inc., C=US</Issuer>
            <SerialNumber>023456</SerialNumber>
            <PublicKeyHash>00F92AC34191B6C9C2B83E55F2C0971113A00720</PublicKeyHash>
          </UniqueCertificateIdentifier>
          <UniqueCertificateIdentifier>
            <Issuer>CN=GeoTrust Global CA 2, O=GeoTrust Inc., C=US</Issuer>
            <SerialNumber>01</SerialNumber>
            <PublicKeyHash>82F2E585DDEC84A454C24347F3D943043B1535F8</PublicKeyHash>
          </UniqueCertificateIdentifier>
          <UniqueCertificateIdentifier>
            <Issuer>CN=GeoTrust Primary Certification Authority, O=GeoTrust Inc., C=US</Issuer>
            <SerialNumber>18ACB56AFD69B6153A636CAFDAFAC4A1</SerialNumber>
            <PublicKeyHash>2CD5504197158BF08F36615B4AFB6BD999C93392</PublicKeyHash>
          </UniqueCertificateIdentifier>
          <UniqueCertificateIdentifier>
            <Issuer>CN=GeoTrust Primary Certification Authority - G3, OU=(c) 2008 GeoTrust Inc. - For authorized use only, O=GeoTrust Inc., C=US</Issuer>
            <SerialNumber>15AC6E9419B2794B41F627A9C3180F1F</SerialNumber>
            <PublicKeyHash>C479CA8EA14E031D1CDC6BDB315B943E3F307F2D</PublicKeyHash>
          </UniqueCertificateIdentifier>
          <UniqueCertificateIdentifier>
            <Issuer>CN=GeoTrust Universal CA, O=GeoTrust Inc., C=US</Issuer>
            <SerialNumber>01</SerialNumber>
            <PublicKeyHash>DABB2EAAB00CB8882651745C6D03D3C0D88F7AD6</PublicKeyHash>
          </UniqueCertificateIdentifier>
          <UniqueCertificateIdentifier>
            <Issuer>OU=Class 1 Public Primary Certification Authority, O="VeriSign, Inc.", C=US</Issuer>
            <SerialNumber>00CDBA7F56F0DFE4BC54FE22ACB372AA55</SerialNumber>
            <PublicKeyHash>F3A27298EEB81B82801C4DB69A3027990A2F72E2</PublicKeyHash>
          </UniqueCertificateIdentifier>
          <UniqueCertificateIdentifier>
            <Issuer>CN=VeriSign Class 1 Public Primary Certification Authority - G3, OU="(c) 1999 VeriSign, Inc. - For authorized use only", OU=VeriSign Trust Network, O="VeriSign, Inc.", C=US</Issuer>
            <SerialNumber>008B5B75568454850B00CFAF3848CEB1A4</SerialNumber>
            <PublicKeyHash>4304207D4CBD136E9B3647790080C6781109F541</PublicKeyHash>
          </UniqueCertificateIdentifier>
          <UniqueCertificateIdentifier>
            <Issuer>OU=VeriSign Trust Network, OU="(c) 1998 VeriSign, Inc. - For authorized use only", OU=Class 2 Public Primary Certification Authority - G2, O="VeriSign, Inc.", C=US</Issuer>
            <SerialNumber>00B92F60CC889FA17A4609B85B706C8AAF</SerialNumber>
            <PublicKeyHash>C0F1ED54ACF177E4F54F68AA5C798F470B4F0144</PublicKeyHash>
          </UniqueCertificateIdentifier>
          <UniqueCertificateIdentifier>
            <Issuer>OU=Class 3 Public Primary Certification Authority, O="VeriSign, Inc.", C=US</Issuer>
            <SerialNumber>3C9131CB1FF6D01B0E9AB8D044BF12BE</SerialNumber>
            <PublicKeyHash>00D85A4C25C122E58B31EF6DBAF3CC5F29F10D61</PublicKeyHash>
          </UniqueCertificateIdentifier>
          <UniqueCertificateIdentifier>
            <Issuer>CN=VeriSign Class 2 Public Primary Certification Authority - G3, OU="(c) 1999 VeriSign, Inc. - For authorized use only", OU=VeriSign Trust Network, O="VeriSign, Inc.", C=US</Issuer>
            <SerialNumber>6170CB498C5F984529E7B0A6D9505B7A</SerialNumber>
            <PublicKeyHash>FBA33B6EC137E95605DA491620A39E0AA16287C7</PublicKeyHash>
          </UniqueCertificateIdentifier>
          <UniqueCertificateIdentifier>
            <Issuer>OU=VeriSign Trust Network, OU="(c) 1998 VeriSign, Inc. - For authorized use only", OU=Class 3 Public Primary Certification Authority - G2, O="VeriSign, Inc.", C=US</Issuer>
            <SerialNumber>7DD9FE07CFA81EB7107967FBA78934C6</SerialNumber>
            <PublicKeyHash>4C5FA7361705E286612249398CB9A8E34AE0381A</PublicKeyHash>
          </UniqueCertificateIdentifier>
          <UniqueCertificateIdentifier>
            <Issuer>CN=VeriSign Class 3 Public Primary Certification Authority - G3, OU="(c) 1999 VeriSign, Inc. - For authorized use only", OU=VeriSign Trust Network, O="VeriSign, Inc.", C=US</Issuer>
            <SerialNumber>009B7E0649A33E62B9D5EE90487129EF57</SerialNumber>
            <PublicKeyHash>F0115C20ABF0D0FE3D0842EF9571E372C11C1256</PublicKeyHash>
          </UniqueCertificateIdentifier>
          <UniqueCertificateIdentifier>
            <Issuer>CN=VeriSign Class 3 Public Primary Certification Authority - G5, OU="(c) 2006 VeriSign, Inc. - For authorized use only", OU=VeriSign Trust Network, O="VeriSign, Inc.", C=US</Issuer>
            <SerialNumber>18DAD19E267DE8BB4A2158CDCC6B3B4A</SerialNumber>
            <PublicKeyHash>7FD365A7C2DDECBBF03009F34339FA02AF333133</PublicKeyHash>
          </UniqueCertificateIdentifier>
          <UniqueCertificateIdentifier>
            <Issuer>CN=VeriSign Class 4 Public Primary Certification Authority - G3, OU="(c) 1999 VeriSign, Inc. - For authorized use only", OU=VeriSign Trust Network, O="VeriSign, Inc.", C=US</Issuer>
            <SerialNumber>00ECA0A78B6E756A01CFC47CCC2F945ED7</SerialNumber>
            <PublicKeyHash>9D22D24BEF1576731E271C3404DA87A3C4E96570</PublicKeyHash>
          </UniqueCertificateIdentifier>
          <UniqueCertificateIdentifier>
            <Issuer>CN=VeriSign Universal Root Certification Authority, OU="(c) 2008 VeriSign, Inc. - For authorized use only", OU=VeriSign Trust Network, O="VeriSign, Inc.", C=US</Issuer>
            <SerialNumber>401AC46421B31321030EBBE4121AC51D</SerialNumber>
            <PublicKeyHash>B677FA6948479F5312D5C2EA07327607D1970719</PublicKeyHash>
          </UniqueCertificateIdentifier>
        </ReferencedCertificates>
        <Expiration>08/01/2016 12:00:00</Expiration>
        <PublicKeyMatch>True</PublicKeyMatch>
      </PinRule>
      <PinRule>
        <ID>{ff28f9de-d7d0-4ceb-b47f-57ef32665b23}</ID>
        <Name>FacebookCA</Name>
        <ReferencedCertificates>
          <UniqueCertificateIdentifier>
            <Issuer>CN=DigiCert High Assurance EV Root CA, OU=www.digicert.com, O=DigiCert Inc, C=US</Issuer>
            <SerialNumber>02AC5C266A0B409B8F0B79F2AE462577</SerialNumber>
            <PublicKeyHash>B13EC36903F8BF4701D498261A0802EF63642BC3</PublicKeyHash>
          </UniqueCertificateIdentifier>
          <UniqueCertificateIdentifier>
            <Issuer>OU=Equifax Secure Certificate Authority, O=Equifax, C=US</Issuer>
            <SerialNumber>35DEF4CF</SerialNumber>
            <PublicKeyHash>0F348320A1DA3FD1CB84DC48CBA4D5E19E66841E</PublicKeyHash>
          </UniqueCertificateIdentifier>
          <UniqueCertificateIdentifier>
            <Issuer>CN=Equifax Secure Global eBusiness CA-1, O=Equifax Secure Inc., C=US</Issuer>
            <SerialNumber>01</SerialNumber>
            <PublicKeyHash>5D84A6BD204071ABC92A7CC57C8ED4A8938BFADF</PublicKeyHash>
          </UniqueCertificateIdentifier>
          <UniqueCertificateIdentifier>
            <Issuer>CN=GeoTrust Global CA, O=GeoTrust Inc., C=US</Issuer>
            <SerialNumber>023456</SerialNumber>
            <PublicKeyHash>00F92AC34191B6C9C2B83E55F2C0971113A00720</PublicKeyHash>
          </UniqueCertificateIdentifier>
          <UniqueCertificateIdentifier>
            <Issuer>CN=GeoTrust Global CA 2, O=GeoTrust Inc., C=US</Issuer>
            <SerialNumber>01</SerialNumber>
            <PublicKeyHash>82F2E585DDEC84A454C24347F3D943043B1535F8</PublicKeyHash>
          </UniqueCertificateIdentifier>
          <UniqueCertificateIdentifier>
            <Issuer>CN=GeoTrust Primary Certification Authority, O=GeoTrust Inc., C=US</Issuer>
            <SerialNumber>18ACB56AFD69B6153A636CAFDAFAC4A1</SerialNumber>
            <PublicKeyHash>2CD5504197158BF08F36615B4AFB6BD999C93392</PublicKeyHash>
          </UniqueCertificateIdentifier>
          <UniqueCertificateIdentifier>
            <Issuer>CN=GeoTrust Primary Certification Authority - G3, OU=(c) 2008 GeoTrust Inc. - For authorized use only, O=GeoTrust Inc., C=US</Issuer>
            <SerialNumber>15AC6E9419B2794B41F627A9C3180F1F</SerialNumber>
            <PublicKeyHash>C479CA8EA14E031D1CDC6BDB315B943E3F307F2D</PublicKeyHash>
          </UniqueCertificateIdentifier>
          <UniqueCertificateIdentifier>
            <Issuer>CN=GeoTrust Universal CA, O=GeoTrust Inc., C=US</Issuer>
            <SerialNumber>01</SerialNumber>
            <PublicKeyHash>DABB2EAAB00CB8882651745C6D03D3C0D88F7AD6</PublicKeyHash>
          </UniqueCertificateIdentifier>
          <UniqueCertificateIdentifier>
            <Issuer>E=premium-server@thawte.com, CN=Thawte Premium Server CA, OU=Certification Services Division, O=Thawte Consulting cc, L=Cape Town, S=Western Cape, C=ZA</Issuer>
            <SerialNumber>36122296C5E338A520A1D25F4CD70954</SerialNumber>
            <PublicKeyHash>2063A03873C99EA466DD4176520131AF26C71402</PublicKeyHash>
          </UniqueCertificateIdentifier>
          <UniqueCertificateIdentifier>
            <Issuer>CN=thawte Primary Root CA, OU="(c) 2006 thawte, Inc. - For authorized use only", OU=Certification Services Division, O="thawte, Inc.", C=US</Issuer>
            <SerialNumber>344ED55720D5EDEC49F42FCE37DB2B6D</SerialNumber>
            <PublicKeyHash>7B5B45CFAFCECB7AFD31921A6AB6F346EB574850</PublicKeyHash>
          </UniqueCertificateIdentifier>
          <UniqueCertificateIdentifier>
            <Issuer>CN=thawte Primary Root CA - G3, OU="(c) 2008 thawte, Inc. - For authorized use only", OU=Certification Services Division, O="thawte, Inc.", C=US</Issuer>
            <SerialNumber>600197B746A7EAB4B49AD64B2FF790FB</SerialNumber>
            <PublicKeyHash>AD6CAA94609CEDE4FFFA3E0A742B6303F7B659BF</PublicKeyHash>
          </UniqueCertificateIdentifier>
          <UniqueCertificateIdentifier>
            <Issuer>E=server-certs@thawte.com, CN=Thawte Server CA, OU=Certification Services Division, O=Thawte Consulting cc, L=Cape Town, S=Western Cape, C=ZA</Issuer>
            <SerialNumber>34A4FFF630AF4CA53C331742A1946675</SerialNumber>
            <PublicKeyHash>F18AB43C6A02BFD8228C7965CF88F4ABBC180AA6</PublicKeyHash>
          </UniqueCertificateIdentifier>
          <UniqueCertificateIdentifier>
            <Issuer>OU=Class 3 Public Primary Certification Authority, O="VeriSign, Inc.", C=US</Issuer>
            <SerialNumber>3C9131CB1FF6D01B0E9AB8D044BF12BE</SerialNumber>
            <PublicKeyHash>00D85A4C25C122E58B31EF6DBAF3CC5F29F10D61</PublicKeyHash>
          </UniqueCertificateIdentifier>
          <UniqueCertificateIdentifier>
            <Issuer>OU=VeriSign Trust Network, OU="(c) 1998 VeriSign, Inc. - For authorized use only", OU=Class 3 Public Primary Certification Authority - G2, O="VeriSign, Inc.", C=US</Issuer>
            <SerialNumber>7DD9FE07CFA81EB7107967FBA78934C6</SerialNumber>
            <PublicKeyHash>4C5FA7361705E286612249398CB9A8E34AE0381A</PublicKeyHash>
          </UniqueCertificateIdentifier>
          <UniqueCertificateIdentifier>
            <Issuer>CN=VeriSign Class 3 Public Primary Certification Authority - G3, OU="(c) 1999 VeriSign, Inc. - For authorized use only", OU=VeriSign Trust Network, O="VeriSign, Inc.", C=US</Issuer>
            <SerialNumber>009B7E0649A33E62B9D5EE90487129EF57</SerialNumber>
            <PublicKeyHash>F0115C20ABF0D0FE3D0842EF9571E372C11C1256</PublicKeyHash>
          </UniqueCertificateIdentifier>
          <UniqueCertificateIdentifier>
            <Issuer>CN=VeriSign Class 3 Public Primary Certification Authority - G5, OU="(c) 2006 VeriSign, Inc. - For authorized use only", OU=VeriSign Trust Network, O="VeriSign, Inc.", C=US</Issuer>
            <SerialNumber>18DAD19E267DE8BB4A2158CDCC6B3B4A</SerialNumber>
            <PublicKeyHash>7FD365A7C2DDECBBF03009F34339FA02AF333133</PublicKeyHash>
          </UniqueCertificateIdentifier>
          <UniqueCertificateIdentifier>
            <Issuer>CN=VeriSign Universal Root Certification Authority, OU="(c) 2008 VeriSign, Inc. - For authorized use only", OU=VeriSign Trust Network, O="VeriSign, Inc.", C=US</Issuer>
            <SerialNumber>401AC46421B31321030EBBE4121AC51D</SerialNumber>
            <PublicKeyHash>B677FA6948479F5312D5C2EA07327607D1970719</PublicKeyHash>
          </UniqueCertificateIdentifier>
        </ReferencedCertificates>
        <Expiration>08/01/2016 12:00:00</Expiration>
        <PublicKeyMatch>True</PublicKeyMatch>
      </PinRule>
      <PinRule>
        <ID>{e5257bce-4448-4476-aa0d-4ade5e455277}</ID>
        <Name>MSLiveCA</Name>
        <ReferencedCertificates>
          <UniqueCertificateIdentifier>
            <Issuer>CN=Baltimore CyberTrust Root, OU=CyberTrust, O=Baltimore, C=IE</Issuer>
            <SerialNumber>020000B9</SerialNumber>
            <PublicKeyHash>E59D5930824758CCACFA085436867B3AB5044DF0</PublicKeyHash>
          </UniqueCertificateIdentifier>
          <UniqueCertificateIdentifier>
            <Issuer>CN=VeriSign Class 3 Public Primary Certification Authority - G5, OU="(c) 2006 VeriSign, Inc. - For authorized use only", OU=VeriSign Trust Network, O="VeriSign, Inc.", C=US</Issuer>
            <SerialNumber>18DAD19E267DE8BB4A2158CDCC6B3B4A</SerialNumber>
            <PublicKeyHash>7FD365A7C2DDECBBF03009F34339FA02AF333133</PublicKeyHash>
          </UniqueCertificateIdentifier>
          <UniqueCertificateIdentifier>
            <Issuer>CN=GlobalSign Root CA, OU=Root CA, O=GlobalSign nv-sa, C=BE</Issuer>
            <SerialNumber>040000000001154B5AC394</SerialNumber>
            <PublicKeyHash>607B661A450D97CA89502F7D04CD34A8FFFCFD4B</PublicKeyHash>
          </UniqueCertificateIdentifier>
          <UniqueCertificateIdentifier>
            <Issuer>CN=GTE CyberTrust Global Root, OU="GTE CyberTrust Solutions, Inc.", O=GTE Corporation, C=US</Issuer>
            <SerialNumber>01A5</SerialNumber>
            <PublicKeyHash>A60C1D9F61FF0717B5BF3846DB4330D58EB05206</PublicKeyHash>
          </UniqueCertificateIdentifier>
          <UniqueCertificateIdentifier>
            <Issuer>CN=Verizon Global Root CA, OU=OmniRoot, O=Verizon Business, C=US</Issuer>
            <SerialNumber>01</SerialNumber>
            <PublicKeyHash>4C3811B898005B5A2B703EAA78E4D5676767A77E</PublicKeyHash>
          </UniqueCertificateIdentifier>
          <UniqueCertificateIdentifier>
            <Issuer>CN=Cybertrust Global Root, O="Cybertrust, Inc"</Issuer>
            <SerialNumber>0400000000010F85AA2D48</SerialNumber>
            <PublicKeyHash>B6087B0D7ACCAC204C8656325ECFAB6E852D7057</PublicKeyHash>
          </UniqueCertificateIdentifier>
        </ReferencedCertificates>
        <Expiration>08/01/2016 12:00:00</Expiration>
      </PinRule>
      <PinRule>
        <ID>{a7eb31ee-8c95-4725-8562-350175c68312}</ID>
        <Name>MSSkypeCA</Name>
        <ReferencedCertificates>
          <UniqueCertificateIdentifier>
            <Issuer>CN=Baltimore CyberTrust Root, OU=CyberTrust, O=Baltimore, C=IE</Issuer>
            <SerialNumber>020000B9</SerialNumber>
            <PublicKeyHash>E59D5930824758CCACFA085436867B3AB5044DF0</PublicKeyHash>
          </UniqueCertificateIdentifier>
          <UniqueCertificateIdentifier>
            <Issuer>CN=VeriSign Class 3 Public Primary Certification Authority - G5, OU="(c) 2006 VeriSign, Inc. - For authorized use only", OU=VeriSign Trust Network, O="VeriSign, Inc.", C=US</Issuer>
            <SerialNumber>18DAD19E267DE8BB4A2158CDCC6B3B4A</SerialNumber>
            <PublicKeyHash>7FD365A7C2DDECBBF03009F34339FA02AF333133</PublicKeyHash>
          </UniqueCertificateIdentifier>
          <UniqueCertificateIdentifier>
            <Issuer>CN=GlobalSign Root CA, OU=Root CA, O=GlobalSign nv-sa, C=BE</Issuer>
            <SerialNumber>040000000001154B5AC394</SerialNumber>
            <PublicKeyHash>607B661A450D97CA89502F7D04CD34A8FFFCFD4B</PublicKeyHash>
          </UniqueCertificateIdentifier>
          <UniqueCertificateIdentifier>
            <Issuer>CN=GTE CyberTrust Global Root, OU="GTE CyberTrust Solutions, Inc.", O=GTE Corporation, C=US</Issuer>
            <SerialNumber>01A5</SerialNumber>
            <PublicKeyHash>A60C1D9F61FF0717B5BF3846DB4330D58EB05206</PublicKeyHash>
          </UniqueCertificateIdentifier>
          <UniqueCertificateIdentifier>
            <Issuer>CN=Verizon Global Root CA, OU=OmniRoot, O=Verizon Business, C=US</Issuer>
            <SerialNumber>01</SerialNumber>
            <PublicKeyHash>4C3811B898005B5A2B703EAA78E4D5676767A77E</PublicKeyHash>
          </UniqueCertificateIdentifier>
          <UniqueCertificateIdentifier>
            <Issuer>CN=Cybertrust Global Root, O="Cybertrust, Inc"</Issuer>
            <SerialNumber>0400000000010F85AA2D48</SerialNumber>
            <PublicKeyHash>B6087B0D7ACCAC204C8656325ECFAB6E852D7057</PublicKeyHash>
          </UniqueCertificateIdentifier>
        </ReferencedCertificates>
        <Expiration>08/01/2016 12:00:00</Expiration>
      </PinRule>
    </PinRules>
    <PinnedSites>
      <PinnedSite>
        <Domain>login.live.com</Domain>
        <PinRuleMember>{e5257bce-4448-4476-aa0d-4ade5e455277}</PinRuleMember>
        <Active>True</Active>
      </PinnedSite>
      <PinnedSite>
        <Domain>login.yahoo.com</Domain>
        <PinRuleMember>{9d57ebdb-63d9-4ed4-8395-dbad85cf8f0f}</PinRuleMember>
        <Active>True</Active>
      </PinnedSite>
      <PinnedSite>
        <Domain>secure.skype.com</Domain>
        <PinRuleMember>{a7eb31ee-8c95-4725-8562-350175c68312}</PinRuleMember>
        <Active>True</Active>
      </PinnedSite>
      <PinnedSite>
        <Domain>www.facebook.com</Domain>
        <PinRuleMember>{ff28f9de-d7d0-4ceb-b47f-57ef32665b23}</PinRuleMember>
        <Active>True</Active>
      </PinnedSite>
      <PinnedSite>
        <Domain>login.skype.com</Domain>
        <PinRuleMember>{a7eb31ee-8c95-4725-8562-350175c68312}</PinRuleMember>
        <Active>True</Active>
      </PinnedSite>
      <PinnedSite>
        <Domain>twitter.com</Domain>
        <PinRuleMember>{327e4d96-ad0f-4052-9078-fc53ad17bf4c}</PinRuleMember>
        <Active>True</Active>
      </PinnedSite>
      <PinnedSite>
        <Domain>login.microsoftonline.com</Domain>
        <PinRuleMember>{e07e76c3-68e4-4bc6-9dab-e8c0b9b5ba57}</PinRuleMember>
        <Active>True</Active>
      </PinnedSite>
    </PinnedSites>
  </Pinning>
</EMET>